item_id,order_id,product_id,quantity,unit_price,discount_percent
I000001,O000172,P0193,3,55885.69,10
I000002,O000702,P0070,3,49759.04,30
I000003,O000014,P0037,3,26158.29,10
I000004,O000105,P0042,5,56214.95,20
I000005,O000707,P0158,5,9857.82,25
I000006,O000822,P0194,4,14270.42,5
I000007,O000492,P0005,3,42034.02,20
I000008,O000782,P0134,2,46928.33,30
I000009,O000228,P0031,2,11502.11,5
I000010,O000081,P0034,1,25902.38,30
I000011,O000044,P0111,1,68375.5,0
I000012,O000122,P0121,1,61766.28,30
I000013,O000802,P0025,5,77568.23,5
I000014,O000360,P0172,2,28508.23,20
I000015,O000361,P0090,5,24737.6,20
I000016,O000070,P0146,5,54630.59,25
I000017,O000988,P0050,-5,13588.46,5
I000018,O000872,P0130,3,57040.95,25
I000019,O000186,P0028,4,59741.65,15
I000020,O000780,P0029,1,34011.63,15
I000021,O000370,P0196,5,52274.46,15
I000022,O000395,P0030,5,28495.83,30
I000023,O000232,P0114,3,34321.68,30
I000024,O000917,P0018,4,28052.88,0
I000025,O000504,P0173,4,56697.31,0
I000026,O000147,P0031,5,14264.03,5
I000027,O000373,P0017,3,39113.19,15
I000028,O000239,P0032,4,58667.75,20
I000029,O000280,P0152,4,52282.61,15
I000030,O000524,P0125,4,69999.29,15
I000031,O000644,P0060,1,3370.36,0
I000032,O000695,P0128,2,43920.38,5
I000033,O000637,P0078,1,38914.67,15
I000034,O000207,P0120,4,50039.85,10
I000035,O000560,P0139,1,49121.05,0
I000036,O000461,P0099,4,2808.92,5
I000037,O000676,P0143,3,33234.23,15
I000038,O000320,P0035,4,25637.47,15
I000039,O000568,P0169,5,63652.09,5
I000040,O000058,P0130,4,63562.84,25
I000041,O000785,P0091,3,15798.82,5
I000042,O000358,P0094,-5,1741.84,10
I000043,O000100,P0098,3,44614.87,5
I000044,O000241,P0064,5,61183.5,30
I000045,O000118,P0079,1,5270.59,25
I000046,O000582,P0109,4,24243.93,20
I000047,O000325,P0006,4,1075.63,15
I000048,O000708,P0026,3,16832.51,25
I000049,O000171,P0087,3,16280.04,25
I000050,O000861,P0020,2,3829.27,20
I000051,O000824,P0103,1,61832.15,20
I000052,O000280,P0087,5,16356.39,30
I000053,O000668,P0020,5,4782.87,20
I000054,O000205,P0081,3,32506.97,30
I000055,O000185,P0141,5,78545.73,5
I000056,O000986,P0170,4,29940.0,30
I000057,O000874,P0158,4,9920.5,0
I000058,O000206,P0134,2,68958.77,30
I000059,O000865,P0077,3,77316.2,25
I000060,O000867,P0053,3,60739.44,20
I000061,O000416,P0061,2,6725.19,30
I000062,O000476,P0080,4,80001.0,5
I000063,O000280,P0041,3,28886.82,20
I000064,O000660,P0046,4,59619.24,0
I000065,O000617,P0081,1,31737.72,10
I000066,O000674,P0172,4,25967.65,5
I000067,O000115,P0061,5,7789.96,30
I000068,O000973,P0149,5,7190.38,5
I000069,O000126,P0154,3,12559.55,15
I000070,O000762,P0192,4,26133.6,5
I000071,O000451,P0071,5,65837.71,25
I000072,O000325,P0029,4,41481.52,30
I000073,O000372,P0038,3,23208.37,20
I000074,O000862,P0009,1,47077.14,5
I000075,O000566,P0065,3,56310.02,20
I000076,O000879,P0061,1,7293.03,10
I000077,O000093,P0078,2,45454.58,5
I000078,O000647,P0113,4,67382.75,0
I000079,O000964,P0200,4,9799.96,15
I000080,O000845,P0026,3,13485.6,20
I000081,O000833,P0187,3,50545.28,0
I000082,O000657,P0165,4,65321.09,15
I000083,O000644,P0052,5,2621.48,20
I000084,O000993,P0183,2,86479.0,30
I000085,O000463,P0082,2,87020.62,30
I000086,O000819,P0084,1,19395.92,15
I000087,O000230,P0147,1,11651.66,25
I000088,O000929,P0059,4,80839.2,5
I000089,O000411,P0013,5,20560.39,10
I000090,O000970,P0044,1,57769.38,15
I000091,O000507,P0173,2,62039.59,30
I000092,O000295,P0069,4,79619.67,20
I000093,O000844,P0056,2,8038.31,5
I000094,O000298,P0008,2,50749.7,10
I000095,O000701,P0150,-1,39969.16,10
I000096,O000408,P0178,4,42798.46,10
I000097,O000098,P0019,1,57743.05,10
I000098,O000962,P0156,5,46963.97,0
I000099,O000517,P0065,3,55949.62,5
I000100,O000043,P0144,3,2003.2,10
I000101,O000136,P0120,5,50004.08,10
I000102,O000131,P0012,3,10650.79,10
I000103,O000628,P0068,3,14992.29,5
I000104,O000755,P0081,2,40322.78,25
I000105,O000055,P0113,1,58336.24,10
I000106,O000723,P0042,1,80812.55,0
I000107,O000366,P0114,5,35479.29,30
I000108,O000888,P0185,3,43574.06,5
I000109,O000768,P0044,3,64575.13,5
I000110,O999885,P0150,5,59234.38,5
I000111,O000511,P0197,-3,6975.54,25
I000112,O000404,P0032,1,43832.64,0
I000113,O000851,P0118,4,19816.23,20
I000114,O000006,P0169,1,75647.59,10
I000115,O000752,P0188,5,17621.7,30
I000116,O000290,P0165,1,81732.84,20
I000117,O000095,P0098,2,65093.61,15
I000118,O000022,P0023,2,38686.96,25
I000119,O000978,P0193,1,58856.07,25
I000120,O000926,P0080,2,53079.3,10
I000121,O000205,P0132,4,12864.05,15
I000122,O000775,P0024,3,27186.86,15
I000123,O000042,P0024,4,30188.0,25
I000124,O000954,P0040,5,45395.61,0
I000125,O000308,P0123,2,2033.12,5
I000126,O000438,P0134,1,74203.92,20
I000127,O000523,P0028,1,65853.26,30
I000128,O000364,P0065,1,39071.59,25
I000129,O000474,P0170,2,21640.15,15
I000130,O000305,P0181,4,61492.37,30
I000131,O000350,P0068,2,12223.08,20
I000132,O000893,P0067,4,1216.36,0
I000133,O000176,P0004,4,74765.0,25
I000134,O000744,P0155,5,13900.83,25
I000135,O000987,P0173,4,41701.47,5
I000136,O000196,P0004,1,53284.74,0
I000137,O000493,P0054,2,47216.18,30
I000138,O000196,P0138,4,56482.6,0
I000139,O000925,P0043,4,19307.17,30
I000140,O000600,P0116,3,46681.05,0
I000141,O000009,P0086,4,78471.33,25
I000142,O000611,P0149,3,5728.27,20
I000143,O000743,P0152,4,37660.3,0
I000144,O000591,P0109,1,23717.77,15
I000145,O000507,P0030,3,25227.85,5
I000146,O000744,P0074,3,24962.87,20
I000147,O000348,P0176,4,3901.44,25
I000148,O000983,P0100,3,47499.4,30
I000149,O000637,P0042,1,54239.91,5
I000150,O000621,P0041,4,32395.82,5
I000151,O000571,P0054,1,39104.57,25
I000152,O000179,P0041,5,25407.83,15
I000153,O000633,P0030,5,22903.31,10
I000154,O000788,P0091,5,12478.89,25
I000155,O000619,P0132,1,12083.19,15
I000156,O000114,P0194,5,20818.94,0
I000157,O000043,P0144,2,2383.2,10
I000158,O000746,P0041,4,32471.63,30
I000159,O000158,P0026,3,11818.9,5
I000160,O000993,P0113,1,87707.63,10
I000161,O000518,P0074,3,28036.66,10
I000162,O000681,P0162,5,1444.72,30
I000163,O000424,P0110,4,29402.37,25
I000164,O000967,P0093,2,4031.41,20
I000165,O000087,P0018,4,25001.65,0
I000166,O000778,P0101,2,46970.11,25
I000167,O000819,P0183,5,75937.02,25
I000168,O000567,P0180,3,55092.91,10
I000169,O000626,P0136,4,20382.42,20
I000170,O000808,P0160,4,55248.81,30
I000171,O000415,P0167,3,55531.02,15
I000172,O000737,P0186,2,64585.8,5
I000173,O000524,P0024,5,30020.37,0
I000174,O000912,P0008,5,49166.5,10
I000175,O000433,P0186,1,74105.14,10
I000176,O000520,P0161,1,14597.3,15
I000177,O000587,P0077,4,55670.17,25
I000178,O000580,P0149,5,5228.19,10
I000179,O000683,P0073,5,66686.19,20
I000180,O000254,P0189,5,24367.9,10
I000181,O000101,P0117,4,44587.48,0
I000182,O000910,P0109,2,20637.47,20
I000183,O000603,P0104,4,41453.53,25
I000184,O000451,P0109,4,21163.3,5
I000185,O000518,P0037,4,29052.65,30
I000186,O000121,P0136,4,26853.63,20
I000187,O000944,P0095,5,42370.53,10
I000188,O000297,P0147,2,9794.75,10
I000189,O000302,P0078,2,40256.98,0
I000190,O000911,P0079,2,6818.17,0
I000191,O000358,P0141,1,78402.61,20
I000192,O000922,P0116,4,44404.74,20
I000193,O000781,P0034,4,24678.58,5
I000194,O000334,P0187,5,63196.16,5
I000195,O000348,P0102,4,28605.99,30
I000196,O000725,P0043,3,15902.01,20
I000197,O000198,P0022,5,60155.98,20
I000198,O000194,P0134,5,49737.83,20
I000199,O000986,P0047,2,13070.61,20
I000200,O000087,P0114,5,37186.59,15
I000201,O000349,P0006,-4,1365.23,15
I000202,O000094,P0066,1,59223.76,5
I000203,O000787,P0066,3,72268.89,0
I000204,O000985,P0158,1,8010.95,0
I000205,O000146,P0082,3,97129.51,0
I000206,O000208,P0014,5,30464.09,30
I000207,O000395,P0130,3,66508.63,15
I000208,O000496,P0017,2,25340.2,20
I000209,O000692,P0151,5,51713.16,20
I000210,O000457,P0105,5,42018.72,10
I000211,O000173,P0139,5,50797.4,20
I000212,O999575,P0116,5,49446.16,0
I000213,O000956,P0016,3,42358.93,15
I000214,O000863,P0090,5,20854.84,5
I000215,O000547,P0190,3,51293.38,30
I000216,O000743,P0036,3,20722.95,20
I000217,O000906,P0082,3,98643.7,25
I000218,O000280,P0116,3,39199.58,20
I000219,O000017,P0085,2,27019.08,15
I000220,O999277,P0002,4,21532.79,15
I000221,O000403,P0196,1,79046.03,30
I000222,O000456,P0172,3,21906.45,20
I000223,O000397,P0092,1,40776.01,5
I000224,O000010,P0114,1,38818.35,25
I000225,O000197,P0092,5,50322.86,5
I000226,O000506,P0060,1,5218.82,25
I000227,O999940,P0156,4,36137.06,20
I000228,O000175,P0127,5,57263.84,5
I000229,O000603,P0017,1,40607.18,30
I000230,O000903,P0059,3,79984.18,25
I000231,O000546,P0174,5,56062.44,15
I000232,O000690,P0165,1,72783.36,30
I000233,O000281,P0105,5,31693.46,30
I000234,O000906,P0012,1,8428.77,15
I000235,O000006,P0081,3,34480.65,0
I000236,O000232,P0189,4,25355.61,5
I000237,O000338,P0043,-1,18919.95,0
I000238,O000817,P0152,3,42159.37,15
I000239,O000982,P0062,1,68819.47,5
I000240,O000795,P0019,4,70740.82,20
I000241,O000088,P0032,1,63348.19,25
I000242,O000802,P0017,4,35220.43,15
I000243,O000105,P0017,5,39211.63,15
I000244,O000633,P0025,2,73895.23,20
I000245,O000465,P0003,4,49777.37,10
I000246,O000961,P0167,1,49828.11,5
I000247,O000106,P0028,1,69426.32,20
I000248,O000653,P0033,3,19321.99,15
I000249,O000249,P0048,1,12956.45,15
I000250,O000983,P0132,3,14872.89,30
I000251,O000151,P0038,5,28514.38,0
I000252,O000601,P0133,2,66281.59,30
I000253,O000880,P0144,3,1709.21,5
I000254,O000350,P0018,4,37283.69,20
I000255,O000340,P0178,5,40501.67,15
I000256,O000167,P0085,1,43530.53,25
I000257,O000710,P0058,5,78517.1,30
I000258,O000827,P0085,2,41842.0,0
I000259,O000011,P0093,1,2985.72,15
I000260,O000647,P0050,3,9340.59,5
I000261,O000179,P0073,3,55406.94,20
I000262,O000183,P0063,2,56271.68,0
I000263,O000141,P0174,1,63836.85,15
I000264,O000379,P0062,2,84406.08,20
I000265,O000900,P0112,1,6700.25,30
I000266,O000197,P0049,3,58685.61,25
I000267,O000944,P0063,5,54959.49,10
I000268,O000336,P0039,3,81083.65,20
I000269,O000215,P0126,4,6395.69,5
I000270,O000398,P0131,5,24567.42,5
I000271,O000730,P0083,4,66984.96,10
I000272,O000411,P0149,5,5147.86,5
I000273,O000884,P0116,2,47778.55,20
I000274,O000958,P0041,3,26556.05,0
I000275,O000456,P0076,2,61203.31,20
I000276,O000437,P0087,4,22046.27,10
I000277,O000392,P0070,4,51321.35,10
I000278,O000302,P0022,5,61135.47,10
I000279,O000101,P0059,3,62442.13,5
I000280,O000338,P0173,3,55265.42,5
I000281,O000734,P0193,-3,46025.8,30
I000282,O000802,P0089,4,1661.96,0
I000283,O000670,P0121,2,49228.07,25
I000284,O000215,P0192,5,33384.21,15
I000285,O000834,P0185,1,31056.15,30
I000286,O000428,P0179,4,39574.99,5
I000287,O000895,P0148,1,4071.76,10
I000288,O000231,P0087,4,20955.82,10
I000289,O000602,P0084,1,19070.74,10
I000290,O000645,P0146,5,50915.93,15
I000291,O000972,P0053,5,68289.52,10
I000292,O000986,P0146,3,43199.38,20
I000293,O000033,P0046,5,64654.75,0
I000294,O000291,P0099,3,2871.09,0
I000295,O000531,P0095,3,50277.83,5
I000296,O000133,P0029,4,31810.1,30
I000297,O000134,P0053,3,76412.35,15
I000298,O000619,P0041,3,32537.99,25
I000299,O000283,P0118,2,18761.99,20
I000300,O000539,P0064,5,54813.83,20
I000301,O000755,P0011,4,90341.38,30
I000302,O000401,P0077,2,53857.81,20
I000303,O000443,P0188,2,11897.04,25
I000304,O000246,P0012,2,9341.94,10
I000305,O000939,P0171,2,43908.16,30
I000306,O000125,P0142,1,65251.13,30
I000307,O000420,P0084,3,17813.08,0
I000308,O000655,P0019,4,74755.2,30
I000309,O000407,P0050,3,14759.56,10
I000310,O000767,P0172,4,23915.14,5
I000311,O000973,P0183,4,92643.57,5
I000312,O000622,P0005,3,48517.01,5
I000313,O000688,P0020,3,4597.72,5
I000314,O000036,P0183,5,86913.78,30
I000315,O000831,P0163,1,29769.11,0
I000316,O000005,P0154,4,14635.37,10
I000317,O000205,P0062,-4,51607.92,30
I000318,O000697,P0050,2,9749.2,30
I000319,O000172,P0171,1,36933.63,10
I000320,O000576,P0083,5,68560.21,15
I000321,O000238,P0031,3,9641.12,25
I000322,O000013,P0081,4,35914.28,10
I000323,O000639,P0167,1,52087.66,30
I000324,O000512,P0154,1,13806.47,30
I000325,O000176,P0146,1,66817.15,25
I000326,O000695,P0100,2,44103.83,25
I000327,O000872,P0082,1,83880.53,20
I000328,O000392,P0115,2,57343.43,0
I000329,O000022,P0060,1,4857.24,30
I000330,O000635,P0063,2,41938.31,5
I000331,O000210,P0097,2,82316.52,15
I000332,O000899,P0190,3,53359.22,0
I000333,O000811,P0134,3,53075.42,25
I000334,O000351,P0085,5,43489.6,5
I000335,O000713,P0176,5,4397.61,5
I000336,O999990,P0114,4,30129.36,25
I000337,O000961,P0037,1,27001.03,30
I000338,O000242,P0053,4,62641.95,25
I000339,O000251,P0051,5,4146.29,15
I000340,O000207,P0163,4,40703.86,15
I000341,O000172,P0097,4,87685.85,30
I000342,O000840,P0040,-4,43393.63,30
I000343,O000778,P0022,3,64026.9,25
I000344,O000264,P0045,3,39868.89,20
I000345,O000074,P0124,4,12709.98,0
I000346,O000883,P0004,3,76561.25,15
I000347,O000383,P0191,3,57919.92,15
I000348,O000944,P0010,5,65877.99,10
I000349,O000936,P0198,3,13220.99,25
I000350,O000714,P0095,4,58823.92,5
I000351,O000036,P0123,3,2457.74,25
I000352,O000661,P0171,5,50106.06,10
I000353,O000617,P0064,-2,63503.92,25
I000354,O000939,P0183,5,62526.24,5
I000355,O000170,P0109,3,22087.64,20
I000356,O000908,P0169,3,69522.88,25
I000357,O000112,P0023,3,35974.66,5
I000358,O000408,P0192,1,37674.29,0
I000359,O000072,P0025,4,69600.26,25
I000360,O000175,P0111,2,57662.88,5
I000361,O000972,P0129,5,11214.74,0
I000362,O000188,P0192,2,39071.13,15
I000363,O000642,P0113,1,63284.02,10
I000364,O000387,P0022,1,80794.75,15
I000365,O000689,P0125,1,90035.54,0
I000366,O000597,P0171,1,46459.48,0
I000367,O000618,P0097,3,77418.38,10
I000368,O000440,P0155,3,15214.92,10
I000369,O000409,P0171,1,54517.16,30
I000370,O000004,P0026,4,17389.7,5
I000371,O000617,P0007,5,1561.44,30
I000372,O000378,P0064,4,60407.16,0
I000373,O000981,P0164,-3,4773.79,0
I000374,O000334,P0189,2,19933.78,20
I000375,O000357,P0021,4,38843.78,0
I000376,O000395,P0188,2,17670.77,20
I000377,O000517,P0184,4,19763.77,25
I000378,O000896,P0141,4,74965.15,20
I000379,O000250,P0062,1,84960.12,0
I000380,O000952,P0042,4,57279.01,10
I000381,O000488,P0171,1,55657.98,25
I000382,O000504,P0186,3,76959.63,30
I000383,O000067,P0154,4,13515.48,25
I000384,O000670,P0098,5,55522.09,5
I000385,O000266,P0058,1,72947.32,20
I000386,O000763,P0049,5,71574.88,15
I000387,O999163,P0148,5,4426.85,15
I000388,O000790,P0082,2,83605.41,5
I000389,O999972,P0028,4,68695.76,10
I000390,O000512,P0057,2,33282.14,25
I000391,O000036,P0180,3,79962.97,10
I000392,O000588,P0181,2,69508.43,15
I000393,O000830,P0016,2,44078.02,5
I000394,O000754,P0180,2,81380.41,10
I000395,O000935,P0169,1,56712.18,25
I000396,O000357,P0122,4,10966.3,10
I000397,O000946,P0179,5,42182.02,30
I000398,O000887,P0149,3,5016.68,5
I000399,O000713,P0114,2,41022.32,5
I000400,O999843,P0189,5,23976.15,30
I000401,O000386,P0038,4,25453.55,0
I000402,O000365,P0025,2,52247.23,20
I000403,O000347,P0167,2,51894.07,0
I000404,O000247,P0031,3,15620.3,25
I000405,O000385,P0191,1,65591.14,25
I000406,O000282,P0098,4,46436.53,0
I000407,O000501,P0032,5,55311.12,20
I000408,O000281,P0123,1,1898.39,15
I000409,O000720,P0166,5,33638.55,25
I000410,O000190,P0138,1,68108.51,30
I000411,O000501,P0136,5,27718.24,25
I000412,O000772,P0032,1,55635.86,5
I000413,O000569,P0002,3,15967.73,5
I000414,O000166,P0168,3,11904.25,0
I000415,O000306,P0130,5,83849.13,25
I000416,O000255,P0001,5,46084.63,20
I000417,O000144,P0114,3,44256.26,10
I000418,O000552,P0156,1,31407.59,0
I000419,O000146,P0049,2,63935.24,5
I000420,O000368,P0152,5,49463.5,10
I000421,O000666,P0098,4,70077.31,25
I000422,O000963,P0109,5,23510.96,10
I000423,O000714,P0163,3,35357.18,20
I000424,O000168,P0155,2,15024.06,15
I000425,O000988,P0007,1,1442.31,25
I000426,O000417,P0141,1,69343.2,10
I000427,O000890,P0038,-3,28641.42,5
I000428,O000975,P0097,1,87426.88,10
I000429,O000842,P0151,1,70001.54,30
I000430,O000565,P0073,1,50315.32,30
I000431,O000186,P0100,5,49198.53,15
I000432,O000607,P0123,1,2499.29,25
I000433,O000147,P0033,3,19328.91,10
I000434,O000797,P0182,5,23477.42,15
I000435,O000818,P0091,3,14569.22,25
I000436,O000313,P0059,1,70014.93,10
I000437,O000650,P0024,2,23405.75,0
I000438,O000762,P0022,4,58522.0,15
I000439,O000521,P0174,2,75212.95,25
I000440,O000715,P0137,1,46798.45,25
I000441,O000732,P0002,5,17099.12,25
I000442,O000974,P0170,5,21599.5,15
I000443,O000691,P0044,5,49997.44,10
I000444,O000527,P0035,1,23285.94,10
I000445,O000347,P0029,2,39586.41,30
I000446,O000298,P0031,3,9559.92,25
I000447,O000404,P0146,3,66217.19,20
I000448,O000958,P0010,5,45341.13,0
I000449,O000472,P0158,3,8241.28,25
I000450,O000412,P0048,1,12140.28,20
I000451,O000921,P0132,1,9396.24,30
I000452,O000257,P0169,4,57548.18,5
I000453,O000832,P0138,4,56996.25,5
I000454,O000766,P0091,3,16696.33,0
I000455,O000292,P0049,4,55695.07,0
I000456,O000683,P0042,4,82667.8,0
I000457,O000501,P0108,2,4009.82,15
I000458,O000744,P0129,4,16351.21,30
I000459,O000130,P0006,-5,1470.62,0
I000460,O000850,P0174,5,72201.35,10
I000461,O000498,P0073,4,49765.66,20
I000462,O000256,P0048,1,17838.11,5
I000463,O000841,P0171,4,53066.98,25
I000464,O000515,P0187,2,69204.86,25
I000465,O000235,P0039,4,85873.01,5
I000466,O000019,P0110,1,27421.9,20
I000467,O000717,P0079,2,6603.16,0
I000468,O000438,P0131,3,22677.41,10
I000469,O000429,P0183,1,59368.48,25
I000470,O000330,P0191,4,58425.06,15
I000471,O000259,P0048,3,11525.12,25
I000472,O000700,P0004,2,70741.13,10
I000473,O000798,P0191,5,59637.83,5
I000474,O000394,P0150,1,54882.48,0
I000475,O000601,P0011,2,75036.53,0
I000476,O000965,P0020,3,4885.04,30
I000477,O000547,P0052,1,3033.23,25
I000478,O000913,P0065,5,61712.71,15
I000479,O000735,P0162,4,1604.24,20
I000480,O000171,P0006,2,1653.31,0
I000481,O000195,P0178,4,38900.95,20
I000482,O000170,P0020,5,5640.17,15
I000483,O000279,P0156,1,34926.49,25
I000484,O000901,P0003,5,51856.64,20
I000485,O000311,P0067,3,1657.65,5
I000486,O000047,P0058,3,65332.51,10
I000487,O000277,P0035,1,21673.89,30
I000488,O000548,P0054,3,54903.8,10
I000489,O000970,P0022,5,63283.62,20
I000490,O000333,P0076,1,53543.03,10
I000491,O000263,P0046,5,90770.15,30
I000492,O000109,P0150,4,43007.23,25
I000493,O000619,P0163,4,29118.35,20
I000494,O000828,P0162,4,1447.68,25
I000495,O000378,P0112,4,4647.62,5
I000496,O000194,P0046,2,58305.21,5
I000497,O000838,P0046,5,62999.96,15
I000498,O000466,P0063,4,47311.01,25
I000499,O000828,P0193,1,38895.9,30
I000500,O000782,P0004,1,71650.94,10
I000501,O000962,P0037,1,19891.8,30
I000502,O000556,P0028,3,47009.26,5
I000503,O000778,P0123,4,2041.0,15
I000504,O000250,P0040,3,37435.11,30
I000505,O000106,P0012,1,10256.79,5
I000506,O000935,P0001,2,42332.37,25
I000507,O000232,P0074,4,27539.37,0
I000508,O000174,P0126,2,7426.8,10
I000509,O000631,P0020,3,5987.83,0
I000510,O000155,P0155,5,11041.66,15
I000511,O000915,P0039,3,61618.87,0
I000512,O000939,P0070,3,55277.21,25
I000513,O999252,P0020,2,4678.18,25
I000514,O000835,P0123,5,2514.52,5
I000515,O000331,P0024,2,26041.29,15
I000516,O000493,P0109,4,23588.64,5
I000517,O000944,P0168,4,15810.86,15
I000518,O000550,P0137,4,42994.51,20
I000519,O000796,P0148,2,3272.71,0
I000520,O000872,P0053,5,56491.05,0
I000521,O000934,P0016,2,29768.92,30
I000522,O000996,P0142,4,75779.99,0
I000523,O000142,P0192,2,24824.86,15
I000524,O000056,P0096,5,33060.19,30
I000525,O000031,P0041,2,25625.56,20
I000526,O000154,P0107,4,54261.79,25
I000527,O000482,P0077,3,68777.25,0
I000528,O000114,P0074,1,20809.23,5
I000529,O000406,P0003,4,54716.69,20
I000530,O000314,P0129,4,11788.17,0
I000531,O000387,P0134,2,58336.65,0
I000532,O000402,P0057,5,31893.69,25
I000533,O000489,P0120,4,47289.1,30
I000534,O000663,P0096,3,22316.17,20
I000535,O000867,P0200,2,10916.7,0
I000536,O000612,P0055,3,21978.39,0
I000537,O000276,P0062,5,70320.94,30
I000538,O000047,P0124,1,7935.3,10
I000539,O000290,P0193,5,57596.18,25
I000540,O000998,P0092,1,52243.35,20
I000541,O000515,P0026,-2,16720.45,15
I000542,O000890,P0151,3,69426.33,0
I000543,O000096,P0161,2,13796.88,25
I000544,O000788,P0037,5,29371.52,25
I000545,O000953,P0134,4,56452.42,10
I000546,O000877,P0160,1,52622.52,15
I000547,O000214,P0062,5,56304.8,25
I000548,O000100,P0128,2,36470.09,30
I000549,O000511,P0023,3,36515.33,0
I000550,O000591,P0072,1,32326.04,15
I000551,O000485,P0067,4,1325.09,0
I000552,O000500,P0146,3,63467.02,25
I000553,O000452,P0034,5,21336.0,25
I000554,O000519,P0106,1,27661.8,25
I000555,O000717,P0063,1,37472.41,15
I000556,O000584,P0041,1,38577.44,25
I000557,O000358,P0024,5,27619.06,0
I000558,O000750,P0047,4,10071.16,10
I000559,O000325,P0017,5,36748.09,15
I000560,O000286,P0030,5,25667.43,25
I000561,O000328,P0055,5,20178.95,30
I000562,O000809,P0093,4,3111.32,0
I000563,O000701,P0195,3,26415.19,0
I000564,O000415,P0071,4,65556.28,25
I000565,O000189,P0067,1,1557.79,30
I000566,O000169,P0077,4,65271.1,30
I000567,O000989,P0042,3,68930.11,30
I000568,O000575,P0003,5,52208.26,20
I000569,O000149,P0158,-3,10677.41,5
I000570,O000886,P0128,4,44788.66,15
I000571,O000650,P0033,5,14927.12,5
I000572,O000714,P0108,2,3038.96,5
I000573,O000996,P0049,1,56686.0,10
I000574,O000515,P0079,1,7367.11,15
I000575,O000421,P0106,5,31922.33,10
I000576,O000949,P0030,4,26746.08,5
I000577,O000447,P0139,4,45446.81,30
I000578,O000090,P0026,1,11042.93,15
I000579,O000509,P0027,5,517.89,15
I000580,O000596,P0129,3,11389.27,30
I000581,O000565,P0117,2,69069.26,10
I000582,O000423,P0119,-4,67403.31,5
I000583,O000291,P0130,3,81329.7,15
I000584,O999524,P0173,-1,43428.23,10
I000585,O000840,P0133,3,81209.92,15
I000586,O000570,P0062,2,64513.91,0
I000587,O000440,P0148,4,3156.76,10
I000588,O000163,P0133,1,53707.01,0
I000589,O000591,P0162,3,1386.93,10
I000590,O000096,P0053,-4,78499.68,5
I000591,O000633,P0008,1,32155.15,25
I000592,O000465,P0034,3,24511.21,5
I000593,O000199,P0077,2,73980.01,15
I000594,O000267,P0198,3,10928.31,0
I000595,O000594,P0164,1,5378.64,0
I000596,O000290,P0037,2,26281.45,10
I000597,O000401,P0054,1,44117.2,25
I000598,O000216,P0020,4,5279.35,15
I000599,O000185,P0042,2,70957.62,30
I000600,O000121,P0009,3,43481.82,20
I000601,O000163,P0002,3,16595.42,0
I000602,O000024,P0138,2,54807.75,5
I000603,O000336,P0008,1,51435.26,10
I000604,O000494,P0071,1,66421.37,10
I000605,O000764,P0120,4,53967.58,5
I000606,O000178,P0065,3,41303.79,30
I000607,O000602,P0197,2,6356.82,15
I000608,O000611,P0109,3,23265.07,15
I000609,O000581,P0052,1,3778.39,20
I000610,O000601,P0065,5,55275.42,20
I000611,O000408,P0091,2,14581.47,5
I000612,O000252,P0092,3,49692.85,0
I000613,O000327,P0003,3,48561.58,10
I000614,O000576,P0060,3,4400.04,0
I000615,O000285,P0144,1,2157.43,25
I000616,O000446,P0194,3,13679.8,15
I000617,O000048,P0128,4,39357.06,20
I000618,O000606,P0084,-5,17504.03,30
I000619,O000005,P0148,3,4652.68,0
I000620,O000941,P0137,3,30465.15,0
I000621,O000741,P0107,3,45867.96,20
I000622,O000321,P0199,1,63036.93,15
I000623,O000870,P0127,1,66378.56,0
I000624,O000230,P0008,1,52567.16,30
I000625,O000742,P0177,2,637.96,30
I000626,O000836,P0095,1,62306.28,10
I000627,O000114,P0012,3,8030.46,20
I000628,O000277,P0098,2,46433.7,10
I000629,O000772,P0038,4,33082.67,20
I000630,O000247,P0136,4,21778.33,25
I000631,O000232,P0124,3,9747.69,30
I000632,O000676,P0063,2,36768.53,15
I000633,O000218,P0016,2,34131.04,15
I000634,O000349,P0027,5,652.0,10
I000635,O000968,P0195,4,39162.74,0
I000636,O000225,P0034,4,26963.28,20
I000637,O000799,P0052,1,2631.56,10
I000638,O000664,P0148,4,4234.3,5
I000639,O000916,P0005,-3,46794.88,15
I000640,O000272,P0091,5,14597.24,5
I000641,O000515,P0102,3,23629.38,0
I000642,O000665,P0013,4,21859.29,5
I000643,O000283,P0153,4,8931.77,0
I000644,O000255,P0166,2,44140.37,20
I000645,O000245,P0069,1,80507.07,25
I000646,O000415,P0184,1,25498.88,25
I000647,O000508,P0069,2,60415.52,20
I000648,O999289,P0074,5,26386.33,25
I000649,O000874,P0079,2,7478.63,5
I000650,O000341,P0048,2,15490.75,15
I000651,O000022,P0086,3,55821.81,30
I000652,O000609,P0003,4,46702.19,5
I000653,O000113,P0121,1,70965.36,30
I000654,O000538,P0059,2,58758.19,30
I000655,O000344,P0189,3,18435.46,15
I000656,O000374,P0065,3,47252.24,20
I000657,O000680,P0199,5,50796.09,20
I000658,O000656,P0187,4,71460.86,5
I000659,O000510,P0092,5,53917.12,10
I000660,O000763,P0053,4,85257.5,25
I000661,O000558,P0174,4,88690.78,5
I000662,O000933,P0068,3,14849.15,10
I000663,O000196,P0080,5,77623.77,0
I000664,O000815,P0111,3,83860.43,15
I000665,O000151,P0176,2,3893.58,20
I000666,O000167,P0171,3,41230.6,15
I000667,O000223,P0011,5,76679.22,0
I000668,O000361,P0111,1,55615.1,10
I000669,O000682,P0129,5,10551.86,10
I000670,O000751,P0037,5,23600.35,0
I000671,O000956,P0122,4,12149.0,0
I000672,O000943,P0067,3,1563.67,10
I000673,O000143,P0149,2,5778.42,5
I000674,O000313,P0078,5,37781.98,5
I000675,O000802,P0097,4,79511.12,25
I000676,O000516,P0081,3,32081.6,15
I000677,O000473,P0106,-5,29247.59,0
I000678,O000144,P0194,3,18364.29,10
I000679,O000636,P0033,5,13493.26,30
I000680,O000129,P0101,1,68232.43,20
I000681,O000860,P0118,1,20066.2,0
I000682,O000609,P0086,3,73191.49,30
I000683,O000125,P0016,5,28119.1,5
I000684,O000148,P0133,4,79092.85,25
I000685,O000309,P0040,1,48980.83,5
I000686,O999718,P0030,1,22764.99,0
I000687,O000026,P0122,4,11947.76,10
I000688,O000496,P0104,2,40706.04,30
I000689,O000698,P0157,5,19833.38,0
I000690,O000146,P0048,2,16031.65,20
I000691,O000488,P0052,3,3888.51,15
I000692,O000684,P0095,4,42291.59,15
I000693,O000152,P0109,4,20859.77,20
I000694,O000035,P0078,5,46392.63,10
I000695,O000480,P0036,4,30060.65,10
I000696,O000877,P0129,2,14678.26,15
I000697,O000065,P0132,2,13837.73,10
I000698,O000733,P0118,2,18261.78,10
I000699,O000070,P0101,4,59451.05,25
I000700,O000590,P0047,5,12002.83,5
I000701,O000332,P0179,5,54766.9,15
I000702,O000047,P0018,2,32526.76,15
I000703,O000488,P0174,2,86169.86,25
I000704,O000108,P0061,2,7258.77,15
I000705,O000064,P0017,1,37543.1,15
I000706,O000384,P0196,1,60167.63,25
I000707,O000387,P0116,5,33917.47,15
I000708,O000696,P0113,2,73460.99,20
I000709,O000089,P0050,1,14105.41,0
I000710,O000793,P0093,5,3346.22,25
I000711,O000981,P0187,5,77187.22,20
I000712,O000513,P0122,5,11590.11,30
I000713,O000450,P0018,4,31083.01,5
I000714,O000306,P0133,4,69398.4,10
I000715,O000230,P0006,3,1179.07,25
I000716,O000070,P0092,2,34329.75,20
I000717,O000874,P0062,5,64715.01,0
I000718,O000715,P0140,5,26005.02,10
I000719,O000031,P0168,4,14227.2,30
I000720,O000143,P0016,3,39169.52,0
I000721,O000506,P0061,5,8487.8,30
I000722,O000355,P0010,4,61496.18,0
I000723,O000491,P0142,3,52218.66,15
I000724,O000231,P0130,4,77229.44,5
I000725,O000954,P0006,2,1589.01,25
I000726,O000756,P0176,4,4928.87,25
I000727,O000441,P0033,5,16832.11,20
I000728,O000361,P0095,4,45734.05,0
I000729,O000011,P0151,5,79242.48,0
I000730,O000256,P0185,1,35669.16,10
I000731,O000322,P0012,2,7154.19,15
I000732,O000674,P0123,1,2753.54,5
I000733,O000723,P0127,3,64228.93,15
I000734,O000310,P0183,5,85208.59,20
I000735,O000327,P0069,5,62397.04,15
I000736,O000974,P0181,3,76064.92,30
I000737,O000237,P0134,5,57476.76,30
I000738,O000037,P0037,4,25747.95,0
I000739,O000511,P0006,3,1268.47,30
I000740,O000062,P0022,5,58837.87,15
I000741,O000455,P0099,2,3949.95,20
I000742,O000677,P0014,5,37254.68,20
I000743,O000915,P0194,3,18458.18,30
I000744,O000350,P0008,5,40635.31,25
I000745,O000771,P0189,1,25727.8,25
I000746,O000880,P0074,5,25770.66,20
I000747,O000532,P0197,4,7971.04,5
I000748,O000930,P0034,3,19926.83,20
I000749,O000346,P0076,1,57978.23,25
I000750,O000802,P0065,-5,46560.52,25
I000751,O000857,P0083,2,50949.69,0
I000752,O000038,P0120,4,58417.67,15
I000753,O000594,P0015,3,49744.82,0
I000754,O000185,P0113,3,75772.84,5
I000755,O000179,P0162,5,1448.47,25
I000756,O000189,P0010,4,44888.71,25
I000757,O000063,P0059,3,55677.98,30
I000758,O000554,P0091,5,12161.36,20
I000759,O000116,P0114,2,36856.77,30
I000760,O000426,P0175,4,16034.69,10
I000761,O000808,P0156,4,38116.75,10
I000762,O000032,P0160,1,38181.09,20
I000763,O000109,P0007,3,1619.38,20
I000764,O000730,P0149,2,6280.1,25
I000765,O000154,P0186,1,77809.21,5
I000766,O000516,P0145,5,47644.75,0
I000767,O000818,P0136,4,24150.21,10
I000768,O000200,P0069,3,61790.49,30
I000769,O000371,P0197,3,5165.88,5
I000770,O000751,P0114,4,32969.13,20
I000771,O000937,P0020,4,4822.6,15
I000772,O000584,P0059,2,64081.39,15
I000773,O000599,P0173,5,46935.06,10
I000774,O000084,P0031,5,13211.32,25
I000775,O000203,P0198,-4,10775.52,10
I000776,O000568,P0196,4,53733.09,0
I000777,O000025,P0111,1,80376.59,15
I000778,O000363,P0109,5,19799.49,10
I000779,O000606,P0087,1,14782.67,25
I000780,O000973,P0091,4,16934.22,15
I000781,O000776,P0075,2,60391.47,20
I000782,O000086,P0131,1,22754.05,25
I000783,O000389,P0117,2,58852.96,30
I000784,O000238,P0025,3,65179.62,20
I000785,O000521,P0149,4,5681.19,30
I000786,O000977,P0046,2,68164.62,20
I000787,O000102,P0081,2,29521.61,15
I000788,O000907,P0058,3,89327.86,5
I000789,O000286,P0171,2,46146.21,5
I000790,O000613,P0008,5,35735.66,15
I000791,O000379,P0007,5,1380.79,5
I000792,O000303,P0117,1,54461.29,10
I000793,O000886,P0023,3,32872.24,10
I000794,O000763,P0021,1,33075.31,10
I000795,O000646,P0117,1,51150.77,0
I000796,O000103,P0111,5,79512.38,25
I000797,O000037,P0161,1,12474.68,30
I000798,O000690,P0057,4,46790.13,25
I000799,O000290,P0128,1,47506.89,25
I000800,O000004,P0055,4,22066.49,5
I000801,O000429,P0010,5,60665.52,25
I000802,O000496,P0090,2,27403.83,10
I000803,O000497,P0172,4,23856.59,10
I000804,O000225,P0025,3,62902.02,5
I000805,O000436,P0170,4,30257.71,10
I000806,O000408,P0179,4,61143.32,20
I000807,O000704,P0106,3,22129.6,30
I000808,O000063,P0105,3,30946.81,15
I000809,O000436,P0114,1,39666.31,10
I000810,O000839,P0163,4,34118.14,5
I000811,O000212,P0138,1,62108.43,10
I000812,O000620,P0034,1,18108.53,25
I000813,O000935,P0086,5,51761.96,5
I000814,O000549,P0093,2,3445.87,25
I000815,O000298,P0059,3,63004.32,25
I000816,O000963,P0064,1,56669.22,20
I000817,O000811,P0102,2,20318.84,25
I000818,O000705,P0198,3,15377.54,15
I000819,O000411,P0168,3,12226.26,20
I000820,O000721,P0185,-4,41264.49,20
I000821,O000942,P0155,5,11126.5,20
I000822,O000804,P0080,5,59931.32,15
I000823,O000103,P0052,5,2832.45,0
I000824,O000991,P0057,3,48686.85,20
I000825,O000251,P0130,4,82981.03,30
I000826,O000732,P0140,2,16403.98,30
I000827,O000458,P0060,5,3929.81,5
I000828,O001000,P0162,5,1976.94,15
I000829,O000256,P0152,4,47621.54,25
I000830,O000779,P0146,4,48777.09,10
I000831,O000038,P0039,5,81770.7,10
I000832,O000215,P0177,4,520.05,25
I000833,O000330,P0061,4,9087.13,25
I000834,O000944,P0021,1,37192.32,5
I000835,O000767,P0134,2,75880.41,0
I000836,O000508,P0109,5,24829.45,20
I000837,O999220,P0108,4,3931.11,25
I000838,O000536,P0070,3,39852.89,10
I000839,O000702,P0134,5,57441.86,20
I000840,O000484,P0065,3,57208.87,30
I000841,O000169,P0035,-4,23747.03,5
I000842,O000069,P0121,1,48090.98,25
I000843,O000551,P0025,1,63597.25,5
I000844,O000359,P0018,2,22745.4,5
I000845,O000292,P0071,4,58464.82,20
I000846,O000413,P0197,5,6905.36,0
I000847,O000157,P0152,2,42540.25,0
I000848,O000817,P0033,4,19733.3,20
I000849,O000284,P0155,5,12959.52,5
I000850,O000803,P0001,2,59188.91,5
I000851,O000169,P0037,1,31575.43,0
I000852,O000524,P0036,4,22130.92,20
I000853,O000121,P0195,4,31451.69,15
I000854,O000320,P0091,3,18011.84,30
I000855,O000979,P0055,3,30220.32,20
I000856,O000502,P0114,3,36634.94,15
I000857,O000357,P0167,3,61890.0,10
I000858,O000435,P0187,5,80106.17,5
I000859,O000384,P0098,1,53344.42,5
I000860,O000601,P0002,1,23682.81,20
I000861,O000622,P0004,3,59915.2,25
I000862,O000260,P0181,1,73266.99,30
I000863,O000950,P0184,5,21836.89,15
I000864,O000896,P0192,5,25017.54,0
I000865,O000916,P0157,2,19657.51,15
I000866,O000058,P0031,1,15005.14,10
I000867,O000671,P0050,1,13262.65,10
I000868,O000174,P0182,5,22379.81,0
I000869,O000413,P0171,1,53413.76,20
I000870,O000747,P0038,2,27090.75,5
I000871,O000518,P0177,1,591.05,0
I000872,O000478,P0088,1,5078.81,0
I000873,O000187,P0024,2,29893.01,0
I000874,O000174,P0197,2,6268.93,25
I000875,O000316,P0064,2,62585.0,10
I000876,O000389,P0014,2,31565.59,15
I000877,O000856,P0058,2,71151.41,25
I000878,O000271,P0113,3,70224.72,25
I000879,O000461,P0134,2,71669.03,15
I000880,O000551,P0040,4,53299.49,30
I000881,O000213,P0074,5,27891.01,10
I000882,O000526,P0024,3,24751.42,0
I000883,O000675,P0133,4,68913.98,10
I000884,O000387,P0145,1,37495.15,10
I000885,O000163,P0003,3,56442.19,5
I000886,O000314,P0092,5,33173.77,30
I000887,O000468,P0158,4,8793.08,5
I000888,O000741,P0065,3,48989.38,0
I000889,O000782,P0060,5,4180.02,10
I000890,O000411,P0148,2,4568.75,20
I000891,O000966,P0179,5,42155.9,10
I000892,O000994,P0014,2,29940.32,5
I000893,O000001,P0118,2,14538.37,0
I000894,O000242,P0048,4,12477.75,25
I000895,O000866,P0143,1,36840.3,15
I000896,O000704,P0141,2,82009.78,30
I000897,O000724,P0119,1,65379.5,5
I000898,O000792,P0103,3,66359.9,15
I000899,O000404,P0153,3,12435.49,20
I000900,O000228,P0007,2,1327.05,10
I000901,O999713,P0129,4,14274.77,5
I000902,O000193,P0128,3,37075.62,25
I000903,O000436,P0047,3,13756.01,0
I000904,O000982,P0067,2,1762.81,30
I000905,O000477,P0028,3,47496.86,30
I000906,O000823,P0104,2,41262.18,15
I000907,O000466,P0176,4,3381.76,15
I000908,O000760,P0067,5,1945.26,20
I000909,O000800,P0096,3,34960.16,0
I000910,O000435,P0046,4,60565.35,0
I000911,O000971,P0087,5,19275.71,20
I000912,O000894,P0187,1,50958.74,30
I000913,O000472,P0126,5,5299.26,10
I000914,O000304,P0173,1,44094.16,10
I000915,O000018,P0107,3,50585.09,10
I000916,O000038,P0188,4,11811.39,0
I000917,O000745,P0033,4,15414.15,15
I000918,O000633,P0177,5,441.92,10
I000919,O000040,P0096,1,35080.33,0
I000920,O000950,P0087,3,14564.03,25
I000921,O000739,P0066,1,64135.99,0
I000922,O000585,P0050,3,12451.54,30
I000923,O000711,P0063,3,40038.06,15
I000924,O000765,P0071,2,70304.75,20
I000925,O000932,P0103,3,56744.1,0
I000926,O000673,P0107,3,55279.17,25
I000927,O000100,P0082,1,68466.18,20
I000928,O000746,P0074,4,26543.68,10
I000929,O000399,P0139,-5,37986.23,10
I000930,O000156,P0114,4,39124.03,25
I000931,O000262,P0100,5,44021.85,20
I000932,O000086,P0089,5,1318.95,10
I000933,O000691,P0116,2,33337.74,10
I000934,O000442,P0145,1,41684.27,25
I000935,O000241,P0126,5,6372.21,30
I000936,O000100,P0032,2,54884.25,5
I000937,O000786,P0041,4,30093.34,5
I000938,O000923,P0108,3,3772.33,25
I000939,O000984,P0176,3,4421.62,5
I000940,O000507,P0104,3,38771.62,30
I000941,O000410,P0046,5,86743.45,25
I000942,O000700,P0045,4,40782.15,15
I000943,O000194,P0106,5,27221.03,20
I000944,O000614,P0021,4,30075.39,5
I000945,O000583,P0043,1,14912.28,20
I000946,O000399,P0168,2,12884.3,10
I000947,O000896,P0186,4,76630.68,10
I000948,O000301,P0034,1,22332.34,5
I000949,O000618,P0176,2,5379.46,20
I000950,O000114,P0165,3,96174.63,5
I000951,O000740,P0119,1,78455.23,15
I000952,O000482,P0134,1,75440.17,25
I000953,O000124,P0138,5,59782.77,0
I000954,O000493,P0113,1,72106.29,30
I000955,O000788,P0186,4,63660.73,25
I000956,O000439,P0113,1,66944.52,30
I000957,O000772,P0149,2,6502.79,5
I000958,O000815,P0063,3,50001.45,0
I000959,O000921,P0118,2,14870.58,25
I000960,O000339,P0114,3,37285.13,30
I000961,O000152,P0036,1,22660.99,10
I000962,O000299,P0183,2,71404.32,25
I000963,O000690,P0113,2,68077.69,15
I000964,O000653,P0066,2,54679.58,0
I000965,O000373,P0067,5,1711.21,5
I000966,O000660,P0089,5,1379.71,30
I000967,O000664,P0125,5,79327.86,15
I000968,O000685,P0004,3,53859.44,5
I000969,O000624,P0072,1,27147.31,15
I000970,O000935,P0146,1,63163.96,30
I000971,O000920,P0135,2,39401.57,25
I000972,O000975,P0026,1,17926.29,30
I000973,O000551,P0190,1,47199.1,5
I000974,O000817,P0066,2,73555.03,5
I000975,O000624,P0011,3,65173.58,30
I000976,O000928,P0017,5,28495.74,5
I000977,O000780,P0150,4,58285.51,0
I000978,O000809,P0082,2,77251.53,15
I000979,O000103,P0051,2,4180.21,0
I000980,O000441,P0149,1,5857.81,25
I000981,O000604,P0050,5,15218.14,10
I000982,O000417,P0194,4,16142.53,15
I000983,O000291,P0132,3,12671.58,10
I000984,O000695,P0071,3,52174.6,30
I000985,O999621,P0047,4,9948.63,30
I000986,O000690,P0111,4,74266.68,30
I000987,O000199,P0047,2,11862.66,10
I000988,O000544,P0197,3,5469.28,25
I000989,O000332,P0040,4,54255.48,20
I000990,O000161,P0170,5,30157.97,30
I000991,O000799,P0107,2,47597.04,30
I000992,O000380,P0078,3,44873.05,10
I000993,O000316,P0116,4,30116.21,15
I000994,O000992,P0015,2,54972.85,0
I000995,O000208,P0181,3,59080.77,10
I000996,O000810,P0110,5,24783.76,5
I000997,O000516,P0159,3,43927.21,10
I000998,O000492,P0186,5,78205.06,0
I000999,O000676,P0200,4,13298.15,20
I001000,O000061,P0097,3,73346.52,10
I001001,O000484,P0029,1,38314.44,15
I001002,O000895,P0039,3,71095.48,15
I001003,O000336,P0063,3,54092.87,25
I001004,O000144,P0006,1,1480.59,25
I001005,O000981,P0081,4,28539.09,10
I001006,O000234,P0120,3,70200.86,10
I001007,O000619,P0066,1,71062.48,15
I001008,O000826,P0102,1,20799.29,20
I001009,O000017,P0096,1,33564.32,10
I001010,O000504,P0138,3,65668.35,20
I001011,O000998,P0024,1,32310.26,30
I001012,O000588,P0023,5,34385.74,0
I001013,O000701,P0197,3,7640.83,25
I001014,O000667,P0039,2,63439.64,20
I001015,O000710,P0200,4,10167.55,10
I001016,O000639,P0002,-1,17865.33,5
I001017,O000877,P0067,3,1739.6,5
I001018,O000842,P0198,3,14725.39,20
I001019,O000194,P0040,2,36923.56,20
I001020,O000968,P0155,2,16119.95,10
I001021,O000951,P0081,2,27681.6,10
I001022,O000959,P0060,-3,5160.5,15
I001023,O000855,P0032,1,59474.78,25
I001024,O000390,P0054,4,37879.21,15
I001025,O000835,P0152,2,50150.13,20
I001026,O000167,P0032,1,59387.3,10
I001027,O000325,P0192,2,37404.34,10
I001028,O000262,P0123,-4,2123.03,15
I001029,O000985,P0103,3,53852.1,0
I001030,O000969,P0112,3,6084.05,25
I001031,O000830,P0165,-4,98384.72,25
I001032,O000919,P0166,2,30913.33,0
I001033,O000532,P0033,4,13559.66,30
I001034,O000888,P0054,3,42526.17,5
I001035,O000177,P0108,5,3970.11,30
I001036,O000186,P0172,1,17862.32,5
I001037,O000414,P0079,3,5240.08,0
I001038,O000030,P0085,1,29578.68,15
I001039,O000553,P0012,5,7329.89,0
I001040,O000358,P0004,1,49437.4,15
I001041,O000426,P0119,5,84743.53,30
I001042,O000001,P0164,4,4508.58,10
I001043,O000553,P0169,5,49273.28,15
I001044,O000852,P0192,2,32768.1,30
I001045,O000231,P0037,1,23488.3,20
I001046,O000256,P0027,2,583.1,25
I001047,O000685,P0119,5,85702.35,30
I001048,O000336,P0034,2,27723.56,0
I001049,O000928,P0192,1,40327.66,0
I001050,O000650,P0037,2,24018.51,20
I001051,O000496,P0124,2,12188.44,20
I001052,O000463,P0104,4,40689.33,0
I001053,O000287,P0191,5,50956.84,5
I001054,O000350,P0066,4,64894.99,0
I001055,O000877,P0172,5,26641.52,15
I001056,O000027,P0165,2,98818.04,30
I001057,O000124,P0029,3,31113.46,15
I001058,O000567,P0112,1,6831.6,5
I001059,O000840,P0102,5,31193.38,5
I001060,O000018,P0199,3,65432.77,20
I001061,O000538,P0136,5,20684.72,20
I001062,O000384,P0043,2,23101.56,5
I001063,O000734,P0193,5,43537.68,0
I001064,O000304,P0103,5,71220.7,15
I001065,O000140,P0083,-3,58809.5,20
I001066,O000320,P0172,5,18292.36,30
I001067,O000144,P0106,2,29766.52,5
I001068,O000806,P0101,4,51057.47,30
I001069,O000073,P0090,3,22261.26,25
I001070,O000600,P0190,2,38320.4,10
I001071,O000336,P0195,1,33765.47,30
I001072,O000613,P0161,4,9715.4,25
I001073,O000466,P0157,3,29510.55,0
I001074,O000859,P0098,1,55205.3,5
I001075,O000709,P0182,4,20681.49,0
I001076,O000750,P0023,5,35410.77,30
I001077,O000507,P0171,4,49118.06,30
I001078,O000287,P0198,3,14229.17,10
I001079,O000683,P0108,3,2835.31,30
I001080,O000249,P0125,2,86590.13,0
I001081,O000847,P0200,5,11045.32,20
I001082,O000892,P0133,4,53095.0,30
I001083,O000977,P0165,1,90391.57,10
I001084,O000689,P0149,5,5710.37,25
I001085,O000356,P0011,4,79956.32,20
I001086,O000963,P0010,4,44413.75,20
I001087,O000025,P0047,3,14345.02,30
I001088,O000747,P0008,3,46020.8,10
I001089,O000284,P0064,1,61494.26,25
I001090,O000788,P0068,2,18304.82,25
I001091,O000759,P0083,3,56147.57,15
I001092,O000342,P0023,5,47509.48,5
I001093,O000849,P0082,1,72120.77,15
I001094,O000191,P0164,2,5664.78,10
I001095,O000826,P0087,3,23527.22,10
I001096,O000115,P0005,3,47624.82,20
I001097,O000775,P0076,2,68378.06,5
I001098,O000093,P0024,4,23133.79,10
I001099,O000363,P0137,4,47675.62,30
I001100,O000629,P0076,1,53715.72,30
I001101,O000252,P0011,-3,66502.28,25
I001102,O000252,P0057,4,34699.62,0
I001103,O000250,P0076,5,60384.16,20
I001104,O000582,P0142,2,67741.54,25
I001105,O000910,P0148,4,4162.1,10
I001106,O000442,P0068,2,14382.76,25
I001107,O000330,P0035,2,25762.67,0
I001108,O000726,P0130,3,78744.28,5
I001109,O000357,P0185,5,31720.7,10
I001110,O000857,P0148,5,3943.91,0
I001111,O000023,P0044,5,71521.93,15
I001112,O000152,P0181,3,69972.9,20
I001113,O000971,P0065,1,51299.68,25
I001114,O000966,P0196,4,64494.05,20
I001115,O000691,P0179,2,61452.64,15
I001116,O000785,P0037,5,19857.26,20
I001117,O000730,P0014,5,37868.1,20
I001118,O000543,P0017,2,29181.0,20
I001119,O000778,P0199,-2,69705.78,25
I001120,O000340,P0031,4,15585.14,15
I001121,O000391,P0105,2,28654.62,10
I001122,O000182,P0091,3,12731.22,15
I001123,O000233,P0052,1,3560.75,20
I001124,O000021,P0066,1,51720.06,10
I001125,O999641,P0025,-1,60885.61,0
I001126,O000577,P0146,1,45465.8,20
I001127,O000187,P0128,3,44000.53,5
I001128,O000384,P0154,4,14339.22,5
I001129,O000153,P0130,4,52087.0,20
I001130,O000827,P0031,3,13892.38,20
I001131,O000172,P0133,4,54662.12,20
I001132,O000961,P0087,5,21850.71,0
I001133,O000568,P0172,2,20307.87,30
I001134,O000193,P0126,1,7308.14,15
I001135,O000725,P0169,5,62343.04,25
I001136,O000329,P0168,5,15757.96,15
I001137,O000560,P0194,3,17195.35,5
I001138,O000967,P0075,4,42974.53,0
I001139,O000107,P0126,4,5461.27,30
I001140,O000295,P0198,1,10249.27,0
I001141,O000914,P0079,5,7339.75,25
I001142,O000548,P0013,3,23959.45,20
I001143,O000844,P0014,4,30938.03,5
I001144,O000380,P0131,1,19453.6,5
I001145,O000730,P0057,2,41881.87,20
I001146,O000047,P0004,2,51015.7,10
I001147,O000927,P0002,3,24381.58,30
I001148,O000381,P0059,4,60288.73,5
I001149,O000685,P0160,4,51141.55,25
I001150,O000210,P0080,3,50223.19,30
I001151,O000387,P0106,2,25653.48,20
I001152,O000642,P0003,1,45781.93,25
I001153,O000229,P0177,1,689.05,15
I001154,O000188,P0018,2,26386.3,25
I001155,O000953,P0184,3,19581.17,20
I001156,O000112,P0067,4,1925.72,0
I001157,O000867,P0143,2,30669.0,15
I001158,O000115,P0028,4,67105.82,30
I001159,O000248,P0018,3,24677.68,20
I001160,O000043,P0197,5,5401.09,5
I001161,O000326,P0186,1,58273.95,10
I001162,O000359,P0045,1,35147.74,10
I001163,O000066,P0130,2,75186.25,0
I001164,O000072,P0113,5,78124.89,5
I001165,O000988,P0141,1,72232.89,20
I001166,O000634,P0005,3,35573.92,0
I001167,O999103,P0176,5,4106.22,20
I001168,O000878,P0031,1,10016.14,25
I001169,O000960,P0122,4,10421.1,15
I001170,O000244,P0192,5,40337.43,25
I001171,O000491,P0117,2,67065.09,5
I001172,O000294,P0037,2,24887.24,10
I001173,O000377,P0042,4,54735.57,15
I001174,O000728,P0106,2,20967.3,25
I001175,O000214,P0091,4,14817.23,15
I001176,O000976,P0114,3,38548.1,5
I001177,O000543,P0186,2,65459.16,30
I001178,O000676,P0187,3,67782.15,30
I001179,O000384,P0105,2,33545.22,20
I001180,O000464,P0167,5,46318.05,10
I001181,O000912,P0142,4,62887.35,15
I001182,O000711,P0007,5,1259.03,25
I001183,O000577,P0175,4,22453.7,5
I001184,O000325,P0106,2,25633.72,20
I001185,O000628,P0196,1,75556.88,0
I001186,O000009,P0006,1,1070.39,10
I001187,O000762,P0052,2,2476.32,20
I001188,O000598,P0081,4,36673.88,10
I001189,O000104,P0078,2,31826.4,15
I001190,O000546,P0031,4,13060.56,15
I001191,O000288,P0180,2,79059.4,5
I001192,O000100,P0114,2,35120.13,15
I001193,O000786,P0044,3,62239.27,5
I001194,O000916,P0115,4,53757.98,10
I001195,O000908,P0022,2,69733.3,15
I001196,O000114,P0039,2,62780.66,25
I001197,O000364,P0022,-4,92625.53,15
I001198,O000374,P0044,2,74095.06,0
I001199,O000327,P0126,1,6654.64,10
I001200,O000444,P0115,3,58777.54,15
I001201,O000083,P0169,1,76491.84,20
I001202,O000753,P0003,3,56478.71,15
I001203,O000037,P0100,3,37913.41,30
I001204,O000875,P0132,4,11486.47,10
I001205,O000268,P0185,4,29132.62,15
I001206,O000087,P0172,3,27970.88,0
I001207,O000826,P0033,2,16271.34,5
I001208,O000821,P0147,1,8192.36,0
I001209,O000827,P0189,5,21849.25,30
I001210,O000647,P0118,1,12560.01,5
I001211,O000941,P0052,1,3507.68,0
I001212,O000444,P0001,2,56969.36,15
I001213,O000641,P0083,4,74152.44,15
I001214,O000724,P0155,3,13737.1,30
I001215,O000454,P0016,1,44797.87,10
I001216,O000900,P0037,2,29030.82,0
I001217,O000192,P0049,2,64943.55,20
I001218,O000616,P0076,3,54529.33,10
I001219,O000247,P0189,3,17427.58,0
I001220,O000506,P0017,1,38673.91,0
I001221,O000783,P0173,-4,58948.88,0
I001222,O000603,P0082,3,83760.13,0
I001223,O000269,P0146,3,60375.58,15
I001224,O000512,P0095,4,65755.27,5
I001225,O000602,P0059,3,87402.28,10
I001226,O000475,P0104,4,32658.45,30
I001227,O000430,P0099,2,3440.7,30
I001228,O000153,P0162,1,1937.29,5
I001229,O000608,P0039,2,65214.82,5
I001230,O000346,P0070,4,43144.0,30
I001231,O000285,P0141,4,75606.89,15
I001232,O000500,P0041,1,26095.9,10
I001233,O000489,P0181,2,77051.62,30
I001234,O000427,P0056,3,7743.72,10
I001235,O000634,P0176,1,4415.37,10
I001236,O000383,P0186,2,78182.83,0
I001237,O000458,P0005,2,39528.84,5
I001238,O000650,P0081,4,34200.65,20
I001239,O000716,P0085,2,41041.72,20
I001240,O000726,P0059,2,64233.98,20
I001241,O000912,P0121,5,53689.45,5
I001242,O000330,P0160,4,55543.97,25
I001243,O000069,P0069,2,60017.41,5
I001244,O000869,P0094,4,1553.71,10
I001245,O000845,P0092,5,38645.68,10
I001246,O000322,P0125,5,92391.78,5
I001247,O000620,P0153,1,9407.77,30
I001248,O000290,P0130,4,78483.39,0
I001249,O000268,P0077,-3,68994.91,30
I001250,O000081,P0108,2,3332.71,5
I001251,O000455,P0153,1,10856.46,5
I001252,O000622,P0181,2,57482.83,0
I001253,O000054,P0032,5,43513.99,30
I001254,O000385,P0185,4,34877.64,10
I001255,O000857,P0157,3,27185.4,0
I001256,O000058,P0131,2,29532.96,5
I001257,O000105,P0039,2,64146.76,10
I001258,O000084,P0087,1,19564.76,20
I001259,O000658,P0107,2,38364.58,5
I001260,O000163,P0115,3,40485.66,25
I001261,O000025,P0143,2,30798.42,30
I001262,O000973,P0060,2,3956.59,30
I001263,O000687,P0163,5,32796.57,25
I001264,O000714,P0183,1,82677.42,5
I001265,O000597,P0059,3,76444.15,10
I001266,O000921,P0131,4,24778.39,25
I001267,O000638,P0191,5,52375.93,30
I001268,O000773,P0052,3,3791.8,15
I001269,O000667,P0031,1,15704.17,25
I001270,O000789,P0132,2,11769.08,0
I001271,O000956,P0191,2,62007.93,10
I001272,O000691,P0177,5,533.79,0
I001273,O000642,P0166,3,28083.51,0
I001274,O000850,P0056,3,10305.39,15
I001275,O000336,P0185,4,30640.51,15
I001276,O000575,P0123,2,1815.01,0
I001277,O000635,P0008,1,51231.01,10
I001278,O000391,P0114,2,33255.13,25
I001279,O000995,P0049,3,58319.02,0
I001280,O000789,P0077,1,56524.04,30
I001281,O000124,P0053,1,84102.15,5
I001282,O000116,P0004,2,75322.38,25
I001283,O000280,P0143,5,44563.43,5
I001284,O000067,P0056,-4,8412.73,30
I001285,O000423,P0120,1,43858.06,0
I001286,O000898,P0198,3,11320.09,10
I001287,O000688,P0007,2,1383.04,0
I001288,O000046,P0167,4,60042.15,30
I001289,O000733,P0060,1,3447.55,10
I001290,O000841,P0117,2,67695.78,25
I001291,O000554,P0142,3,67719.28,10
I001292,O000356,P0120,2,63958.06,15
I001293,O000556,P0173,4,46050.27,5
I001294,O000947,P0086,4,68133.59,25
I001295,O000912,P0043,5,24313.7,5
I001296,O000350,P0154,2,12495.47,30
I001297,O000845,P0053,1,82327.46,20
I001298,O000043,P0140,-5,26189.12,25
I001299,O000758,P0043,3,17877.35,30
I001300,O000562,P0096,5,26771.34,20
I001301,O000768,P0090,1,25099.9,5
I001302,O000917,P0178,1,47261.4,30
I001303,O000508,P0028,1,53581.52,30
I001304,O000311,P0104,5,48757.5,5
I001305,O000017,P0007,1,1652.6,25
I001306,O000069,P0019,1,61826.13,15
I001307,O000715,P0003,3,40128.75,15
I001308,O000604,P0159,5,54913.93,0
I001309,O000328,P0128,3,47587.87,15
I001310,O000552,P0193,4,54229.93,10
I001311,O000503,P0176,4,4323.59,0
I001312,O000259,P0122,1,11477.87,25
I001313,O000466,P0025,3,80243.84,0
I001314,O000318,P0083,4,64158.03,0
I001315,O000132,P0176,1,4230.01,20
I001316,O000475,P0047,5,14370.57,25
I001317,O000050,P0186,1,63013.2,15
I001318,O000875,P0076,3,60003.65,25
I001319,O000992,P0040,2,40340.45,15
I001320,O000763,P0199,2,44308.23,5
I001321,O000349,P0058,5,68527.23,15
I001322,O000971,P0180,1,59626.92,20
I001323,O000025,P0145,3,45097.88,25
I001324,O000920,P0135,5,50732.75,10
I001325,O000571,P0112,1,4872.23,25
I001326,O000487,P0092,2,51786.03,0
I001327,O000166,P0007,2,1381.7,20
I001328,O000571,P0096,1,30497.7,20
I001329,O000119,P0106,2,23229.39,25
I001330,O000401,P0180,1,55248.67,20
I001331,O000273,P0171,1,53101.65,10
I001332,O000882,P0063,2,46096.73,15
I001333,O000102,P0055,5,26365.44,30
I001334,O000150,P0019,5,75239.84,15
I001335,O000075,P0132,2,11931.55,25
I001336,O000961,P0093,3,4094.58,0
I001337,O000800,P0083,2,81625.4,15
I001338,O000621,P0116,2,32549.51,20
I001339,O000911,P0131,2,24596.21,15
I001340,O000077,P0198,1,13706.75,25
I001341,O000150,P0199,1,54335.58,15
I001342,O000827,P0167,3,55472.62,10
I001343,O000876,P0079,5,7739.1,30
I001344,O000604,P0177,5,655.66,5
I001345,O000346,P0121,4,57923.75,20
I001346,O000065,P0162,3,1985.24,20
I001347,O000234,P0132,3,12882.5,10
I001348,O000197,P0079,5,6097.3,20
I001349,O000686,P0109,5,18098.03,30
I001350,O000303,P0177,3,588.85,5
I001351,O000596,P0119,1,85434.94,25
I001352,O000211,P0064,3,60050.6,15
I001353,O000252,P0096,3,27708.78,10
I001354,O000261,P0038,3,28632.36,20
I001355,O000004,P0101,3,58938.72,20
I001356,O000841,P0150,5,43211.72,15
I001357,O000502,P0161,4,10841.15,5
I001358,O000126,P0047,1,9305.57,0
I001359,O000549,P0141,1,82701.4,5
I001360,O000913,P0011,-1,70865.3,20
I001361,O000284,P0185,2,38976.65,20
I001362,O000274,P0193,3,42246.2,20
I001363,O000325,P0150,2,56902.27,5
I001364,O000632,P0139,2,46238.55,10
I001365,O000128,P0125,4,78348.58,5
I001366,O000940,P0045,-1,46162.68,15
I001367,O000882,P0149,4,5223.19,30
I001368,O000419,P0021,4,39354.95,30
I001369,O000769,P0158,5,7597.06,25
I001370,O000448,P0126,5,4598.84,20
I001371,O000398,P0158,5,7327.0,0
I001372,O000858,P0154,4,11472.99,5
I001373,O000362,P0081,2,39916.7,15
I001374,O000899,P0154,1,12432.91,25
I001375,O000067,P0179,1,47724.3,15
I001376,O000503,P0006,4,1070.06,10
I001377,O000235,P0090,3,19534.58,30
I001378,O000661,P0150,5,57410.9,15
I001379,O000050,P0094,1,1208.22,20
I001380,O000567,P0179,1,45395.51,5
I001381,O000146,P0076,3,52507.24,15
I001382,O000171,P0080,2,70532.83,20
I001383,O000802,P0168,2,15279.64,15
I001384,O000242,P0043,2,15444.33,30
I001385,O000276,P0026,2,16596.58,20
I001386,O000378,P0195,2,28136.88,30
I001387,O000334,P0003,3,35719.26,20
I001388,O000404,P0015,1,56900.33,5
I001389,O000855,P0156,3,39747.96,25
I001390,O000731,P0029,5,26389.08,15
I001391,O000001,P0035,5,26984.12,15
I001392,O000555,P0141,5,81212.4,20
I001393,O000806,P0091,4,15292.52,15
I001394,O000516,P0043,2,16715.93,20
I001395,O000863,P0095,5,49533.5,10
I001396,O000025,P0096,2,24264.64,30
I001397,O000769,P0164,5,5772.12,25
I001398,O000406,P0078,1,46307.0,10
I001399,O000409,P0125,4,68160.14,5
I001400,O000983,P0107,2,58477.0,10
I001401,O000055,P0096,4,33550.63,0
I001402,O000302,P0154,5,9282.76,30
I001403,O000070,P0123,2,2266.1,0
I001404,O000150,P0026,5,11103.06,5
I001405,O000534,P0162,4,1921.5,15
I001406,O000637,P0089,3,1484.7,0
I001407,O000777,P0113,5,86574.33,25
I001408,O000580,P0192,2,30543.01,25
I001409,O000451,P0183,3,89499.99,5
I001410,O000632,P0024,4,21703.5,0
I001411,O000200,P0035,2,28823.07,5
I001412,O000561,P0110,-2,22840.91,30
I001413,O000272,P0010,1,70308.28,5
I001414,O000506,P0173,4,48402.09,25
I001415,O000872,P0096,3,28965.4,30
I001416,O000339,P0190,3,50577.62,30
I001417,O000604,P0184,3,24996.68,5
I001418,O000835,P0058,4,96719.61,10
I001419,O000997,P0128,4,42156.65,30
I001420,O000110,P0066,5,75747.57,5
I001421,O000927,P0119,1,72120.64,15
I001422,O000410,P0191,3,48328.63,20
I001423,O000972,P0124,1,12762.54,0
I001424,O000416,P0112,2,6850.06,10
I001425,O000122,P0095,4,52409.06,15
I001426,O000220,P0151,2,67142.16,5
I001427,O000164,P0087,5,15142.76,0
I001428,O000816,P0022,2,77192.16,0
I001429,O000664,P0179,-1,43389.17,5
I001430,O000864,P0075,3,43113.89,5
I001431,O000339,P0080,5,51197.12,0
I001432,O000809,P0050,4,12153.57,10
I001433,O000299,P0152,5,50981.02,5
I001434,O000474,P0017,3,37979.28,20
I001435,O000509,P0025,3,75984.72,25
I001436,O000712,P0042,4,66884.46,10
I001437,O000723,P0168,4,13456.21,30
I001438,O000683,P0080,2,73269.41,0
I001439,O000061,P0021,1,41169.46,5
I001440,O000741,P0039,3,71696.63,25
I001441,O000446,P0124,5,9482.23,25
I001442,O000918,P0054,1,41991.35,10
I001443,O000051,P0017,3,38587.39,15
I001444,O000990,P0169,3,71477.23,25
I001445,O000433,P0182,5,20193.76,30
I001446,O000978,P0043,1,24369.07,5
I001447,O000906,P0011,5,94753.99,5
I001448,O000185,P0185,1,40688.82,30
I001449,O000382,P0158,1,10355.83,20
I001450,O000217,P0052,5,2989.71,20
I001451,O000628,P0152,2,59114.87,30
I001452,O000466,P0011,5,78623.84,30
I001453,O000046,P0117,1,59951.11,30
I001454,O000486,P0017,4,40282.49,20
I001455,O000237,P0147,5,9576.46,25
I001456,O000837,P0010,5,51392.53,20
I001457,O000042,P0059,4,55168.7,0
I001458,O000822,P0020,5,5064.06,15
I001459,O000514,P0005,3,46825.8,15
I001460,O000219,P0149,5,4872.47,5
I001461,O000575,P0100,2,35117.3,25
I001462,O000082,P0110,2,22176.82,5
I001463,O000749,P0192,3,31155.37,15
I001464,O000747,P0053,1,61857.51,20
I001465,O000562,P0178,1,45422.85,30
I001466,O000977,P0001,3,41458.53,15
I001467,O000125,P0087,5,15517.96,25
I001468,O000285,P0158,3,8256.96,15
I001469,O000559,P0049,1,64488.71,30
I001470,O000089,P0197,2,5309.54,30
I001471,O000548,P0177,-3,675.08,30
I001472,O000443,P0194,5,16794.18,5
I001473,O000636,P0049,5,47656.18,25
I001474,O000855,P0059,4,71900.28,10
I001475,O000378,P0165,1,67396.72,20
I001476,O000018,P0091,3,14476.78,30
I001477,O000993,P0002,4,22969.29,20
I001478,O000575,P0134,5,61220.42,20
I001479,O000780,P0186,5,72350.69,25
I001480,O000252,P0082,4,93830.81,0
I001481,O000681,P0077,2,74255.65,5
I001482,O000349,P0072,1,27253.82,15
I001483,O000757,P0079,-1,6120.04,5
I001484,O000096,P0183,5,93039.51,10
I001485,O000098,P0030,3,21156.14,20
I001486,O000597,P0055,2,23396.01,30
I001487,O000773,P0141,1,77490.3,20
I001488,O000560,P0177,5,459.07,15
I001489,O000954,P0193,4,46890.12,25
I001490,O000141,P0014,-5,36554.27,0
I001491,O000829,P0121,5,47268.39,20
I001492,O000084,P0064,2,57856.53,30
I001493,O000646,P0027,4,714.88,5
I001494,O000981,P0189,5,20015.03,25
I001495,O000897,P0134,2,53348.68,15
I001496,O000628,P0055,2,23153.43,5
I001497,O000998,P0104,5,34785.48,30
I001498,O000724,P0032,5,65673.5,15
I001499,O000196,P0152,2,55848.33,20
I001500,O000991,P0031,2,11014.82,5
I001501,O000048,P0191,4,47653.04,0
I001502,O000003,P0148,1,2855.07,0
I001503,O000212,P0088,2,5913.44,30
I001504,O000333,P0095,4,57367.58,15
I001505,O000207,P0170,2,25952.32,30
I001506,O000879,P0171,2,56264.63,15
I001507,O999574,P0013,2,30909.74,0
I001508,O000470,P0192,2,38730.12,5
I001509,O000287,P0073,1,68140.23,0
I001510,O000466,P0151,2,69619.01,10
I001511,O000987,P0123,2,2188.64,5
I001512,O000800,P0005,4,53821.14,20
I001513,O000658,P0131,1,22765.73,10
I001514,O000102,P0177,5,644.36,0
I001515,O000581,P0017,1,29748.57,30
I001516,O000776,P0063,5,48422.96,20
I001517,O000643,P0047,-5,14569.93,10
I001518,O000707,P0197,4,4801.47,5
I001519,O000112,P0048,4,16481.69,20
I001520,O000644,P0052,5,2936.26,15
I001521,O000640,P0121,2,67186.39,10
I001522,O000778,P0121,3,55019.61,20
I001523,O000707,P0005,5,37474.78,30
I001524,O000210,P0012,5,6903.48,25
I001525,O000452,P0141,2,64992.15,0
I001526,O000263,P0010,5,72526.04,25
I001527,O000912,P0151,2,77099.24,20
I001528,O000096,P0031,5,13549.21,30
I001529,O000046,P0062,3,73508.88,25
I001530,O000007,P0187,4,56800.19,15
I001531,O000103,P0085,5,37337.59,0
I001532,O000714,P0110,3,29987.62,5
I001533,O000757,P0007,-5,1260.4,5
I001534,O000240,P0041,2,27770.5,5
I001535,O000472,P0076,4,50903.23,0
I001536,O000935,P0186,3,75326.19,10
I001537,O000443,P0176,1,3609.22,15
I001538,O000176,P0002,5,22968.16,15
I001539,O000087,P0028,2,56799.49,15
I001540,O000717,P0059,3,81296.83,25
I001541,O000973,P0136,5,28893.4,10
I001542,O000162,P0116,5,41349.66,15
I001543,O000177,P0109,4,19433.36,5
I001544,O000818,P0188,1,13388.34,30
I001545,O000477,P0138,5,64495.24,0
I001546,O000755,P0059,1,69577.63,25
I001547,O000730,P0149,2,5065.22,5
I001548,O000247,P0033,5,17750.32,0
I001549,O000552,P0062,3,54299.01,10
I001550,O000563,P0086,2,66506.32,30
I001551,O000144,P0053,2,54962.24,5
I001552,O000453,P0160,5,52297.75,15
I001553,O000698,P0043,-3,22186.28,30
I001554,O000794,P0007,1,1578.36,0
I001555,O000169,P0083,5,73471.4,15
I001556,O000450,P0026,5,11340.2,25
I001557,O000992,P0192,2,29484.52,25
I001558,O000814,P0030,3,22942.16,0
I001559,O000833,P0140,5,19225.58,20
I001560,O000079,P0197,3,7317.7,10
I001561,O000481,P0098,4,44262.22,0
I001562,O000678,P0001,2,54905.61,0
I001563,O000742,P0093,5,3413.5,0
I001564,O000423,P0061,3,9595.75,10
I001565,O000051,P0170,2,26262.48,0
I001566,O000732,P0142,4,55599.57,15
I001567,O000877,P0155,4,15015.78,0
I001568,O000640,P0198,5,10401.39,10
I001569,O000951,P0013,4,26247.14,20
I001570,O999740,P0136,3,25625.77,20
I001571,O000511,P0122,2,9249.19,30
I001572,O000542,P0049,4,50331.43,0
I001573,O000714,P0037,3,26643.58,25
I001574,O000683,P0172,4,17754.09,15
I001575,O000735,P0194,5,14160.32,30
I001576,O000085,P0065,1,46167.05,25
I001577,O000161,P0100,3,48873.28,0
I001578,O000413,P0048,3,15613.41,10
I001579,O000983,P0050,1,12028.22,10
I001580,O000812,P0106,3,31740.42,20
I001581,O000939,P0130,2,63243.77,20
I001582,O000513,P0179,3,63948.74,15
I001583,O000852,P0157,3,26346.11,0
I001584,O000245,P0075,2,61514.15,10
I001585,O000849,P0050,5,13487.89,15
I001586,O000228,P0187,1,73179.69,15
I001587,O000478,P0135,1,54146.33,5
I001588,O000608,P0062,2,55701.87,25
I001589,O000232,P0083,4,74660.28,0
I001590,O000627,P0193,4,46741.12,15
I001591,O000473,P0025,4,71724.74,20
I001592,O000011,P0003,2,58656.75,0
I001593,O000110,P0151,4,51787.46,20
I001594,O000947,P0135,4,54927.17,15
I001595,O000747,P0068,5,17230.56,15
I001596,O000904,P0001,2,54213.72,10
I001597,O000908,P0035,3,28607.34,30
I001598,O000655,P0135,3,46069.5,5
I001599,O000543,P0102,1,30080.4,15
I001600,O000175,P0050,2,12863.16,20
I001601,O000076,P0038,3,29268.72,0
I001602,O000957,P0066,3,67541.76,25
I001603,O000850,P0011,1,70860.9,15
I001604,O000439,P0102,1,21275.17,25
I001605,O000437,P0033,1,21226.07,30
I001606,O000533,P0015,3,57821.84,0
I001607,O000028,P0196,4,80623.17,5
I001608,O000976,P0026,2,13403.15,0
I001609,O000522,P0111,4,67421.49,30
I001610,O000435,P0125,2,99316.64,30
I001611,O000298,P0068,1,13971.75,20
I001612,O000813,P0002,4,18063.6,5
I001613,O000884,P0123,5,2290.82,15
I001614,O000218,P0012,3,7129.7,0
I001615,O000380,P0171,1,35550.81,10
I001616,O000595,P0145,3,39298.27,0
I001617,O000464,P0183,5,75286.17,20
I001618,O000587,P0181,4,65363.89,15
I001619,O000673,P0200,5,12082.01,25
I001620,O000693,P0187,4,66921.95,5
I001621,O000803,P0138,4,60799.35,5
I001622,O000579,P0085,1,42943.84,20
I001623,O000812,P0159,2,60241.79,0
I001624,O000860,P0048,2,11737.98,15
I001625,O000578,P0104,1,43748.14,20
I001626,O000159,P0122,1,9444.29,0
I001627,O000453,P0165,2,97538.19,25
I001628,O000533,P0059,3,77208.63,10
I001629,O000250,P0167,5,65332.93,30
I001630,O000857,P0005,3,51889.45,15
I001631,O000121,P0170,5,25786.53,20
I001632,O000416,P0038,3,25123.81,25
I001633,O000096,P0069,4,62332.23,25
I001634,O000946,P0019,1,76844.95,0
I001635,O000851,P0173,2,60602.71,10
I001636,O000345,P0147,1,9182.16,10
I001637,O000555,P0103,5,53874.74,20
I001638,O000642,P0070,1,39812.21,30
I001639,O999972,P0058,5,74946.58,15
I001640,O000057,P0017,4,26281.88,25
I001641,O000834,P0050,1,9563.69,20
I001642,O000627,P0015,1,51080.58,30
I001643,O000330,P0189,4,24788.11,20
I001644,O000893,P0051,4,4939.68,0
I001645,O000378,P0187,3,79282.55,15
I001646,O000614,P0114,2,43489.19,5
I001647,O000413,P0186,4,66342.93,10
I001648,O000569,P0005,4,50347.33,15
I001649,O000165,P0013,5,29471.0,0
I001650,O000960,P0102,5,32930.13,5
I001651,O000465,P0052,2,2868.76,25
I001652,O000208,P0044,4,61039.03,0
I001653,O000011,P0119,2,56758.79,5
I001654,O000389,P0001,4,51735.3,25
I001655,O000136,P0082,5,73395.4,0
I001656,O000224,P0049,5,53669.03,0
I001657,O000985,P0186,5,51928.75,15
I001658,O000523,P0076,1,55582.29,0
I001659,O000463,P0061,3,7313.77,20
I001660,O000950,P0028,4,59308.84,20
I001661,O000938,P0044,1,63856.42,15
I001662,O000550,P0151,1,56024.58,15
I001663,O000587,P0044,4,65280.89,15
I001664,O000777,P0060,2,4426.29,0
I001665,O000182,P0132,3,11463.66,20
I001666,O000461,P0193,1,56342.3,20
I001667,O000652,P0185,1,40481.75,15
I001668,O000242,P0128,5,33184.98,30
I001669,O000374,P0004,4,50006.37,30
I001670,O000185,P0044,3,49531.83,15
I001671,O000895,P0174,1,76111.13,15
I001672,O000704,P0027,5,509.2,25
I001673,O000960,P0198,5,13747.84,15
I001674,O000609,P0194,5,20061.38,10
I001675,O000441,P0061,5,7885.38,0
I001676,O000130,P0041,1,37346.2,20
I001677,O000748,P0178,5,42474.71,25
I001678,O000257,P0178,3,34415.89,20
I001679,O000867,P0087,5,14981.46,0
I001680,O000356,P0073,5,74157.2,30
I001681,O000712,P0010,1,48879.51,20
I001682,O000459,P0103,2,73552.28,5
I001683,O000957,P0007,3,1120.35,20
I001684,O000737,P0017,4,33909.86,15
I001685,O000154,P0139,5,41395.83,25
I001686,O000858,P0040,3,39120.6,25
I001687,O000810,P0010,3,43686.37,25
I001688,O000699,P0048,2,15701.51,0
I001689,O000917,P0170,4,29682.5,25
I001690,O000583,P0117,1,67637.89,5
I001691,O000765,P0200,3,8996.99,20
I001692,O000472,P0101,2,70146.22,20
I001693,O000191,P0076,2,69739.76,30
I001694,O000809,P0069,2,57258.74,20
I001695,O000349,P0027,3,705.93,10
I001696,O000546,P0048,4,17486.01,15
I001697,O000992,P0043,4,16860.47,25
I001698,O000352,P0057,3,47732.08,20
I001699,O000574,P0028,3,72714.04,15
I001700,O000270,P0133,5,69675.61,30
I001701,O000792,P0125,3,67738.99,25
I001702,O000123,P0160,5,36432.84,30
I001703,O000936,P0029,4,28613.16,30
I001704,O000342,P0181,3,50015.45,10
I001705,O000404,P0054,3,35700.36,30
I001706,O000208,P0084,2,27517.03,30
I001707,O000488,P0108,5,4070.76,15
I001708,O000047,P0082,5,93351.37,25
I001709,O000822,P0165,1,74015.46,15
I001710,O000631,P0099,1,3700.87,20
I001711,O000620,P0016,2,27280.9,10
I001712,O000241,P0034,5,25814.62,15
I001713,O000912,P0042,3,80335.99,30
I001714,O000427,P0110,3,30385.46,15
I001715,O000461,P0194,3,14720.84,15
I001716,O000346,P0181,3,58010.5,20
I001717,O000988,P0109,3,25851.58,10
I001718,O000515,P0046,5,94590.05,30
I001719,O000439,P0178,1,44997.79,0
I001720,O000160,P0011,3,80457.13,5
I001721,O000982,P0019,1,78833.45,0
I001722,O000006,P0054,4,37844.99,25
I001723,O000569,P0109,1,19699.81,20
I001724,O000632,P0135,5,56981.1,5
I001725,O000987,P0128,2,48347.57,30
I001726,O000737,P0113,4,57215.87,10
I001727,O000757,P0132,3,15274.96,0
I001728,O000224,P0135,2,59320.03,0
I001729,O000137,P0189,1,22099.18,30
I001730,O000008,P0166,5,34595.56,0
I001731,O000533,P0024,3,23951.76,20
I001732,O000354,P0119,2,68459.73,25
I001733,O000682,P0023,2,40266.72,10
I001734,O000765,P0067,5,1602.46,15
I001735,O000884,P0040,1,48864.3,20
I001736,O000876,P0199,4,61923.99,5
I001737,O000105,P0187,5,73410.8,0
I001738,O000481,P0166,4,31299.67,30
I001739,O000746,P0184,5,27062.91,30
I001740,O000334,P0008,2,43572.48,20
I001741,O000759,P0055,2,28837.46,30
I001742,O000674,P0084,1,20023.08,20
I001743,O000243,P0037,3,29025.58,5
I001744,O000877,P0148,2,4601.46,10
I001745,O000126,P0107,4,57505.74,5
I001746,O000828,P0042,2,68954.31,10
I001747,O000592,P0065,4,57335.12,5
I001748,O000619,P0115,5,43874.31,5
I001749,O000072,P0113,3,91199.29,15
I001750,O000540,P0195,1,36829.32,30
I001751,O000142,P0084,5,23282.92,5
I001752,O000029,P0039,1,64284.36,25
I001753,O000884,P0186,2,75427.62,10
I001754,O000568,P0195,4,33459.79,20
I001755,O000358,P0113,3,70547.76,5
I001756,O000548,P0164,1,6216.92,30
I001757,O000042,P0197,3,5552.41,15
I001758,O000084,P0166,5,36126.3,10
I001759,O000977,P0042,5,78827.74,0
I001760,O000153,P0200,2,11923.04,20
I001761,O000357,P0192,1,32170.14,25
I001762,O000524,P0189,5,25299.59,20
I001763,O000482,P0107,5,50896.9,0
I001764,O000408,P0038,2,24650.01,5
I001765,O000888,P0031,4,14335.48,5
I001766,O000118,P0014,1,28776.59,0
I001767,O000936,P0034,1,17444.25,5
I001768,O000352,P0186,5,76979.33,5
I001769,O000765,P0160,1,39161.76,15
I001770,O000214,P0087,2,22738.59,30
I001771,O000796,P0078,2,34331.41,0
I001772,O000292,P0024,5,29875.07,5
I001773,O999780,P0087,3,15786.12,10
I001774,O000132,P0097,5,92077.93,10
I001775,O000390,P0185,1,41141.79,0
I001776,O000733,P0055,5,29436.91,20
I001777,O000844,P0128,1,39376.19,5
I001778,O000196,P0071,3,66037.45,15
I001779,O000781,P0079,2,6031.6,0
I001780,O000798,P0191,2,67401.96,15
I001781,O000371,P0032,4,52872.87,0
I001782,O000614,P0043,4,24130.37,15
I001783,O000883,P0110,4,23719.62,10
I001784,O000666,P0136,1,21050.96,30
I001785,O000848,P0041,1,35915.43,10
I001786,O000256,P0009,1,49528.44,15
I001787,O000578,P0128,4,48230.14,10
I001788,O000067,P0160,5,57802.56,10
I001789,O000436,P0073,2,70517.71,5
I001790,O000473,P0065,1,40182.97,0
I001791,O000126,P0132,1,13946.69,15
I001792,O000236,P0142,4,79536.32,15
I001793,O000434,P0042,-5,53185.53,25
I001794,O000376,P0172,2,27651.15,0
I001795,O000722,P0088,1,3990.73,15
I001796,O000253,P0027,2,799.25,30
I001797,O000370,P0074,3,21131.45,15
I001798,O000117,P0045,-1,41143.52,10
I001799,O000881,P0137,3,42771.02,20
I001800,O000509,P0065,1,47252.85,25
I001801,O000206,P0199,2,69436.86,15
I001802,O000859,P0066,4,54697.83,10
I001803,O000066,P0150,2,48333.94,0
I001804,O000273,P0015,4,59774.86,25
I001805,O000026,P0151,1,66440.43,25
I001806,O000128,P0120,-1,61215.4,20
I001807,O000557,P0061,5,8533.31,30
I001808,O000879,P0180,3,66314.79,25
I001809,O000068,P0182,2,25309.43,20
I001810,O000828,P0010,5,70719.54,15
I001811,O000542,P0156,2,34537.26,20
I001812,O000702,P0113,4,78113.08,10
I001813,O000421,P0027,1,642.62,0
I001814,O000492,P0125,2,66940.75,10
I001815,O000188,P0112,5,5790.81,20
I001816,O000934,P0146,5,40785.3,25
I001817,O000170,P0068,-2,15236.2,20
I001818,O000840,P0118,2,15421.83,30
I001819,O000677,P0041,1,35104.75,10
I001820,O000871,P0025,5,74273.54,5
I001821,O000701,P0095,5,55135.29,30
I001822,O000460,P0150,1,47586.38,0
I001823,O000857,P0188,5,18102.83,20
I001824,O000835,P0008,1,51187.08,10
I001825,O000548,P0078,1,45854.54,10
I001826,O000526,P0134,2,59563.03,20
I001827,O000449,P0096,5,32698.58,10
I001828,O000048,P0139,3,32890.73,30
I001829,O000863,P0047,5,12419.12,0
I001830,O000664,P0196,2,66065.76,30
I001831,O000277,P0152,5,49700.95,20
I001832,O000475,P0039,4,86171.26,30
I001833,O000681,P0123,3,2094.36,25
I001834,O000265,P0031,1,12240.91,10
I001835,O000046,P0110,5,24456.76,10
I001836,O000916,P0173,5,48154.39,15
I001837,O000110,P0091,4,17828.25,25
I001838,O000657,P0172,3,27841.85,15
I001839,O000656,P0180,5,74782.09,25
I001840,O000959,P0068,1,15580.32,5
I001841,O000455,P0017,5,31469.29,5
I001842,O000594,P0092,4,44617.81,0
I001843,O000991,P0129,2,12641.78,25
I001844,O000234,P0129,4,11699.71,15
I001845,O000771,P0039,5,66374.19,20
I001846,O000092,P0017,2,26914.11,30
I001847,O000255,P0186,5,52637.46,30
I001848,O000732,P0053,2,76759.64,0
I001849,O000192,P0088,1,4711.97,20
I001850,O000411,P0025,1,60096.17,10
I001851,O000310,P0193,3,40856.29,10
I001852,O000033,P0167,3,62352.07,15
I001853,O000866,P0103,4,72339.81,0
I001854,O000529,P0198,3,13783.53,20
I001855,O000043,P0162,1,1639.96,20
I001856,O000100,P0038,4,30774.71,0
I001857,O000860,P0058,2,84298.37,10
I001858,O000433,P0140,5,25980.78,25
I001859,O000406,P0149,5,7328.32,15
I001860,O000320,P0146,1,56233.11,10
I001861,O000051,P0169,5,64789.56,5
I001862,O000866,P0015,4,42347.74,15
I001863,O000046,P0178,1,36795.82,25
I001864,O000233,P0016,5,37212.31,15
I001865,O000432,P0054,4,47694.98,0
I001866,O000594,P0132,3,11716.27,0
I001867,O000026,P0013,5,21166.25,20
I001868,O000257,P0149,3,7534.36,25
I001869,O000805,P0071,5,62531.04,15
I001870,O000335,P0013,3,30020.27,10
I001871,O000434,P0081,4,30621.16,0
I001872,O000462,P0147,3,13375.45,5
I001873,O000825,P0130,4,79784.94,10
I001874,O000819,P0067,4,1901.7,5
I001875,O000429,P0198,3,12608.47,10
I001876,O000623,P0155,-1,15970.58,15
I001877,O000877,P0042,2,55969.47,30
I001878,O000439,P0116,4,39482.58,15
I001879,O000783,P0035,1,19872.68,5
I001880,O000727,P0072,1,36153.67,20
I001881,O000547,P0065,4,38810.06,20
I001882,O000111,P0004,5,62531.95,15
I001883,O000131,P0144,1,2106.42,10
I001884,O000954,P0114,1,31566.55,5
I001885,O000419,P0184,2,21120.31,5
I001886,O000114,P0187,1,57954.16,25
I001887,O000906,P0195,2,36637.75,25
I001888,O000888,P0099,1,3383.82,30
I001889,O000173,P0163,3,27571.47,5
I001890,O000688,P0032,2,63045.15,10
I001891,O000973,P0193,1,49344.8,10
I001892,O000377,P0168,4,12762.26,5
I001893,O000115,P0020,2,5475.75,15
I001894,O000789,P0074,4,26369.82,30
I001895,O000462,P0022,4,67517.14,10
I001896,O000657,P0166,2,28210.54,30
I001897,O000552,P0143,2,47884.68,10
I001898,O000013,P0183,1,62008.86,30
I001899,O000986,P0100,1,45743.86,5
I001900,O000396,P0009,2,42069.05,30
I001901,O000274,P0038,2,26388.78,10
I001902,O000037,P0004,1,69916.19,15
I001903,O000486,P0113,5,88976.83,10
I001904,O000286,P0045,3,40981.96,30
I001905,O000216,P0137,3,38339.49,20
I001906,O000462,P0056,5,9020.76,25
I001907,O000933,P0194,3,18500.53,5
I001908,O000468,P0138,5,69774.02,25
I001909,O000824,P0099,5,3815.36,20
I001910,O000159,P0199,5,71553.48,10
I001911,O000593,P0124,4,12308.15,25
I001912,O000260,P0036,1,28608.27,20
I001913,O000766,P0139,3,33685.38,5
I001914,O000665,P0143,4,34658.57,20
I001915,O000155,P0027,5,612.49,30
I001916,O000967,P0041,2,32775.32,20
I001917,O000729,P0013,2,20975.28,30
I001918,O000016,P0030,2,19756.14,25
I001919,O000396,P0134,4,73981.02,20
I001920,O000612,P0162,5,1819.7,25
I001921,O000125,P0099,1,3089.39,15
I001922,O000296,P0024,2,25152.27,10
I001923,O000250,P0167,1,61464.07,30
I001924,O000283,P0124,5,8916.42,10
I001925,O000888,P0105,3,38991.39,0
I001926,O000204,P0001,1,57858.92,5
I001927,O000379,P0001,3,63021.42,20
I001928,O000449,P0098,-3,62747.54,15
I001929,O000996,P0111,4,54063.47,0
I001930,O000403,P0166,3,40710.6,25
I001931,O999557,P0058,5,75269.66,30
I001932,O000276,P0152,4,51039.86,10
I001933,O000576,P0198,4,11317.45,20
I001934,O000387,P0037,5,25108.7,15
I001935,O000471,P0156,5,39310.92,20
I001936,O000920,P0134,1,76589.21,25
I001937,O000497,P0165,1,74699.63,20
I001938,O000185,P0110,1,34953.34,0
I001939,O000609,P0178,1,31249.48,25
I001940,O000368,P0196,5,77013.02,5
I001941,O000016,P0098,1,43164.31,20
I001942,O000957,P0095,1,48971.35,20
I001943,O000995,P0081,4,29803.51,0
I001944,O000766,P0172,3,19670.74,0
I001945,O000555,P0025,5,51425.25,25
I001946,O000413,P0152,4,40121.94,20
I001947,O000343,P0123,1,2609.89,10
I001948,O000749,P0185,2,37785.08,25
I001949,O000382,P0076,1,70989.88,5
I001950,O000866,P0001,2,47980.34,30
I001951,O000728,P0001,1,48805.97,25
I001952,O000420,P0088,1,4427.51,5
I001953,O000868,P0072,2,35380.56,20
I001954,O000909,P0084,-3,18324.24,20
I001955,O000969,P0167,5,59657.86,25
I001956,O000247,P0116,4,48836.42,20
I001957,O999167,P0198,1,16241.65,25
I001958,O000772,P0179,1,48412.74,0
I001959,O000183,P0157,1,25986.0,10
I001960,O000438,P0048,1,12353.89,30
I001961,O000055,P0113,2,58220.99,0
I001962,O000608,P0111,-1,67369.9,25
I001963,O000089,P0168,5,15989.44,10
I001964,O000301,P0179,2,52295.0,15
I001965,O000569,P0152,4,50557.31,10
I001966,O000785,P0121,1,65340.89,20
I001967,O000486,P0037,3,20857.09,30
I001968,O000793,P0186,3,52336.3,30
I001969,O000680,P0144,2,1576.88,10
I001970,O000995,P0055,3,26140.9,30
I001971,O000346,P0062,2,53172.47,30
I001972,O000559,P0070,4,49956.14,5
I001973,O000258,P0184,5,22460.76,5
I001974,O000820,P0082,3,65158.04,0
I001975,O000343,P0085,4,39658.3,15
I001976,O000460,P0093,3,4473.7,5
I001977,O000579,P0053,1,70574.08,10
I001978,O000333,P0197,4,5786.45,0
I001979,O000615,P0171,2,36374.25,0
I001980,O000798,P0119,4,89394.86,0
I001981,O000337,P0037,4,20479.4,25
I001982,O000173,P0046,4,71717.74,5
I001983,O000838,P0081,3,26348.0,5
I001984,O000915,P0001,2,61701.12,30
I001985,O000366,P0145,-1,55144.75,30
I001986,O000942,P0180,3,62644.8,25
I001987,O000929,P0047,5,12644.52,20
I001988,O000033,P0087,1,19059.66,30
I001989,O000722,P0114,2,36507.47,10
I001990,O000761,P0182,3,28941.71,25
I001991,O000850,P0193,1,45728.37,25
I001992,O000222,P0160,1,55470.66,0
I001993,O000285,P0001,1,49554.0,20
I001994,O000716,P0157,3,24610.45,25
I001995,O000932,P0158,2,8183.76,20
I001996,O000914,P0158,5,10069.09,5
I001997,O000703,P0096,2,26702.35,0
I001998,O000418,P0016,5,27395.36,0
I001999,O000585,P0102,5,27283.87,25
I002000,O000489,P0113,2,76001.69,25
I002001,O000129,P0175,2,20203.67,10
I002002,O000595,P0079,3,5212.76,15
I002003,O000470,P0126,2,4560.54,5
I002004,O000357,P0163,1,40914.79,10
I002005,O000134,P0066,2,64996.58,10
I002006,O000597,P0048,2,14823.14,30
I002007,O000225,P0039,3,55006.79,0
I002008,O000807,P0189,1,25097.04,30
I002009,O000048,P0174,1,91788.21,20
I002010,O000523,P0106,1,31003.43,0
I002011,O000403,P0099,2,2754.99,25
I002012,O000981,P0086,4,79401.55,20
I002013,O000809,P0143,4,41251.48,5
I002014,O000176,P0023,5,36842.26,15
I002015,O000237,P0012,2,10114.66,5
I002016,O000906,P0003,4,47462.12,0
I002017,O000474,P0066,1,53940.47,15
I002018,O000094,P0030,2,29341.28,0
I002019,O000194,P0047,2,13601.85,25
I002020,O000176,P0170,5,28320.1,15
I002021,O000005,P0186,5,50838.97,0
I002022,O000448,P0129,3,13642.88,25
I002023,O000902,P0151,4,62684.39,25
I002024,O000097,P0177,5,444.7,30
I002025,O000940,P0087,5,21040.44,30
I002026,O000069,P0056,4,6968.72,20
I002027,O000921,P0123,5,2779.6,10
I002028,O000674,P0014,5,33970.68,15
I002029,O000002,P0042,5,59748.45,5
I002030,O000949,P0161,2,14622.24,0
I002031,O000091,P0065,4,55526.29,25
I002032,O000947,P0034,5,17832.8,10
I002033,O000617,P0148,1,4216.75,25
I002034,O000131,P0004,2,56086.78,25
I002035,O000153,P0179,2,50148.36,10
I002036,O000713,P0033,2,14712.94,30
I002037,O000134,P0195,4,25805.41,10
I002038,O999944,P0102,1,30567.31,5
I002039,O000468,P0113,4,60618.68,20
I002040,O000136,P0058,1,98730.49,0
I002041,O000700,P0107,1,45331.54,20
I002042,O000882,P0011,5,78318.94,0
I002043,O000270,P0008,5,33031.94,15
I002044,O000167,P0101,1,51348.52,0
I002045,O000499,P0108,1,3642.89,10
I002046,O000862,P0107,4,54383.34,0
I002047,O000240,P0099,2,3679.7,15
I002048,O000371,P0093,5,4114.02,10
I002049,O000672,P0077,4,54395.53,10
I002050,O000789,P0155,2,12108.32,10
I002051,O000620,P0166,4,43245.62,15
I002052,O000445,P0035,1,30591.86,10
I002053,O000805,P0056,2,9429.55,25
I002054,O000713,P0143,2,40234.83,20
I002055,O000908,P0163,5,40318.45,20
I002056,O000633,P0176,5,3584.09,5
I002057,O000319,P0186,1,65538.5,15
I002058,O000226,P0068,3,18489.75,25
I002059,O000970,P0073,2,65251.47,10
I002060,O000242,P0137,3,47545.35,0
I002061,O000247,P0177,3,582.0,15
I002062,O000383,P0008,3,41464.97,25
I002063,O000939,P0100,3,47423.21,15
I002064,O000730,P0151,3,77709.21,25
I002065,O000970,P0086,2,68972.42,30
I002066,O000403,P0070,5,45028.72,30
I002067,O000442,P0017,3,27984.32,10
I002068,O000023,P0095,1,63813.36,20
I002069,O000521,P0079,3,6510.68,5
I002070,O000806,P0083,5,60513.94,15
I002071,O000116,P0047,-2,14045.44,10
I002072,O000246,P0035,5,21880.68,15
I002073,O000956,P0032,1,65033.18,25
I002074,O000598,P0140,2,24920.52,10
I002075,O000325,P0199,2,44651.53,20
I002076,O000226,P0106,4,31754.34,25
I002077,O000031,P0005,1,43958.13,10
I002078,O000146,P0043,1,20066.08,0
I002079,O000288,P0143,2,49317.01,10
I002080,O000918,P0190,5,41058.46,30
I002081,O000667,P0175,4,19490.73,25
I002082,O000891,P0042,1,63623.14,10
I002083,O000841,P0190,4,38078.88,15
I002084,O000699,P0103,2,44730.58,10
I002085,O000662,P0016,3,41891.5,20
I002086,O000026,P0017,3,33692.05,0
I002087,O000026,P0010,4,48854.45,5
I002088,O000317,P0017,4,40804.07,0
I002089,O000028,P0109,2,24203.53,0
I002090,O000941,P0197,4,6803.6,0
I002091,O000169,P0127,2,51140.12,10
I002092,O000727,P0090,4,26000.72,20
I002093,O000191,P0166,4,33983.93,25
I002094,O000990,P0096,2,23314.01,5
I002095,O000710,P0164,4,5430.1,20
I002096,O000623,P0155,3,12961.32,25
I002097,O000801,P0057,2,38963.41,20
I002098,O000996,P0090,4,18134.51,15
I002099,O000524,P0012,5,10797.29,30
I002100,O000827,P0130,2,54114.46,15
I002101,O000160,P0032,3,64993.24,20
I002102,O000915,P0057,5,34030.63,0
I002103,O000683,P0127,4,61595.37,20
I002104,O000799,P0067,2,1820.49,5
I002105,O000215,P0038,2,37877.25,5
I002106,O000942,P0042,1,75058.44,10
I002107,O000158,P0065,5,59671.19,25
I002108,O000881,P0162,3,1569.15,30
I002109,O000346,P0159,1,43904.67,25
I002110,O000491,P0185,2,39518.39,20
I002111,O000279,P0015,4,56442.91,0
I002112,O000686,P0125,5,90850.07,25
I002113,O000332,P0144,1,1895.17,15
I002114,O000059,P0170,3,24216.64,30
I002115,O000485,P0185,4,41040.85,30
I002116,O000047,P0122,3,11323.49,25
I002117,O000069,P0169,4,54559.57,0
I002118,O000785,P0145,3,41397.6,20
I002119,O000094,P0172,4,19981.78,10
I002120,O000561,P0116,2,46072.78,30
I002121,O000019,P0036,4,26244.07,0
I002122,O000888,P0160,1,50018.38,5
I002123,O000076,P0079,5,7598.66,20
I002124,O000474,P0104,4,41097.35,20
I002125,O000221,P0122,4,9770.16,0
I002126,O000789,P0155,4,14283.07,0
I002127,O000983,P0118,5,16422.83,15
I002128,O000558,P0167,2,66393.26,25
I002129,O000586,P0176,3,4574.14,25
I002130,O000392,P0198,2,13379.71,25
I002131,O000653,P0149,2,4660.82,0
I002132,O000071,P0151,1,63188.44,15
I002133,O000290,P0070,4,42679.2,0
I002134,O999530,P0183,5,71460.86,20
I002135,O000781,P0171,4,44747.78,15
I002136,O000907,P0080,4,62708.25,10
I002137,O000708,P0110,3,22356.71,15
I002138,O000362,P0063,2,35892.95,25
I002139,O000999,P0099,4,4503.99,15
I002140,O000113,P0021,5,26982.73,25
I002141,O000229,P0098,1,60011.02,25
I002142,O000184,P0003,1,39016.66,15
I002143,O000212,P0173,2,61813.4,20
I002144,O000939,P0075,5,61470.81,20
I002145,O000358,P0101,4,52705.02,10
I002146,O000269,P0193,3,46228.3,10
I002147,O000811,P0019,5,68878.12,20
I002148,O000251,P0151,2,77773.11,10
I002149,O000593,P0071,2,57295.65,15
I002150,O000018,P0068,5,13356.21,20
I002151,O000513,P0085,5,39997.52,5
I002152,O000686,P0148,5,4590.26,0
I002153,O000162,P0064,1,63204.06,15
I002154,O000063,P0034,1,25754.24,15
I002155,O000309,P0084,5,20608.84,25
I002156,O000380,P0106,5,29389.21,0
I002157,O000011,P0063,3,54815.26,15
I002158,O000152,P0017,2,38761.63,5
I002159,O000896,P0189,2,17876.32,30
I002160,O000342,P0119,3,75322.88,5
I002161,O000597,P0085,4,36972.47,15
I002162,O000945,P0021,2,29021.87,10
I002163,O000306,P0142,3,56034.84,0
I002164,O000957,P0058,3,67574.72,5
I002165,O000849,P0049,2,53184.29,10
I002166,O000300,P0118,4,12976.6,10
I002167,O000680,P0060,5,4864.92,25
I002168,O000406,P0169,5,47306.27,30
I002169,O000322,P0167,2,48530.37,30
I002170,O000983,P0150,1,60503.69,15
I002171,O000066,P0074,2,22407.22,30
I002172,O000060,P0082,5,92878.37,0
I002173,O000166,P0042,5,63996.11,10
I002174,O000460,P0047,2,9680.07,5
I002175,O000813,P0160,-2,42349.05,20
I002176,O000221,P0028,1,50998.29,10
I002177,O000480,P0105,1,32822.37,15
I002178,O000956,P0094,4,1196.02,15
I002179,O000625,P0157,3,27087.83,5
I002180,O000658,P0072,1,35146.15,5
I002181,O000596,P0189,3,17525.8,0
I002182,O000278,P0056,2,8592.83,15
I002183,O000970,P0018,5,34508.21,30
I002184,O000094,P0005,2,46795.57,5
I002185,O000054,P0075,1,64600.05,15
I002186,O000677,P0067,4,1985.83,30
I002187,O000658,P0122,4,8669.85,0
I002188,O000806,P0160,2,35866.78,10
I002189,O000555,P0164,4,5588.41,25
I002190,O000348,P0038,1,27718.35,0
I002191,O000801,P0150,4,49772.29,25
I002192,O000937,P0066,2,65862.02,25
I002193,O000463,P0049,1,48654.65,0
I002194,O000049,P0023,4,31357.24,25
I002195,O000705,P0089,5,1778.65,0
I002196,O000876,P0117,4,43293.97,25
I002197,O000613,P0058,1,84014.4,10
I002198,O000364,P0178,3,45885.62,0
I002199,O000105,P0127,2,66586.67,25
I002200,O000256,P0066,4,50470.07,30
I002201,O000154,P0075,4,59180.75,25
I002202,O000606,P0067,4,1367.02,5
I002203,O999652,P0190,2,41761.57,10
I002204,O000899,P0114,1,41667.81,15
I002205,O000614,P0131,-3,23907.05,30
I002206,O000011,P0043,5,22190.93,25
I002207,O000074,P0090,3,25544.42,15
I002208,O000639,P0066,2,70811.05,5
I002209,O000971,P0041,3,28728.16,15
I002210,O000486,P0128,2,37460.69,5
I002211,O000429,P0005,4,34280.14,30
I002212,O000138,P0155,3,15941.24,5
I002213,O000293,P0152,3,59241.15,30
I002214,O000224,P0106,5,29127.35,25
I002215,O000412,P0149,2,6694.76,5
I002216,O000419,P0166,5,39883.5,5
I002217,O000442,P0011,3,81890.59,0
I002218,O000685,P0166,1,40985.06,5
I002219,O000552,P0168,1,16083.45,30
I002220,O000722,P0058,1,62778.44,30
I002221,O000097,P0039,2,64553.52,10
I002222,O000679,P0131,1,24803.9,30
I002223,O000557,P0112,4,4969.46,0
I002224,O000782,P0027,5,665.71,0
I002225,O000317,P0100,2,44896.24,0
I002226,O000182,P0100,5,41263.36,25
I002227,O000492,P0135,3,58502.85,15
I002228,O000412,P0164,4,5838.45,0
I002229,O000446,P0153,2,9326.46,20
I002230,O000733,P0037,2,22315.51,0
I002231,O000707,P0079,3,6009.58,5
I002232,O000289,P0029,5,34830.45,30
I002233,O000887,P0180,4,71118.07,30
I002234,O000417,P0195,5,29652.78,25
I002235,O000099,P0135,5,41407.92,20
I002236,O000059,P0006,4,1023.93,25
I002237,O000173,P0191,-1,67570.07,25
I002238,O000553,P0042,5,79006.72,0
I002239,O000647,P0083,2,80131.63,5
I002240,O999463,P0141,5,91709.34,30
I002241,O000176,P0158,5,6961.35,15
I002242,O000547,P0102,2,30077.27,5
I002243,O000182,P0059,2,73506.9,15
I002244,O000809,P0173,2,52103.42,25
I002245,O000518,P0022,1,95431.26,30
I002246,O000848,P0193,2,41045.39,15
I002247,O000313,P0142,-1,51252.6,5
I002248,O000518,P0170,2,31045.91,5
I002249,O000690,P0026,5,12553.11,5
I002250,O000755,P0119,1,65631.55,30
I002251,O000964,P0189,4,20795.2,15
I002252,O000667,P0025,3,53852.79,25
I002253,O000536,P0138,3,46289.85,5
I002254,O000622,P0120,4,68689.22,25
I002255,O000361,P0029,4,34239.19,5
I002256,O000710,P0139,4,44899.16,25
I002257,O000155,P0188,4,18293.25,15
I002258,O000394,P0137,5,40273.53,0
I002259,O000332,P0036,3,25353.95,5
I002260,O000334,P0088,3,5506.41,0
I002261,O000456,P0196,2,69638.68,15
I002262,O000643,P0069,5,70629.21,10
I002263,O000783,P0017,5,25389.77,0
I002264,O000801,P0142,3,65043.95,20
I002265,O000703,P0091,5,13420.73,20
I002266,O000822,P0050,5,9846.55,15
I002267,O000296,P0063,5,43029.54,15
I002268,O000596,P0188,5,14024.27,30
I002269,O000547,P0150,3,56099.95,5
I002270,O000656,P0170,4,25581.05,5
I002271,O000856,P0031,1,10433.71,15
I002272,O000407,P0011,5,60206.26,30
I002273,O000184,P0140,3,17259.02,5
I002274,O000570,P0001,5,61028.3,30
I002275,O000338,P0011,5,81711.35,25
I002276,O000269,P0122,1,9435.87,30
I002277,O000015,P0061,4,9304.99,0
I002278,O000218,P0001,3,58069.01,15
I002279,O000607,P0027,5,551.44,10
I002280,O000300,P0100,3,34938.12,15
I002281,O000681,P0139,3,42709.99,20
I002282,O000492,P0195,1,33875.21,5
I002283,O000900,P0107,1,51435.78,5
I002284,O000382,P0110,1,25832.76,10
I002285,O000973,P0078,2,46971.24,15
I002286,O000281,P0124,4,12778.33,30
I002287,O000169,P0096,1,32352.44,5
I002288,O000332,P0030,5,30908.82,5
I002289,O000955,P0081,2,39195.33,0
I002290,O000009,P0156,2,43663.34,10
I002291,O000813,P0113,4,91187.66,10
I002292,O000296,P0139,3,35555.93,15
I002293,O000175,P0084,2,20902.62,15
I002294,O000993,P0021,3,28314.41,5
I002295,O000849,P0180,5,81878.28,15
I002296,O000675,P0033,1,13618.79,25
I002297,O000484,P0200,2,10498.27,5
I002298,O000791,P0109,5,23377.57,20
I002299,O000730,P0083,5,56445.99,25
I002300,O000175,P0079,3,8088.1,0
I002301,O000119,P0104,3,42063.0,15
I002302,O000057,P0018,1,32098.19,10
I002303,O000614,P0079,4,6065.5,5
I002304,O000375,P0196,3,59388.06,30
I002305,O000750,P0136,3,27367.33,15
I002306,O000365,P0031,5,11200.02,30
I002307,O000209,P0155,2,13359.51,5
I002308,O000128,P0050,4,13968.06,25
I002309,O000246,P0052,5,3922.21,15
I002310,O000526,P0010,5,67308.37,20
I002311,O000362,P0018,4,25481.97,10
I002312,O000446,P0143,1,32397.11,25
I002313,O000419,P0079,2,7641.46,15
I002314,O000052,P0132,5,11574.46,25
I002315,O000193,P0123,4,2524.14,15
I002316,O000388,P0191,5,57934.93,0
I002317,O000230,P0080,4,69989.32,10
I002318,O000645,P0097,3,72248.21,20
I002319,O000589,P0151,1,51286.69,20
I002320,O000568,P0153,2,11274.68,5
I002321,O000726,P0176,1,4438.57,15
I002322,O000535,P0170,3,25134.91,10
I002323,O000961,P0189,5,23615.1,30
I002324,O000630,P0172,5,19505.17,10
I002325,O000912,P0199,5,57969.83,20
I002326,O000114,P0190,1,36664.97,25
I002327,O000474,P0150,5,52924.34,25
I002328,O000840,P0019,5,71205.11,30
I002329,O000921,P0116,1,45016.38,20
I002330,O000938,P0077,3,73428.8,30
I002331,O000436,P0053,2,65399.97,20
I002332,O000085,P0027,2,553.58,20
I002333,O000771,P0088,5,4092.83,5
I002334,O000504,P0157,1,29112.35,20
I002335,O000909,P0003,5,55584.55,30
I002336,O000587,P0185,2,35793.16,20
I002337,O000380,P0013,5,31371.33,20
I002338,O000227,P0054,3,51724.47,10
I002339,O000517,P0191,1,54491.01,25
I002340,O000788,P0004,3,68596.21,0
I002341,O000763,P0192,5,33902.68,0
I002342,O000982,P0064,2,69482.11,10
I002343,O000662,P0035,3,27553.93,0
I002344,O000061,P0147,3,12468.35,30
I002345,O000735,P0129,3,15829.88,10
I002346,O000732,P0055,4,23806.24,25
I002347,O000509,P0136,4,23188.36,5
I002348,O000358,P0177,5,500.64,10
I002349,O000818,P0062,1,69667.17,30
I002350,O000862,P0193,1,62808.44,15
I002351,O000253,P0171,3,53307.26,5
I002352,O000500,P0150,3,58177.34,0
I002353,O000298,P0098,5,46838.51,20
I002354,O000483,P0062,-4,56509.47,20
I002355,O000785,P0108,-4,4274.95,10
I002356,O000534,P0046,3,88815.9,25
I002357,O000079,P0106,1,28341.79,10
I002358,O000914,P0163,5,35143.86,10
I002359,O000849,P0105,3,26177.06,25
I002360,O999602,P0144,-2,1651.25,15
I002361,O000433,P0054,5,39159.85,10
I002362,O000278,P0174,5,64571.41,10
I002363,O000949,P0055,4,19952.97,15
I002364,O000267,P0103,5,65219.87,0
I002365,O000178,P0146,5,47882.16,20
I002366,O000466,P0131,3,22519.57,30
I002367,O000243,P0181,3,75456.52,5
I002368,O000127,P0126,-2,7463.05,30
I002369,O000983,P0142,1,73492.65,30
I002370,O000795,P0070,1,58539.99,20
I002371,O000779,P0129,1,11347.19,15
I002372,O000668,P0114,5,30869.41,15
I002373,O000780,P0073,1,48012.86,25
I002374,O000620,P0003,1,43432.59,20
I002375,O000895,P0164,1,4177.16,5
I002376,O000271,P0090,1,18355.37,30
I002377,O000884,P0044,1,66396.83,10
I002378,O000473,P0116,3,31328.56,0
I002379,O000707,P0182,5,21250.83,20
I002380,O000164,P0056,2,9026.91,0
I002381,O000495,P0160,3,49385.74,5
I002382,O000769,P0037,-4,29390.89,20
I002383,O000155,P0122,3,10215.67,5
I002384,O000182,P0047,4,13591.12,5
I002385,O000015,P0075,2,43444.09,20
I002386,O000053,P0160,3,44696.11,25
I002387,O000221,P0098,1,54444.14,25
I002388,O000174,P0168,2,11879.37,10
I002389,O000812,P0200,4,8395.55,10
I002390,O000420,P0051,5,4270.8,15
I002391,O000321,P0155,1,10747.43,30
I002392,O000989,P0145,4,45834.07,5
I002393,O000798,P0193,4,40758.14,5
I002394,O000833,P0139,1,40710.82,0
I002395,O000400,P0168,2,17870.0,10
I002396,O000892,P0081,3,38150.82,15
I002397,O000584,P0029,1,25365.47,10
I002398,O000251,P0079,2,7746.5,10
I002399,O000189,P0034,1,17256.13,10
I002400,O000220,P0047,3,9730.09,25
I002401,O000748,P0171,3,53373.45,30
I002402,O000905,P0122,-5,10708.48,15
I002403,O000641,P0165,1,65099.81,15
I002404,O000668,P0021,3,25116.48,25
I002405,O000277,P0035,3,22934.76,15
I002406,O000135,P0010,5,52973.38,20
I002407,O000945,P0149,2,6152.87,15
I002408,O000720,P0194,5,21052.95,10
I002409,O000570,P0123,5,1837.19,15
I002410,O000061,P0098,5,51939.01,10
I002411,O000524,P0007,4,1460.79,0
I002412,O000113,P0145,4,54827.87,5
I002413,O000448,P0022,1,86657.07,30
I002414,O000956,P0136,2,29429.04,25
I002415,O000854,P0033,3,15448.07,10
I002416,O000448,P0131,1,19680.15,20
I002417,O000421,P0136,4,26470.15,0
I002418,O000068,P0044,2,59456.32,25
I002419,O000888,P0038,-3,26062.55,5
I002420,O000063,P0001,5,44935.21,10
I002421,O000732,P0191,4,44687.98,0
I002422,O000529,P0001,5,41662.75,0
I002423,O999693,P0104,1,44808.01,25
I002424,O000841,P0039,4,67471.81,30
I002425,O000690,P0149,5,6754.5,20
I002426,O999914,P0012,3,10926.28,0
I002427,O000436,P0141,3,58266.29,0
I002428,O000836,P0153,5,12123.93,5
I002429,O000122,P0112,2,4373.9,0
I002430,O000904,P0134,1,63091.42,10
I002431,O000266,P0178,2,47138.37,10
I002432,O000997,P0039,3,74643.45,0
I002433,O000209,P0093,2,3474.21,15
I002434,O000385,P0083,5,59885.88,25
I002435,O000884,P0070,4,37166.98,0
I002436,O000142,P0141,1,83443.27,20
I002437,O000706,P0024,2,28300.6,20
I002438,O000296,P0197,2,6047.42,0
I002439,O000355,P0136,1,26164.28,5
I002440,O000233,P0120,3,48079.58,10
I002441,O000974,P0041,3,24656.01,10
I002442,O000164,P0023,5,41722.39,10
I002443,O000563,P0028,4,63125.53,30
I002444,O000998,P0162,-5,1810.36,15
I002445,O000905,P0030,4,22398.31,10
I002446,O000419,P0110,1,25408.67,5
I002447,O000089,P0118,2,19403.61,20
I002448,O000948,P0189,1,17048.13,25
I002449,O000970,P0068,-3,17313.05,15
I002450,O000333,P0193,3,56920.01,10
I002451,O000182,P0168,4,13329.32,25
I002452,O000393,P0077,1,50924.85,5
I002453,O000375,P0002,2,17735.37,30
I002454,O000266,P0039,5,54586.98,15
I002455,O000174,P0137,3,43664.82,5
I002456,O000685,P0118,4,12137.3,15
I002457,O000721,P0108,3,4043.08,5
I002458,O000283,P0034,5,27145.65,15
I002459,O000453,P0140,3,19293.01,15
I002460,O000679,P0021,1,30678.29,0
I002461,O000999,P0106,5,26652.27,10
I002462,O000129,P0038,3,27580.14,10
I002463,O000430,P0186,4,77456.31,5
I002464,O000345,P0023,4,42798.99,30
I002465,O000168,P0092,5,33074.41,15
I002466,O000708,P0169,3,49012.26,0
I002467,O000687,P0026,4,14904.51,0
I002468,O000151,P0136,1,23058.83,10
I002469,O000346,P0058,3,93709.34,30
I002470,O000742,P0046,5,88216.79,20
I002471,O000415,P0006,1,1076.04,0
I002472,O000187,P0012,3,9466.74,10
I002473,O000822,P0022,2,62696.82,15
I002474,O000319,P0014,5,35520.85,5
I002475,O000146,P0128,5,50132.95,5
I002476,O000064,P0042,2,64815.07,30
I002477,O000638,P0152,1,55682.83,0
I002478,O000215,P0004,4,54941.17,30
I002479,O000509,P0177,5,648.81,20
I002480,O000047,P0107,1,54492.61,5
I002481,O000963,P0195,5,41545.01,25
I002482,O000265,P0130,3,72307.39,30
I002483,O000337,P0135,1,40537.75,15
I002484,O000229,P0088,2,3939.46,5
I002485,O000542,P0143,4,30025.3,5
I002486,O000480,P0200,1,10523.04,15
I002487,O000437,P0028,5,62746.71,30
I002488,O000133,P0040,5,48160.08,15
I002489,O000493,P0065,1,51154.22,30
I002490,O000042,P0059,4,58980.36,0
I002491,O000818,P0047,1,13134.02,10
I002492,O000477,P0091,5,12619.0,10
I002493,O000889,P0172,2,22126.93,5
I002494,O000994,P0042,4,76222.43,15
I002495,O000685,P0155,5,12844.51,15
I002496,O000484,P0171,4,42649.9,15
I002497,O000707,P0159,5,60842.84,10
I002498,O000767,P0179,2,40216.8,0
I002499,O000917,P0105,2,25614.15,0
I002500,O000203,P0056,5,10077.93,5
