Customer_ID,Customer_Name,Gender,Date_of_Birth,Email,Phone,City,State,Country,Loyalty_Status,Join_Date
1003,Ekaraj Bath,Female,2005-02-28,bimalabuch@example.org,5255341928,Ujjain,Manipur,India,Silver,2025-01-30
1030,Jonathan Swaminathan,Female,1965-11-14,arorabhavani@example.com,0471167190,Phusro,Jharkhand,India,Platinum,2023-10-11
1160,Rayaan Nigam,Male,1990-02-19,sachdevachakradhar@example.net,8270808697,Adoni,Goa,India,Gold,2025-03-20
1491,Geetika Subramanian,Female,1969-01-18,cmital@example.org,9690282498,Bikaner,Sikkim,India,Gold,2024-07-31
1018,Nilima Narain,Male,1995-01-05,jmerchant@example.org,9946804436,Kirari Suleman Nagar,Manipur,India,Platinum,2024-01-28
1388,Noah Sarma,Male,1976-03-11,zramakrishnan@example.net,2939087884,Sagar,Tamil Nadu,India,Gold,2025-10-23
1024,Zayyan Bumb,Female,2001-02-06,vbahl@example.net,0033092327,Phusro,Gujarat,India,Silver,2025-02-26
1232,Varenya Shenoy,Male,1971-10-12,barkhapall@example.net,1581487696,Motihari,Goa,India,Gold,2025-07-26
1344,Ojasvi Krish,Male,2007-05-23,rachanashankar@example.com,0324841376,Arrah,Assam,India,Gold,2024-10-23
1380,Aditya Chaudhuri,Female,1967-12-11,mswamy@example.org,0243765456,Moradabad,Manipur,India,Gold,2024-05-03
1404,Lila Khare,Male,1960-03-08,falandua@example.net,4817175242,Gangtok,Kerala,India,Gold,2026-03-13
1269,Nicholas Bhardwaj,Female,1968-09-25,ekajashenoy@example.net,914565044818,Bareilly,Punjab,India,Silver,2025-12-28
1134,Ekaja Ganesh,Female,1989-02-05,nayaksanya@example.org,5410067626,Etawah,Nagaland,India,Platinum,2023-11-16
1090,Neelima Sarna,Male,1974-04-08,teerthbhalla@example.org,9953428364,Proddatur,Odisha,India,Silver,2023-10-02
1080,Hema Pandya,Female,2001-08-03,veda33@example.com,3757584419,Tenali,Uttarakhand,India,Platinum,2024-11-17
1029,Jagdish Wason,Female,2003-09-22,rehaankalita@example.net,9413435240,Panipat,Arunachal Pradesh,India,Platinum,2024-01-22
1064,Bishakha Sanghvi,Female,1958-07-05,panditwridesh@example.net,5188888067,Dindigul,Himachal Pradesh,India,Gold,2024-07-28
1158,Jagat Tank,Female,1959-03-29,chauhannetra@example.com,1994883755,Malda,Karnataka,India,Platinum,2025-08-31
1170,Hemangini Kakar,Female,2001-04-02,jvala@example.org,913129087814,Chandrapur,Bihar,India,Gold,2023-11-28
1273,Qasim Panchal,Female,1991-07-14,chanamadhav@example.net,2893891190,Nellore,Jharkhand,India,Platinum,2024-01-27
1377,Wriddhish Chander,Female,1997-06-25,daksheshchad@example.net,6827788160,Chennai,Tamil Nadu,India,Gold,2023-12-06
1255,Samaksh Nayak,Female,1993-02-27,azadbhasin@example.com,6253492929,Chandigarh,Maharashtra,India,Gold,2024-05-15
1207,Teerth Brahmbhatt,Male,2006-06-04,vasudha27@example.net,9610556613,Eluru,Arunachal Pradesh,India,Gold,2024-10-27
1403,Arjun Raja,Female,1964-06-21,sbarad@example.org,3322889857,Ramagundam,Kerala,India,Platinum,2025-09-06
1020,Hredhaan Sandal,Male,1984-08-01,patrickvasa@example.com,7278895798,Kozhikode,Telangana,India,Platinum,2024-08-01
1173,Nidhi Kala,Female,1956-04-07,ladurmi@example.net,9427881658,Srikakulam,Sikkim,India,Platinum,2025-09-13
1102,Oliver Saran,Male,1997-09-30,oviya47@example.org,9937124065,Ozhukarai,Manipur,India,Silver,2025-08-23
1135,Umang Gaba,Female,1995-12-20,zborah@example.org,1152621815,Ludhiana,Maharashtra,India,Gold,2025-02-21
1150,Andrew Agrawal,Female,1991-03-19,upkaarpadmanabhan@example.com,9421044789,Raebareli,Sikkim,India,Silver,2024-11-30
1159,Sneha Comar,Male,1968-11-16,kapadiaaarnav@example.com,5102726149,Jamshedpur,West Bengal,India,Silver,2025-12-05
1334,Ladli Choudhry,Male,2002-10-18,shivansh47@example.org,9611223386,Ratlam,Punjab,India,Platinum,2023-08-20
1427,Devika Setty,Female,1994-10-29,yaminicherian@example.org,9836314624,Siliguri,Manipur,India,Silver,2025-10-15
1458,Inaya Chopra,Female,1980-01-23,tripathisachi@example.org,919561642059,Vellore,Rajasthan,India,Platinum,2023-09-26
1496,Aarna D’Alia,Female,1968-12-28,xthakkar@example.com,2686120594,Raebareli,Arunachal Pradesh,India,Platinum,2023-10-11
1070,Dhruv Mannan,Male,1997-03-10,nakul25@example.net,3705895782,Amritsar,Jharkhand,India,Silver,2024-11-26
1085,Udyati Mohanty,Male,2003-04-24,nidrathakkar@example.net,9332727956,Siwan,Uttar Pradesh,India,Platinum,2024-07-20
1233,Harini Joshi,Female,1976-07-04,ksaran@example.com,7199758172,Coimbatore,Punjab,India,Gold,2025-08-06
1108,Tanish Jha,Male,1995-06-29,dev91@example.net,7147859696,Karnal,Kerala,India,Gold,2025-05-16
1394,Udarsh Bajwa,Female,1978-04-03,prisharajan@example.org,1721314519,Karimnagar,Assam,India,Platinum,2025-04-24
1143,Bachittar Shan,Female,1993-01-23,,911035797279,Hapur,Goa,India,Platinum,2024-05-25
1257,Wridesh Chacko,Male,2008-01-26,raytejas@example.org,0742799077,Machilipatnam,Goa,India,Silver,2023-12-18
1373,Aadhya Lad,Male,1984-02-08,zgade@example.com,918314359892,Satna,Uttar Pradesh,India,Silver,2026-03-11
1152,Omaja Sawhney,Female,1990-05-11,jdasgupta@example.com,4618499261,Ichalkaranji,Bihar,India,Gold,2023-08-18
1096,Vinaya Babu,Male,1968-08-09,walinisha@example.org,4086211823,Raichur,Himachal Pradesh,India,Silver,2025-02-17
1147,Jagrati Tripathi,Male,1980-11-02,,8251353465,Bhimavaram,Jharkhand,India,Platinum,2024-06-28
1498,Meghana Kothari,Female,1977-10-08,fradowarrior@example.org,4579389701,Agra,Chhattisgarh,India,Platinum,2024-01-08
1210,Odika Sampath,Female,2007-02-09,ijaya35@example.com,9792703352,Gorakhpur,Telangana,India,Gold,2025-12-29
1262,Onveer Lad,Female,1971-09-26,vedaprabhu@example.com,7292842222,Kalyan-Dombivli,Karnataka,India,Gold,2025-12-16
1347,Bakhshi Walia,Female,1961-10-06,riyabatta@example.net,,Bidar,Andhra Pradesh,India,Platinum,2025-01-25
1046,Sarthak Kalita,Male,1977-07-30,falgunidivan@example.net,8421020539,Akola,Himachal Pradesh,India,Silver,2025-12-12
1186,Dipta Pandya,Male,1963-09-14,amrutagoswami@example.net,3433339521,Kumbakonam,Punjab,India,Silver,2025-11-26
1395,Pranav Sangha,Female,1965-08-08,pratyush62@example.net,911475410225,Amroha,Telangana,India,Platinum,2023-09-24
1042,Gunbir Baral,Male,1973-01-12,ridhi09@example.com,6232858842,Sagar,Telangana,India,Gold,2024-05-09
1252,Omya Agrawal,Male,1989-05-26,rehaandalal@example.net,8373403127,Kozhikode,Sikkim,India,Gold,2026-03-19
1480,Damini Pillai,Female,1999-06-05,,1342491289,Bathinda,Odisha,India,Platinum,2024-10-02
1168,Aarna Reddy,Female,1962-10-08,oseshadri@example.com,1809190158,Barasat,Punjab,India,Platinum,2023-11-05
1055,Timothy Nath,Male,1965-12-12,farajuppal@example.net,5523124329,Belgaum,Tripura,India,Platinum,2024-11-11
1378,Yash Wable,Female,1978-07-18,senom@example.net,2850676251,Panvel,West Bengal,India,Gold,2025-05-09
1319,Aarini Chand,Male,1975-10-29,chaudharyom@example.com,2462095200,Navi Mumbai,Karnataka,India,Gold,2025-10-16
1109,Chameli Chad,Female,1988-08-30,dhritidalal@example.org,912866929662,Miryalaguda,Goa,India,Silver,2025-06-29
1027,Ladli Nayar,Female,2004-07-18,talwarekta@example.org,5494808313,Unnao,Nagaland,India,Silver,2024-07-31
1405,Praneel Sharma,Male,1998-01-19,urvashi47@example.net,0546692758,Dindigul,Assam,India,Gold,2025-01-17
1022,David Jhaveri,Male,1970-06-23,xramachandran@example.net,0546688937,Junagadh,Meghalaya,India,Platinum,2025-11-07
1084,Yutika Narang,Female,1956-04-28,rattangirish@example.org,0463745499,Karimnagar,Tamil Nadu,India,Platinum,2026-04-06
1089,Panini Wali,Female,1957-10-30,pkarpe@example.com,1069033119,Khora,Sikkim,India,Platinum,2023-08-23
1145,Pallavi Puri,Female,2002-02-13,tripti43@example.com,919108589944,Ongole,Assam,India,Silver,2024-11-04
1220,Gautami Doctor,Male,1986-10-03,maanavgola@example.net,7421230940,Panchkula,Nagaland,India,Gold,2025-03-01
1424,Suhani Tak,Male,2002-05-19,prakashharshil@example.org,1563213580,Rampur,Uttar Pradesh,India,Gold,2023-09-30
1471,Sara Rout,Male,1959-11-12,ojaswason@example.org,2980061558,Kadapa,Gujarat,India,Silver,2026-04-02
1098,Victor Kakar,Female,1993-12-03,cmadan@example.org,2503926142,Tezpur,Uttarakhand,India,Gold,2023-12-14
1390,Ekta Bhandari,Male,1977-08-11,parekhtheodore@example.net,918916498373,Kurnool,Odisha,India,Platinum,2024-02-11
1181,Vasudha Gola,Male,2002-12-24,veda44@example.net,3721386589,Nanded,Madhya Pradesh,India,Gold,2025-03-27
1037,Aarnav Mandal,Male,1958-07-07,vrishti27@example.net,8675339636,Bhalswa Jahangir Pur,Tamil Nadu,India,Platinum,2025-04-23
1047,Ishaan Bhatt,Male,2002-03-27,xsen@example.com,9084700766,Pallavaram,Tamil Nadu,India,Platinum,2023-10-08
1206,Chasmum Ahuja,Male,1980-07-10,tristan35@example.org,9921075224,Muzaffarpur,Himachal Pradesh,India,Gold,2023-08-13
1236,Raghav Rajagopalan,Male,1984-07-06,omisha24@example.net,0276212679,Malda,Mizoram,India,Silver,2024-04-13
1005,Theodore Devi,Male,2001-11-02,wchand@example.org,9166978480,Jorhat,Tripura,India,Platinum,2026-01-10
1144,Bhavani Bala,Male,1970-10-09,kbawa@example.net,4680072290,Narasaraopet,Uttar Pradesh,India,Gold,2024-08-23
1032,Bishakha Bali,Female,1959-08-09,,9361832421,Aizawl,Punjab,India,Platinum,2025-04-13
1066,Zehaan Bansal,Female,1973-09-11,,6676527758,Khandwa,Assam,India,Silver,2025-09-26
1361,Neelima Dewan,Male,2001-09-05,dasati@example.net,7863050505,Muzaffarpur,Punjab,India,Silver,2023-12-21
1430,Anya Kara,Male,2003-03-19,zramanathan@example.org,2354940128,Farrukhabad,West Bengal,India,Gold,2024-07-23
1225,Ekansh Morar,Female,1999-06-25,yashawini85@example.org,9902355770,Ongole,Chhattisgarh,India,Silver,2024-05-26
1451,Faraj Bhandari,Female,1992-07-16,revagole@example.com,3429671114,Shimla,Tamil Nadu,India,Platinum,2024-08-10
1010,Zaid Borra,Female,1973-08-04,dchaudhari@example.net,6773602606,Baranagar,Maharashtra,India,Platinum,2024-04-29
1082,Urmi Chaudhry,Male,1967-07-05,abduldugar@example.com,5401938026,Sikar,Uttar Pradesh,India,Silver,2023-12-21
1396,Isaiah Sane,Male,1992-12-04,maanav15@example.org,7676952366,Siwan,Nagaland,India,Gold,2025-07-31
1312,Yasti Muni,Male,1986-01-30,,8105485101,Chapra,Telangana,India,Gold,2024-10-02
1324,Krisha Parmar,Female,1998-02-03,xgoel@example.net,913703045319,Korba,Haryana,India,Platinum,2025-06-09
1121,Ojas Prabhu,Female,1994-02-14,amrutadalal@example.org,911491778507,Arrah,Goa,India,Silver,2025-08-28
1281,Dominic Mody,Female,1994-05-11,nazarethomkaar@example.org,,North Dumdum,Odisha,India,Silver,2024-11-14
1056,Saumya Naidu,Male,1975-01-30,matthew71@example.com,910581477005,Mysore,Punjab,India,Gold,2026-03-20
1177,Manan Bhalla,Male,1996-06-06,aarnagole@example.net,4137977236,Ballia,Uttarakhand,India,Platinum,2024-03-25
1296,Ranbir Dixit,Male,1963-03-14,karpeqadim@example.org,6170758777,Amravati,Kerala,India,Gold,2024-03-09
1409,Hema Mishra,Female,1997-07-01,rushilpalla@example.com,6596089319,North Dumdum,Sikkim,India,Platinum,2023-10-10
1044,Chasmum Rege,Male,1983-10-12,deychakradev@example.org,3826758692,Unnao,Punjab,India,Platinum,2023-10-25
1314,Tanish Sehgal,Female,1964-05-07,pingleneha@example.net,6776228277,Rajpur Sonarpur,Manipur,India,Gold,2025-05-09
1342,Dakshesh Pillay,Female,2003-11-02,gargeta@example.com,8671632346,Kozhikode,Punjab,India,Gold,2025-10-10
1397,Leena Chacko,Male,1980-02-07,kvyas@example.net,0305872105,Durg,Manipur,India,Gold,2025-08-22
1222,Garima Chahal,Male,1980-08-16,chopraomaja@example.org,9827950145,Jabalpur,Tripura,India,Gold,2023-09-07
1041,Rushil Rajagopalan,Male,1996-11-08,pchhabra@example.com,0640909743,Muzaffarnagar,Rajasthan,India,Silver,2024-08-10
1364,Viraj Kapoor,Female,1995-09-13,jack41@example.org,1952569040,Munger,Maharashtra,India,Platinum,2025-03-02
1407,Rachita Iyengar,Male,1977-05-02,enarasimhan@example.com,7147082723,Ghaziabad,Tripura,India,Silver,2024-04-24
1440,Vedhika Iyer,Female,1983-01-28,bhavsaraadi@example.org,3170876014,Udaipur,Uttarakhand,India,Gold,2026-03-20
1326,Anusha Handa,Female,2007-03-13,waliazayyan@example.net,915664187758,Rajahmundry,Arunachal Pradesh,India,Gold,2024-08-25
1391,Sanaya Kata,Male,1967-08-22,jpillay@example.com,2239724042,Narasaraopet,Gujarat,India,Platinum,2026-03-23
1165,Charvi Swaminathan,Female,1978-01-27,elijah58@example.org,2688615335,Durg,Gujarat,India,Platinum,2024-03-13
1214,Lavanya Verma,Male,1976-07-28,omishakhosla@example.net,5782329832,Chinsurah,Tripura,India,Silver,2025-03-20
1365,Jonathan Venkatesh,Male,1976-07-25,hredhaanrana@example.org,3772942095,Panipat,West Bengal,India,Gold,2024-11-26
1421,Dipta Das,Female,1962-07-20,nagaradvay@example.net,5381649383,Narasaraopet,Uttar Pradesh,India,Gold,2025-02-15
1194,Tanmayi Saran,Male,1987-06-22,idika78@example.org,6424008254,Pallavaram,Tripura,India,Silver,2024-02-13
1399,Mason Gopal,Female,1966-06-16,vdey@example.net,7041200928,Tenali,Uttarakhand,India,Silver,2023-11-15
1156,Vinaya Chowdhury,Male,1988-05-04,csastry@example.org,9935889163,Kharagpur,Chhattisgarh,India,Platinum,2023-09-01
1228,Veda Viswanathan,Female,1958-09-07,falak21@example.net,6810409157,Saharsa,Tripura,India,Silver,2024-03-14
1245,Vyanjana Chopra,Female,1958-02-13,raaginikamdar@example.net,0119470720,Shimoga,Chhattisgarh,India,Silver,2026-02-21
1263,Abha Pingle,Female,1986-09-18,sameshbanerjee@example.net,7828410672,Bhatpara,Andhra Pradesh,India,Platinum,2025-12-27
1303,Chavvi Patel,Male,1961-05-27,fmittal@example.org,0303723683,Madhyamgram,Chhattisgarh,India,Gold,2025-04-08
1077,Jasmit Dhawan,Male,1977-03-22,yashodhararatti@example.net,5787298259,Singrauli,Punjab,India,Platinum,2025-03-21
1235,Yashvi Raval,Male,1981-07-05,chaitalybhatia@example.com,1403696566,Bongaigaon,Gujarat,India,Platinum,2025-01-03
1366,Warda Manne,Female,2001-09-04,zbhargava@example.com,2764208656,Karnal,Tripura,India,Platinum,2025-12-26
1317,Lila Kaul,Male,1994-10-19,inori@example.org,0948181398,Jehanabad,Mizoram,India,Gold,2024-12-05
1422,Radhika Nadkarni,Female,1956-12-28,rudra30@example.com,1172959639,Surat,Rajasthan,India,Silver,2023-11-12
1499,Lavanya Vala,Male,1972-02-18,nazarethchasmum@example.com,1613944988,Dindigul,Odisha,India,Silver,2026-02-19
1014,Zayan Behl,Male,1957-12-30,sampatharadhana@example.org,2786801128,Ballia,Nagaland,India,Gold,2026-03-30
1171,Ishanvi Dave,Female,1984-09-09,harishmane@example.net,917594929955,Kolkata,Karnataka,India,Gold,2024-05-20
1192,Megha Madan,Female,1959-11-20,vpatil@example.net,0234132611,Motihari,Arunachal Pradesh,India,Silver,2024-10-13
1295,Gaurav Nadig,Female,1966-10-09,qdhar@example.org,4564494856,Pallavaram,Tripura,India,Silver,2024-12-26
1227,Darika Murty,Female,1985-09-29,magarodika@example.org,4384215031,Karawal Nagar,Mizoram,India,Platinum,2025-03-15
1323,Anjali Korpal,Male,1961-01-24,,9700268768,Siwan,Andhra Pradesh,India,Platinum,2024-08-28
1413,Suhani Raj,Female,1955-10-30,hayreupasna@example.org,0538444463,Patna,Andhra Pradesh,India,Silver,2025-05-02
1461,Janaki Sule,Female,1984-03-12,saumyasahota@example.org,9294455116,Ramgarh,Meghalaya,India,Gold,2025-01-15
1256,Urvashi Shere,Female,1984-07-06,akshay63@example.org,9290600780,Nangloi Jat,Uttar Pradesh,India,Platinum,2025-10-06
1279,Balendra Bali,Male,1966-03-08,chavvigala@example.com,7197889778,Katni,Himachal Pradesh,India,Gold,2025-02-22
1345,Nimrat Seshadri,Male,2003-10-19,zayyanjohal@example.net,7656360041,Khammam,Sikkim,India,Gold,2023-12-29
1112,Jacob Khalsa,Male,1994-07-09,indalisangha@example.org,9584982544,Kottayam,Sikkim,India,Platinum,2025-01-10
1297,Pranit Ganguly,Male,1977-07-24,simon90@example.net,7150416591,Bhopal,Assam,India,Silver,2023-12-11
1119,Orinder Sinha,Male,1997-06-19,badalekansh@example.org,6848666188,Alwar,Assam,India,Platinum,2025-12-17
1383,Zaid Mand,Female,1958-02-26,lallyug@example.net,8923923126,Nellore,Chhattisgarh,India,Silver,2024-03-11
1033,Jeet Sidhu,Female,1956-12-15,neha48@example.net,0659401399,Gangtok,Arunachal Pradesh,India,Silver,2025-12-19
1130,Anamika Gole,Female,2007-07-16,nagartheodore@example.org,91,Ramgarh,West Bengal,India,Platinum,2025-09-06
1500,Anvi Grewal,Male,1962-02-26,yachana09@example.com,916306244795,Kamarhati,Andhra Pradesh,India,Silver,2025-07-22
1343,Yadavi Shanker,Female,1999-07-11,saksham02@example.com,8597779014,Sri Ganganagar,Tamil Nadu,India,Platinum,2025-12-28
1439,Frado Bhakta,Female,1964-10-29,hredhaan59@example.org,0198038287,Bhatpara,Jharkhand,India,Silver,2025-09-30
1277,Mugdha Parekh,Male,1989-06-11,fravel@example.net,1477320101,Mangalore,Madhya Pradesh,India,Gold,2026-01-07
1318,Jai Wali,Female,1967-10-30,anirudhmaharaj@example.org,8956907056,Nagpur,West Bengal,India,Gold,2024-05-08
1356,Yashodhara Suresh,Female,1994-11-25,dalbir66@example.net,5024972439,Ahmedabad,Bihar,India,Gold,2025-05-26
1445,Ayushman Ghosh,Male,1957-03-12,hritik76@example.org,7433268319,Kurnool,Arunachal Pradesh,India,Platinum,2023-11-09
1072,Farhan Krishna,Male,1958-05-07,anvidass@example.net,8299229959,Jodhpur,Arunachal Pradesh,India,Platinum,2024-07-03
1320,Aarna Prashad,Female,1957-07-06,bensamaksh@example.org,6140578617,Muzaffarpur,Andhra Pradesh,India,Gold,2024-02-25
1495,Advika Sama,Female,1956-05-02,nihalrao@example.net,1602529867,Rewa,Maharashtra,India,Silver,2025-03-10
1079,Xavier Balay,Female,1977-08-31,halderanirudh@example.com,3689702838,Hajipur,Madhya Pradesh,India,Silver,2026-03-22
1260,Upma Wali,Female,1989-04-27,siya95@example.net,1624112412,Kurnool,Mizoram,India,Platinum,2025-08-12
1199,Charles Kamdar,Female,2007-12-31,keerradha@example.com,1630097925,Kulti,Goa,India,Gold,2024-10-25
1204,Harrison Kashyap,Female,1992-12-20,mgupta@example.net,8619576122,Dibrugarh,Karnataka,India,Gold,2024-06-18
1240,Aarini Atwal,Female,1989-04-17,ghoshmatthew@example.net,913728051292,Yamunanagar,Haryana,India,Gold,2024-02-09
1254,Eshana Kari,Male,1980-12-17,khalsanitara@example.org,9706239726,Berhampore,Telangana,India,Silver,2024-12-05
1468,Karan Issac,Male,1998-12-10,vartytanish@example.org,9320649693,Karawal Nagar,Mizoram,India,Gold,2024-05-04
1341,Raghav Soman,Female,1974-11-10,,918209702316,Muzaffarpur,Jharkhand,India,Silver,2025-03-16
1452,Chasmum Peri,Male,1969-11-20,yash84@example.com,9741328348,Serampore,Telangana,India,Silver,2025-01-23
1136,Chatresh Chaudhuri,Male,1984-08-23,samesh36@example.net,1069872050,Durg,Uttarakhand,India,Gold,2024-03-31
1400,Yachana Mohan,Male,2002-08-31,pallavidugar@example.com,3690362891,Morena,Karnataka,India,Gold,2025-05-07
1385,Aadi Ben,Female,1980-01-30,simon47@example.com,,Giridih,Mizoram,India,Silver,2023-09-30
1060,Mitesh Gaba,Male,2001-09-14,noahsarma@example.org,9473834735,Surendranagar Dudhrej,Tripura,India,Silver,2026-03-05
1315,Kala Dani,Female,1995-09-02,hchoudhary@example.com,,Nashik,Jharkhand,India,Platinum,2025-07-23
1007,Wriddhish Bhardwaj,Male,2006-12-10,farhanchada@example.net,912782489638,Bijapur,Madhya Pradesh,India,Silver,2024-01-08
1043,Faqid Dhaliwal,Male,1957-03-31,mekhalapau@example.org,1754965137,Phagwara,Haryana,India,Platinum,2024-12-26
1111,Bhavya Ganguly,Female,1975-10-21,jtandon@example.net,8580783613,Hospet,Himachal Pradesh,India,Platinum,2023-09-07
1272,Farhan Sandal,Male,2000-12-21,brahmbhattanirudh@example.com,0890714014,Jalandhar,Uttar Pradesh,India,Gold,2024-01-29
1448,Urishilla Lall,Male,2003-05-23,balihamsini@example.com,2385037199,Sri Ganganagar,Assam,India,Silver,2023-10-14
1338,Aradhana Kari,Male,1956-02-16,daniekbal@example.com,3544439284,Ichalkaranji,Uttarakhand,India,Silver,2023-11-24
1040,Onkar Gill,Male,1995-07-13,rajawridesh@example.com,7407482175,Khandwa,Tamil Nadu,India,Platinum,2025-04-19
1425,Daksha Borde,Male,1971-11-30,forum96@example.com,1252967188,Unnao,Himachal Pradesh,India,Platinum,2023-09-23
1226,Turvi Sachdev,Female,1998-03-07,vermachandani@example.net,"",Aurangabad,Punjab,India,Platinum,2026-03-19
1472,Naksh Wason,Female,1958-06-04,skarnik@example.org,8300081867,Ichalkaranji,Jharkhand,India,Platinum,2025-01-31
1221,Wazir Kalla,Female,2000-01-01,asetty@example.com,913849830220,Vadodara,Chhattisgarh,India,Platinum,2023-07-27
1353,Pooja Sibal,Female,1966-12-17,nitesh33@example.com,4973471566,Gandhidham,Maharashtra,India,Silver,2024-05-31
1371,Abdul Sekhon,Male,2000-05-01,jason02@example.net,4011845826,Kulti,Jharkhand,India,Gold,2026-02-03
1128,Falan Bains,Male,1967-04-22,horasachi@example.org,7029667066,Kakinada,Goa,India,Platinum,2026-03-24
1237,Leena Pant,Female,2003-07-06,quincysamra@example.net,8468950097,Gorakhpur,Odisha,India,Silver,2025-05-07
1464,Gunbir Kata,Male,1976-12-08,wakeeta50@example.net,5220368499,Sri Ganganagar,Jharkhand,India,Silver,2025-05-30
1497,Jairaj Suri,Male,1977-08-20,dperi@example.net,4084245607,Vadodara,Punjab,India,Silver,2025-07-09
1299,Sathvik Gaba,Male,1985-11-09,srau@example.net,6492515837,Fatehpur,Himachal Pradesh,India,Platinum,2025-03-29
1301,Chakrika Batta,Male,1967-10-06,bathyochana@example.org,9454918017,Singrauli,Arunachal Pradesh,India,Silver,2024-10-27
1286,Vedika Bahri,Female,2008-04-16,chackodipta@example.net,911623198189,Mehsana,Assam,India,Platinum,2025-11-20
1348,Dev Kannan,Female,1970-02-03,ganesholiver@example.org,5839386613,Raurkela Industrial Township,Karnataka,India,Platinum,2023-08-10
1443,Madhavi Varghese,Female,2008-04-23,ghoshmax@example.com,4617679298,Bikaner,Tamil Nadu,India,Silver,2025-09-07
1193,Hemang Lala,Female,1992-05-01,fradoramakrishnan@example.com,2282005577,Motihari,Manipur,India,Gold,2023-08-28
1336,Vasudha Talwar,Male,1972-11-12,lloyal@example.com,7363466925,Guntur,Tripura,India,Gold,2024-04-22
1494,Wahab Pillay,Male,1984-07-07,harini80@example.net,7303461562,Anantapuram,Jharkhand,India,Platinum,2024-06-27
1183,Bahadurjit Uppal,Female,1961-09-06,omkaarbanik@example.com,4656693801,Karaikudi,Odisha,India,Gold,2025-09-30
1036,Girik Kar,Male,1996-05-01,shenoyjacob@example.net,4677378263,Coimbatore,Himachal Pradesh,India,Silver,2023-08-09
1031,Omaja Kara,Male,1993-02-08,cseshadri@example.com,0913341232,Sangli-Miraj & Kupwad,Andhra Pradesh,India,Platinum,2023-11-28
1434,Garima Raman,Female,2002-03-12,tmajumdar@example.org,9167954107,Kirari Suleman Nagar,Sikkim,India,Silver,2024-09-03
1045,Kamala Kalla,Female,1958-12-27,psaxena@example.com,0643171390,Latur,Chhattisgarh,India,Gold,2025-04-12
1103,Charita Nagi,Female,1995-11-05,varenyamurthy@example.org,919356465193,Jamalpur,Andhra Pradesh,India,Gold,2024-12-19
1162,Kevin Gokhale,Male,2006-08-05,jack58@example.com,0810620034,Baranagar,Sikkim,India,Platinum,2026-03-14
1250,Ekanta Kala,Female,1998-07-26,,2582739021,Sangli-Miraj & Kupwad,Andhra Pradesh,India,Platinum,2024-01-22
1325,Avni Tailor,Female,1995-07-27,abhimanyuhayre@example.net,8728399921,Amritsar,Chhattisgarh,India,Platinum,2025-08-24
1379,Vasudha Memon,Female,1979-08-18,tanay09@example.com,7970509754,Kolkata,Kerala,India,Silver,2024-01-18
1478,Chaitaly Madan,Male,1991-03-25,kamya92@example.org,5894773522,Hyderabad,Karnataka,India,Silver,2024-10-21
1483,Aryan Pau,Female,1995-06-08,upal@example.com,916520375830,Ozhukarai,Bihar,India,Gold,2025-05-25
1197,Gautam Dora,Male,1987-07-16,takteerth@example.com,7051204618,Nellore,Uttarakhand,India,Silver,2025-05-30
1308,Chandresh Sarma,Male,2005-05-24,gchoudhry@example.net,911213524787,Jamnagar,Rajasthan,India,Platinum,2025-09-26
1331,Upasna More,Male,2000-12-28,bishakha50@example.net,8065333153,Bhind,Punjab,India,Platinum,2025-11-05
1462,Sudiksha Aurora,Male,1964-03-20,jaisahota@example.com,6021288665,Proddatur,Haryana,India,Gold,2026-03-27
1062,Ikshita Bala,Female,1987-09-11,zbera@example.net,5305152204,Nandyal,Manipur,India,Gold,2024-06-27
1073,Omaja Balasubramanian,Female,1996-10-29,pmann@example.com,7102767735,Satara,West Bengal,India,Gold,2026-04-10
1200,Darpan Bhasin,Female,2003-08-19,mitesh81@example.org,5730652407,Karaikudi,Jharkhand,India,Gold,2025-09-02
1389,Onveer Kapur,Male,1977-08-19,wallawazir@example.com,4033810595,Jamalpur,Himachal Pradesh,India,Silver,2024-09-08
1001,Anvi Konda,Female,1984-02-04,liamchaudry@example.net,0133890838,Sultan Pur Majra,Odisha,India,Silver,2026-04-07
1485,Fitan Saini,Male,1956-07-05,bhallasachi@example.net,4390552958,Erode,Uttarakhand,India,Silver,2024-03-12
1126,Nachiket Cherian,Female,1958-04-16,shivanishukla@example.com,3747411249,Khammam,Chhattisgarh,India,Silver,2024-05-28
1105,Ikbal Kothari,Female,1985-11-17,ojas90@example.net,0143888993,Katni,Manipur,India,Silver,2025-01-27
1219,Maya Sachdev,Female,2005-01-03,shravya02@example.com,5211175186,Burhanpur,Nagaland,India,Gold,2026-01-13
1270,Charvi Madan,Male,1970-08-04,gopal89@example.com,4576521328,Karaikudi,Punjab,India,Platinum,2024-04-03
1450,Prisha Devi,Female,1994-03-14,sarmajacob@example.net,916033190368,Kanpur,West Bengal,India,Gold,2025-02-24
1099,Leena Dey,Male,1971-01-26,tellahiral@example.org,5999650477,Begusarai,Madhya Pradesh,India,Gold,2025-03-14
1069,Atharv Grewal,Male,2004-02-02,yvasa@example.net,913947312172,Chandigarh,Uttar Pradesh,India,Silver,2024-09-23
1300,Pahal Pillay,Male,1988-01-18,radhasandhu@example.org,3278814761,Jalgaon,Chhattisgarh,India,Platinum,2025-12-09
1057,Turvi Barman,Male,1991-03-17,uguha@example.net,7151820377,Bharatpur,Kerala,India,Silver,2026-01-26
1209,Adweta Chada,Male,1960-06-02,bthaker@example.net,3769389833,Chinsurah,Karnataka,India,Silver,2025-12-22
1349,Diya Arora,Female,1967-03-19,dkala@example.org,0136497189,Bareilly,Punjab,India,Silver,2024-04-13
1124,Abeer Rout,Male,1961-11-16,kaulhiral@example.net,914138367024,Ahmednagar,West Bengal,India,Gold,2024-05-17
1243,Guneet Vohra,Female,1996-09-10,sehgalindali@example.org,0910939111,Gandhinagar,Sikkim,India,Gold,2023-11-01
1195,Qushi Master,Male,2007-07-28,abhimanyuprakash@example.org,3266341638,Anantapuram,Rajasthan,India,Gold,2025-07-29
1015,Benjamin Morar,Male,1983-07-25,balveer53@example.net,6923226025,Shimoga,Goa,India,Gold,2024-03-05
1122,Jack Kari,Female,1974-01-02,basuadvik@example.org,2208635365,Aurangabad,Kerala,India,Silver,2024-08-18
1239,Chaitaly Mann,Female,1989-12-13,balendramodi@example.net,2904904712,Alwar,Himachal Pradesh,India,Gold,2024-12-14
1026,Advik Salvi,Female,1972-04-01,bcherian@example.com,918498776945,Alwar,Manipur,India,Gold,2025-02-13
1329,Daksh Ben,Male,1986-06-12,lakshmi61@example.net,0767699150,Dharmavaram,Gujarat,India,Gold,2025-05-19
1449,Kai Madan,Female,1993-02-21,chawlabalendra@example.com,914300038960,Faridabad,Madhya Pradesh,India,Platinum,2025-04-25
1008,Jai Kota,Female,2001-01-25,devanshnigam@example.org,1031051834,Kakinada,Nagaland,India,Silver,2025-02-18
1083,Baljiwan Andra,Male,1975-08-15,hredhaan54@example.com,4315274205,Akola,Punjab,India,Platinum,2025-08-26
1188,Diya Anand,Female,1968-01-23,kadeladli@example.net,4284347955,Khandwa,Gujarat,India,Silver,2024-01-21
1321,Yatin Dass,Female,1975-03-25,niharika71@example.net,2386870079,Mumbai,Arunachal Pradesh,India,Silver,2024-09-09
1017,Ikbal Saraf,Female,2000-09-29,dipta69@example.net,4060883561,Satara,Sikkim,India,Platinum,2026-01-05
1261,Omaja Deo,Female,2000-11-08,apalan@example.com,0385695579,Berhampore,Jharkhand,India,Platinum,2026-03-19
1028,Vritti Sem,Male,1973-12-24,chanderchaitaly@example.org,5788568557,Chandrapur,Haryana,India,Silver,2024-07-26
1213,Balveer Kota,Female,1974-08-12,gauri76@example.net,915438404608,Saharanpur,Karnataka,India,Platinum,2025-06-29
1248,Xalak Walla,Female,2005-08-04,cbabu@example.com,1387829310,Unnao,Rajasthan,India,Platinum,2025-11-04
1034,Arunima Golla,Female,1961-07-15,fswamy@example.com,1256746807,Nizamabad,Karnataka,India,Platinum,2024-04-16
1246,Yutika Swaminathan,Female,1998-07-28,zsarin@example.net,916719855460,Ambarnath,Nagaland,India,Silver,2024-12-12
1305,Vincent Bhat,Male,1987-06-24,,1795760243,Bahraich,Haryana,India,Platinum,2025-03-30
1061,Yadavi Wable,Male,1990-06-24,medwin@example.net,5818141247,Junagadh,Assam,India,Silver,2024-09-28
1091,Champak Padmanabhan,Male,1993-10-25,,6287334270,Erode,Nagaland,India,Platinum,2024-04-16
1169,Lakshmi Rana,Female,1955-11-21,,4245088210,Siwan,Nagaland,India,Platinum,2023-11-30
1187,Vasatika Prabhu,Female,1979-03-06,waida94@example.com,3920867808,Akola,Manipur,India,Platinum,2023-07-29
1406,Adya Basak,Female,1999-04-08,kondaabhiram@example.org,9613671577,Moradabad,Assam,India,Silver,2025-04-20
1453,Ria Setty,Male,1985-10-05,bailwishi@example.org,4104967066,Rajahmundry,Gujarat,India,Platinum,2024-02-24
1023,Nidhi Gandhi,Male,1969-12-12,ndatta@example.net,0162720465,Khammam,Karnataka,India,Platinum,2023-09-02
1131,Patrick Khalsa,Female,1971-05-17,jagrati90@example.net,9378427010,Jaipur,Mizoram,India,Gold,2025-03-13
1351,Darpan Devan,Female,2006-08-15,wishi43@example.org,9752450864,Berhampur,West Bengal,India,Platinum,2025-05-14
1172,Rajata Malhotra,Male,2005-06-18,krish57@example.com,8129142834,Aurangabad,Andhra Pradesh,India,Gold,2024-08-04
1493,Urishilla Ramesh,Female,1979-02-24,,5265469681,Dharmavaram,Andhra Pradesh,India,Gold,2024-03-22
1355,Mohammed Gupta,Female,1981-09-24,aryaxiti@example.net,6567491601,Jammu,Tripura,India,Platinum,2024-02-16
1359,Aashi Rege,Female,1956-03-11,ochopra@example.org,1415093771,Shimoga,Tripura,India,Gold,2023-10-18
1408,Qushi Solanki,Female,1970-02-11,chaturakakar@example.org,1214614768,Udaipur,Uttarakhand,India,Silver,2025-02-28
1016,Upma Kapadia,Female,1957-06-04,trivenipalla@example.com,6541458685,Bhilwara,Goa,India,Silver,2024-01-02
1051,Anjali More,Female,2004-08-25,indali02@example.org,1836675254,Tezpur,Punjab,India,Silver,2024-09-06
1078,Yashica Upadhyay,Female,1995-04-03,emistry@example.org,9409749930,Tirunelveli,Mizoram,India,Silver,2024-10-25
1274,Tanish Thaman,Female,1987-04-02,speri@example.net,5663836151,Saharsa,Chhattisgarh,India,Gold,2024-04-10
1306,Upadhriti Deep,Male,1989-02-21,,1722329716,Noida,Gujarat,India,Gold,2025-09-14
1229,Shaurya Nagi,Male,1992-06-18,reyanshmangat@example.com,2241098813,Jamalpur,Karnataka,India,Platinum,2024-11-15
1304,Jackson Ganesan,Female,1989-04-11,saisundaram@example.com,3496050166,Vadodara,Meghalaya,India,Silver,2025-07-24
1455,Nicholas Raj,Female,2000-05-28,ikhanna@example.org,918459609454,Narasaraopet,Andhra Pradesh,India,Gold,2025-12-17
1087,Christopher Setty,Female,2003-03-17,yochanasagar@example.com,0640391065,Hosur,Arunachal Pradesh,India,Gold,2023-12-07
1185,Harinakshi Shanker,Male,1961-11-15,ebala@example.org,3565880434,Tiruvottiyur,Assam,India,Gold,2025-12-09
1287,Dhriti Narayan,Male,1977-01-30,bkeer@example.org,4764907851,Fatehpur,Sikkim,India,Silver,2024-07-22
1370,Veda Saraf,Female,2000-05-12,jeremiah15@example.org,8887189813,Bokaro,West Bengal,India,Platinum,2026-01-25
1375,Girish Wadhwa,Male,1973-03-04,baghyawati84@example.net,6258896792,Anand,Tamil Nadu,India,Silver,2025-10-13
1438,Nirja Shenoy,Female,1964-02-12,balaoviya@example.org,9852989406,Chennai,Manipur,India,Silver,2025-05-13
1302,Dipta Sha,Male,2000-03-04,vlanka@example.org,4168006102,Jaunpur,Tamil Nadu,India,Silver,2023-11-25
1249,Xavier De,Female,1984-07-19,gerachandresh@example.com,9111799313,Rewa,Karnataka,India,Gold,2023-08-17
1436,Gabriel Madan,Female,1976-09-09,ronithsankaran@example.net,,Phusro,Maharashtra,India,Gold,2024-10-01
1202,Lila Gupta,Male,1968-08-01,ndube@example.com,1810220317,Patna,Odisha,India,Silver,2024-11-28
1176,Siddharth Doctor,Female,1958-06-25,nakulpathak@example.net,1777392603,Chapra,Odisha,India,Platinum,2023-11-15
1196,Raghav Biswas,Male,1962-07-04,labanmann@example.org,9735020802,Agartala,Chhattisgarh,India,Silver,2025-10-22
1335,Ranbir Wason,Male,1981-01-05,manthan53@example.org,7317912868,Kadapa,Manipur,India,Platinum,2025-05-16
1339,Advik Sodhi,Male,1969-10-22,mitalikari@example.org,9877515366,Hospet,West Bengal,India,Platinum,2025-01-07
1178,Oliver Oommen,Female,1996-05-12,obiswas@example.com,3886291279,Katihar,Mizoram,India,Gold,2024-04-26
1198,Advik Dara,Female,1963-11-09,lekhasavant@example.org,8376452088,Ongole,Rajasthan,India,Platinum,2024-08-10
1412,Lakshmi Mane,Male,1995-02-05,smander@example.net,0961798178,Ramagundam,West Bengal,India,Platinum,2026-01-28
1230,Yash Garg,Male,1995-11-19,mukhopadhyayhamsini@example.net,7016016629,Tadepalligudem,Kerala,India,Platinum,2024-09-12
1157,Naksh Tiwari,Female,1985-10-09,ktandon@example.org,4083866317,Hubli–Dharwad,West Bengal,India,Platinum,2025-12-02
1013,Bhavani Dugar,Male,2004-05-18,nmittal@example.net,2411824493,Kurnool,Sikkim,India,Platinum,2023-11-02
1363,Siddharth Garde,Female,1970-10-10,cherianradhika@example.net,4347128715,Tiruvottiyur,Madhya Pradesh,India,Platinum,2025-11-04
1426,Upkaar Chanda,Male,1978-09-17,chaman15@example.net,7030376371,Gudivada,Tripura,India,Silver,2024-11-30
1071,Nimrat Borah,Male,1976-03-29,edhithaborah@example.com,8922680182,Nanded,Karnataka,India,Gold,2025-03-28
1271,Omisha Sharma,Male,1964-04-21,dadakaran@example.org,912798524013,Ambattur,Jharkhand,India,Platinum,2025-10-12
1021,Yug Malhotra,Male,1959-12-01,rkhare@example.com,5581223623,Vellore,Karnataka,India,Gold,2025-07-25
1384,Gavin Behl,Female,1979-06-07,hreddy@example.com,7086041454,Shahjahanpur,Karnataka,India,Platinum,2025-05-11
1447,Jacob Tara,Female,1997-02-20,charanzachariah@example.com,6512418938,Silchar,Punjab,India,Gold,2025-09-29
1489,Sarthak Oommen,Female,1981-04-06,gautam83@example.com,1827279559,North Dumdum,Tamil Nadu,India,Silver,2026-04-17
1247,Bimala Jain,Male,1971-10-10,balveerrajagopalan@example.net,5717320309,Pali,Assam,India,Silver,2024-12-28
1048,Ekanta Divan,Male,1986-04-10,,4789611836,Haridwar,Karnataka,India,Silver,2025-06-07
1076,Krish Lalla,Female,2001-11-05,neha50@example.com,5841687849,Warangal,Bihar,India,Platinum,2023-07-31
1140,Zinal Shanker,Male,1973-07-09,virkoni@example.org,9911914856,Shivpuri,Odisha,India,Silver,2025-11-22
1352,Samesh Zacharia,Female,1961-10-15,kotharitristan@example.net,7017130232,Guntakal,Nagaland,India,Gold,2024-12-14
1074,Mohini De,Female,1966-05-31,yutika81@example.com,7321046963,Gangtok,Telangana,India,Silver,2024-11-26
1357,Faris Vasa,Female,2006-06-30,pallavigandhi@example.com,6946119524,Sikar,Tamil Nadu,India,Silver,2023-12-09
1463,Gayathri Chokshi,Female,1980-09-18,borahisha@example.com,7229812099,Nadiad,Karnataka,India,Platinum,2024-10-16
1362,Ijaya Sangha,Male,1966-12-24,uchaudhry@example.com,8980271487,Bhiwandi,Meghalaya,India,Silver,2025-08-09
1446,Nikita Bora,Female,1994-04-11,qasim87@example.org,5598217661,Warangal,Uttar Pradesh,India,Silver,2024-02-22
1161,Ekanta Thaman,Female,2003-12-27,msahota@example.net,4722698485,Kollam,Gujarat,India,Gold,2024-02-03
1110,Rachit Murty,Male,1994-01-08,wbera@example.org,8876767721,Muzaffarnagar,Jharkhand,India,Gold,2025-08-17
1475,Sneha Kapur,Male,1972-07-22,ranganathanvincent@example.com,4521182379,Ajmer,Madhya Pradesh,India,Gold,2025-03-21
1167,Gopal Ganesh,Female,1959-03-28,bhattishivansh@example.net,8612075011,Chandrapur,Nagaland,India,Silver,2024-05-13
1182,Maanav Sinha,Female,1985-06-01,echakrabarti@example.com,0669849027,Panihati,West Bengal,India,Platinum,2026-04-01
1267,Nimrat Mahajan,Female,1970-10-28,jgill@example.com,4870494787,Delhi,Chhattisgarh,India,Gold,2025-02-21
1372,Sai Dey,Male,1979-12-24,hmunshi@example.com,0324329839,Warangal,Telangana,India,Gold,2023-09-28
1068,Raksha Banerjee,Female,1991-07-29,,0927557192,Sikar,Karnataka,India,Silver,2024-03-23
1189,Nandini Mammen,Male,1989-07-17,kgole@example.org,8663227026,Hazaribagh,Nagaland,India,Gold,2025-04-30
1481,Urvashi Kadakia,Female,2000-10-14,aarnavkata@example.org,2705102876,Khammam,Jharkhand,India,Gold,2026-01-23
1146,Aradhana Lal,Female,2003-09-24,raghav28@example.org,2074466609,Tiruvottiyur,Telangana,India,Platinum,2024-12-22
1429,Lavanya Sami,Female,1959-02-28,chaitalygulati@example.com,9786103131,Ramgarh,Himachal Pradesh,India,Platinum,2025-02-12
1191,Bhavani Pant,Female,1978-12-05,yashvi77@example.org,2256996112,Satara,Karnataka,India,Platinum,2026-02-13
1369,Gaurav Sheth,Male,1988-03-04,omaharaj@example.net,1117830999,Bareilly,Uttar Pradesh,India,Platinum,2026-01-30
1155,Nandini Ratta,Male,1997-02-22,ymagar@example.net,912021697972,Secunderabad,Punjab,India,Silver,2025-01-01
1139,Yadavi Varughese,Female,1961-06-20,jaisen@example.org,910616329451,Miryalaguda,Madhya Pradesh,India,Gold,2023-11-18
1208,Eiravati Zacharia,Male,1964-07-16,etathakkar@example.net,7998136462,Gwalior,Meghalaya,India,Gold,2024-11-03
1346,Ekansh Butala,Female,2001-08-22,rakshadey@example.com,9124186210,Jamnagar,Manipur,India,Gold,2025-07-09
1360,Gunbir Kakar,Male,1959-06-10,prashadzinal@example.com,6555535669,Bathinda,Uttar Pradesh,India,Silver,2023-07-30
1401,Nitesh Bhagat,Female,1956-04-16,panini34@example.org,5034281139,Maheshtala,Nagaland,India,Platinum,2026-04-11
1218,Lila Varty,Female,2004-09-20,guptabishakha@example.com,2649082771,Bokaro,Tripura,India,Silver,2025-10-31
1035,Turvi Sachdev,Male,2003-11-05,guhazarna@example.com,4824771093,Bijapur,Nagaland,India,Platinum,2024-01-15
1211,Bhavna Atwal,Female,1981-03-04,indrajit47@example.com,3388487920,Rohtak,Goa,India,Platinum,2023-10-11
1423,Bhavani Deep,Male,2008-04-04,ibansal@example.net,7164455618,Kumbakonam,Punjab,India,Platinum,2025-12-29
1065,Hemani Khosla,Female,1969-02-12,natarajankiaan@example.org,917722170430,Satna,Jharkhand,India,Platinum,2023-08-13
1241,Hemani Bhagat,Male,1975-03-13,jack02@example.com,8366742860,Eluru,Sikkim,India,Platinum,2025-06-01
1039,Vinaya Banik,Male,1984-11-07,keerbhavna@example.org,7240050455,Sambalpur,Mizoram,India,Silver,2025-10-24
1268,Jeet Mani,Male,2002-10-15,fgola@example.net,7195979647,Dindigul,Mizoram,India,Platinum,2024-08-30
1398,Xavier Kade,Female,1980-05-26,dakshdevi@example.org,5019179202,Vijayawada,Haryana,India,Gold,2024-02-27
1142,Ekani Luthra,Female,1994-03-30,mchakraborty@example.com,5082148628,Malegaon,Gujarat,India,Gold,2024-10-27
1163,Chakrika Jani,Male,2006-02-25,parmersneha@example.org,8406665800,Panihati,Punjab,India,Platinum,2024-08-11
1266,Darika Sehgal,Female,1991-04-17,kalesachi@example.net,6629912347,Amritsar,Odisha,India,Platinum,2024-10-03
1376,Kritika Loke,Female,1976-05-06,prabhakarzaid@example.net,5784468341,Satara,West Bengal,India,Platinum,2024-03-16
1123,Praneel Kapoor,Male,1987-02-11,rattanekapad@example.com,8705349493,Gudivada,Meghalaya,India,Silver,2024-01-20
1258,Aarav Bobal,Male,1963-02-05,hnatarajan@example.org,8931950850,Ambarnath,Manipur,India,Gold,2025-02-13
1276,Meghana Sarma,Female,2004-11-22,darluke@example.com,1535396136,Alwar,Tripura,India,Platinum,2025-08-20
1307,Jagrati Lal,Male,2007-12-13,nathan28@example.org,9318374550,Saharanpur,West Bengal,India,Gold,2025-11-30
1049,Girish Munshi,Male,1993-10-05,qmunshi@example.com,1116152809,Bhilai,Maharashtra,India,Silver,2025-06-22
1242,Gunbir Wali,Female,1992-10-22,rachana94@example.com,9673938525,Bangalore,Uttarakhand,India,Silver,2024-11-20
1265,Rohan Bajaj,Male,1980-09-12,yohannansanaya@example.net,7599805626,Serampore,Andhra Pradesh,India,Gold,2024-05-17
1293,Nilima Dhingra,Male,2005-08-20,mannanadweta@example.org,7107256366,Srinagar,Bihar,India,Gold,2024-05-08
1432,Bina Kari,Female,2003-11-15,mananchandra@example.org,5847457054,Kadapa,Tripura,India,Platinum,2024-01-04
1290,Sachi Deshpande,Female,2005-07-28,,1238296577,Bhilwara,Goa,India,Platinum,2023-08-30
1310,Tara Varty,Female,1975-09-02,ayushman72@example.org,916260602908,Rewa,Sikkim,India,Gold,2025-05-15
1368,Krisha Sane,Male,1982-07-15,dakshchar@example.com,8596263013,Barasat,Tamil Nadu,India,Gold,2025-12-29
1492,Dayamai Dhaliwal,Male,2002-02-20,tara62@example.com,4412336132,Kolkata,Meghalaya,India,Gold,2024-12-17
1280,Ira Mane,Male,2000-07-17,darsh09@example.org,0561655650,Shahjahanpur,Haryana,India,Platinum,2025-08-25
1419,Warhi Sarin,Male,2006-05-20,qhans@example.org,9942376769,Imphal,Punjab,India,Platinum,2025-11-21
1466,Baghyawati Sandhu,Male,2005-01-15,iverma@example.com,6741241513,Khammam,Goa,India,Silver,2023-08-28
1224,Watika Venkatesh,Male,1979-05-04,ztailor@example.org,1071396605,Hyderabad,Rajasthan,India,Platinum,2025-12-28
1088,Bhavini Rege,Male,2005-01-28,krishnasalvi@example.com,1825128682,Delhi,Tripura,India,Platinum,2023-11-03
1238,Lucky Vyas,Female,1990-06-07,udyati81@example.net,8949058077,Chapra,Telangana,India,Silver,2025-08-05
1327,Diya Ahluwalia,Male,1957-03-07,vhayer@example.org,3325411076,Chandrapur,Haryana,India,Silver,2024-09-22
1094,Samar Prabhakar,Male,1972-04-07,odika09@example.org,9964235369,Jamalpur,Rajasthan,India,Platinum,2025-07-17
1330,Ekansh Hari,Female,1999-11-23,yashodharakunda@example.com,2320024968,Bijapur,Odisha,India,Platinum,2024-01-02
1164,Ronith Hari,Male,1978-01-15,saumya21@example.org,0648422940,Bhatpara,Arunachal Pradesh,India,Platinum,2025-06-06
1298,Sudiksha Luthra,Male,1982-09-08,narayancaleb@example.net,3045018961,Mangalore,Haryana,India,Platinum,2025-07-02
1011,Ranveer Minhas,Female,1960-03-03,dalbirbhat@example.net,7882081219,Sambhal,Bihar,India,Platinum,2025-11-28
1309,Jason Jaggi,Female,1984-03-29,xsagar@example.org,8214565328,Durgapur,Uttar Pradesh,India,Gold,2025-02-03
1428,Amol Sharma,Male,1978-04-04,amarabalakrishnan@example.com,8156326868,Gandhidham,Himachal Pradesh,India,Silver,2024-01-01
1456,Aishani Gola,Male,1976-11-30,bshere@example.com,917836091498,Gandhidham,Goa,India,Gold,2024-01-28
1106,Hemani Bakshi,Female,2004-09-04,scheema@example.com,4573875717,Imphal,Assam,India,Silver,2026-01-18
1457,Aashi Talwar,Male,1973-01-23,utkarshghosh@example.org,2879508304,Nagercoil,Nagaland,India,Silver,2024-08-22
1009,Xavier Solanki,Male,1992-01-15,ggupta@example.org,917010651333,Kolhapur,Maharashtra,India,Gold,2024-02-09
1275,Bhavya Baria,Male,2001-10-04,narangwakeeta@example.org,4738646317,Mangalore,Andhra Pradesh,India,Silver,2025-08-27
1284,Xalak Kala,Male,1959-12-06,oloyal@example.net,3572324665,Haridwar,Himachal Pradesh,India,Platinum,2023-08-16
1278,Michael Mitter,Female,1963-08-27,bosezinal@example.com,7848588006,Hospet,Karnataka,India,Platinum,2026-02-12
1012,Finn Saini,Female,1970-01-18,advika35@example.org,917510799118,Mira-Bhayandar,Kerala,India,Platinum,2025-12-19
1476,Daniel Tak,Female,1977-06-12,nisha45@example.org,6043878753,Karawal Nagar,Mizoram,India,Platinum,2026-03-02
1093,Siddharth Gupta,Female,1989-05-20,srinivasxavier@example.net,5467854458,Navi Mumbai,Uttar Pradesh,India,Silver,2024-12-17
1101,Harshil Bal,Male,1964-12-28,pandyagirik@example.net,6618398262,Barasat,Himachal Pradesh,India,Gold,2025-06-15
1153,Ryan Lall,Male,1965-09-11,ishitarout@example.com,3753001197,Sasaram,Assam,India,Gold,2023-12-31
1117,Nitesh Sarraf,Female,1999-05-31,tanay26@example.net,2196565234,Kulti,Nagaland,India,Silver,2024-02-25
1050,Charan Mani,Female,2007-10-08,indira19@example.net,1585149368,Narasaraopet,Sikkim,India,Silver,2025-01-18
1116,Kevin Kara,Female,1964-11-16,aandra@example.net,7136111554,Guntur,Rajasthan,India,Gold,2024-06-14
1166,Aditya Contractor,Female,1985-11-12,sanaya39@example.net,1648408588,Varanasi,Jharkhand,India,Silver,2026-03-05
1215,Ekansh Walia,Male,1997-07-12,goureesha@example.org,4742312209,Medininagar,Odisha,India,Platinum,2024-02-29
1231,Farhan Shroff,Male,1986-05-23,giriksidhu@example.org,3329456255,Ludhiana,Assam,India,Gold,2024-11-15
1259,Jeevika Gill,Male,1959-11-10,jayaramanlakshit@example.com,9335548640,Hapur,Manipur,India,Gold,2026-03-06
1387,Idika Pau,Female,2005-12-13,bdalal@example.org,0294240903,Shimla,Sikkim,India,Silver,2024-05-11
1217,Reva Suri,Female,1986-08-21,tanvi36@example.com,916999880817,Sambalpur,Mizoram,India,Gold,2024-05-31
1442,Pavani Divan,Male,1966-04-26,mandertanvi@example.org,0970527740,Orai,West Bengal,India,Silver,2024-01-01
1469,Brinda Sundaram,Female,1977-03-31,mramanathan@example.com,1467536127,Sri Ganganagar,Tamil Nadu,India,Silver,2024-04-23
1179,Kalpit Zacharia,Female,2007-08-30,sankarosha@example.com,7659916247,Gwalior,Jharkhand,India,Platinum,2024-01-17
1381,Irya Saraf,Male,1988-10-28,parmerrushil@example.org,6650237416,Warangal,Karnataka,India,Gold,2025-05-31
1431,Ekaraj Ganesan,Female,1955-08-13,gaurangishah@example.org,0241209579,Shahjahanpur,Meghalaya,India,Gold,2024-07-23
1467,Sudiksha Varghese,Female,1987-07-15,murtybalvan@example.com,918003296334,Shivpuri,Uttarakhand,India,Platinum,2025-09-13
1054,Dhriti Sanghvi,Female,1991-03-15,ssahni@example.org,9751613696,Tenali,West Bengal,India,Gold,2025-07-02
1063,Anirudh Kunda,Female,1992-01-09,masonwable@example.com,911036971179,Kottayam,Odisha,India,Silver,2026-02-28
1067,Ekani Chauhan,Male,2001-03-21,,7570596401,Bharatpur,Mizoram,India,Platinum,2025-05-17
1120,Nachiket Yadav,Male,1956-05-28,,1617990421,Hyderabad,Goa,India,Gold,2024-11-11
1311,Hemangini Anand,Female,2004-11-20,,917563410856,Saharsa,Nagaland,India,Platinum,2025-11-25
1393,Frederick Jain,Male,1975-09-27,varshasawhney@example.org,913084810018,Sasaram,Uttarakhand,India,Platinum,2023-12-31
1059,Joshua Vyas,Female,1990-02-03,sampathyashoda@example.com,3573322141,Naihati,Tripura,India,Silver,2025-02-23
1382,Karan Choudhary,Male,1961-03-02,bailjonathan@example.org,0569067447,Shahjahanpur,Punjab,India,Gold,2025-03-31
1004,Ekta Bhalla,Male,1992-03-22,azadmutti@example.com,5376724238,Bhimavaram,Maharashtra,India,Platinum,2025-02-27
1127,Meghana Varghese,Male,1964-06-09,mistryabha@example.org,8317121003,Rewa,Kerala,India,Silver,2023-12-07
1212,Anika Bera,Female,1961-07-14,eanand@example.com,4636815798,Davanagere,Mizoram,India,Gold,2023-10-20
1367,Barkha Mandal,Male,2006-06-22,meerachatterjee@example.org,7292774233,Bangalore,Kerala,India,Gold,2025-03-17
1460,Jairaj Wable,Female,1985-10-29,sodhizinal@example.com,4353537513,Mirzapur,Assam,India,Gold,2025-12-13
1086,Finn Vora,Female,1963-06-16,twable@example.com,8839822587,Ballia,Meghalaya,India,Gold,2024-06-22
1053,Abhimanyu Jayaraman,Female,1982-07-26,siddharth24@example.com,6226838851,Junagadh,Andhra Pradesh,India,Silver,2025-03-24
1190,Zashil Batta,Male,1956-11-23,,1754558845,Bhilai,Kerala,India,Gold,2024-11-20
1253,Bhavani Kadakia,Male,1995-11-17,vkrishnamurthy@example.net,8220781137,Gurgaon,Gujarat,India,Gold,2023-09-23
1420,Ryan Pandit,Male,1979-11-21,devansh72@example.org,9856012562,Srinagar,Gujarat,India,Gold,2024-01-02
1333,Ishwar Dhar,Female,1957-01-03,ria39@example.com,4234258323,Firozabad,Bihar,India,Gold,2023-11-10
1216,Vihaan Bal,Male,1983-08-27,fariq72@example.net,7722330604,Panihati,Tripura,India,Silver,2026-02-24
1479,Upma Bhavsar,Female,1979-01-07,muniraghav@example.org,1097921583,Nellore,Himachal Pradesh,India,Silver,2025-04-25
1002,Nathaniel Sami,Male,1993-02-10,arunima23@example.com,,Tadipatri,West Bengal,India,Platinum,2024-09-23
1416,Yatan Radhakrishnan,Male,1989-03-06,charan41@example.org,7911244211,Dhule,Madhya Pradesh,India,Platinum,2024-06-27
1113,Daniel Malhotra,Female,2006-07-27,kevinkrish@example.org,2946671168,Arrah,Manipur,India,Platinum,2023-12-13
1294,Gaurangi Keer,Female,1973-04-04,,9646528092,Ambala,Meghalaya,India,Silver,2025-11-30
1358,Vyanjana Agarwal,Male,1994-02-19,boaseomisha@example.net,2522372817,Gaya,Gujarat,India,Platinum,2024-11-08
1411,Rayaan Atwal,Male,1984-09-11,januja04@example.com,6558685127,Belgaum,Nagaland,India,Silver,2024-06-18
1081,Brijesh Mani,Male,1958-12-31,palriya@example.net,8484219933,Muzaffarpur,Arunachal Pradesh,India,Platinum,2025-01-05
1125,Tara Chad,Male,1986-05-10,tiwarikiaan@example.net,0623445655,Muzaffarpur,Assam,India,Platinum,2025-10-03
1332,Chandani Sahota,Female,1968-01-31,nicholas17@example.org,3793375636,Mirzapur,Andhra Pradesh,India,Silver,2024-12-14
1133,Owen Parikh,Female,1962-08-18,parthradhakrishnan@example.com,9690295939,Ajmer,Karnataka,India,Gold,2026-04-07
1137,Ryan Chatterjee,Male,1981-07-02,jhaverionkar@example.net,4677418625,Gaya,Manipur,India,Silver,2026-03-16
1486,Yachana Divan,Female,1994-03-18,,6204485157,Buxar,Manipur,India,Silver,2023-10-22
1097,Nidra Sharaf,Female,1999-06-07,upkaarmital@example.net,6687002176,Buxar,West Bengal,India,Silver,2025-03-26
1337,Zilmil Pandey,Male,1971-06-15,benjaminshroff@example.net,6657546027,Aurangabad,Kerala,India,Gold,2023-11-26
1154,Tanmayi Minhas,Male,1997-11-10,ucchal01@example.org,6110022557,Tiruchirappalli,Kerala,India,Gold,2023-12-23
1392,Pooja Korpal,Female,1965-04-02,grau@example.net,6601002314,Bangalore,Uttar Pradesh,India,Silver,2023-11-03
1234,Falak Talwar,Male,1994-05-09,chanateerth@example.org,8469973354,Raebareli,Tamil Nadu,India,Gold,2024-01-03
1482,Wridesh Ramaswamy,Male,1988-11-23,trajan@example.com,8193242687,Jamshedpur,Nagaland,India,Gold,2025-09-03
1410,Tara Divan,Female,2008-03-29,hnadig@example.net,7279103368,Ghaziabad,Madhya Pradesh,India,Gold,2024-11-21
1414,Zilmil Nadkarni,Female,1985-04-23,onkar96@example.org,0962626582,Navi Mumbai,Tamil Nadu,India,Silver,2023-08-28
1114,Girik Shanker,Female,1958-09-02,dev86@example.org,5458929750,Jaunpur,Andhra Pradesh,India,Platinum,2025-08-15
1058,Hamsini Ben,Female,2003-10-13,dominic51@example.net,2519254629,Tirupati,Nagaland,India,Silver,2024-09-30
1328,Harini Bhagat,Male,1959-04-10,zinal31@example.net,911100651207,Phagwara,Rajasthan,India,Gold,2024-01-02
1441,Reva Dasgupta,Female,1980-07-17,odhingra@example.org,,Katni,Madhya Pradesh,India,Gold,2024-07-17
1291,Baghyawati Issac,Female,1958-12-07,sachdevajhalak@example.org,0089317342,Tadipatri,Maharashtra,India,Platinum,2026-01-25
1415,Manya Lad,Female,1986-06-02,ekantikajani@example.org,9209819602,Gaya,Haryana,India,Silver,2024-01-31
1283,Gayathri Mahajan,Female,1990-08-13,walivaishnavi@example.com,8468536649,Motihari,Goa,India,Platinum,2023-12-08
1025,Jyoti Ganesh,Female,1958-05-04,gadedeepa@example.org,6319314919,Katihar,Maharashtra,India,Platinum,2025-07-10
1180,Aarini Gulati,Male,1993-12-20,amblejacob@example.net,6512694486,Pudukkottai,Himachal Pradesh,India,Silver,2026-02-02
1019,Omkaar Chad,Male,1968-10-10,yutika95@example.org,912003791769,Shimla,Madhya Pradesh,India,Silver,2025-06-04
1095,Vritti Sharma,Female,1956-03-02,indiragara@example.org,8010062312,Dibrugarh,Manipur,India,Platinum,2024-12-24
1244,Qarin Kulkarni,Female,1985-07-11,unni17@example.com,1406650442,Pallavaram,Gujarat,India,Silver,2025-12-14
1006,Isaac Memon,Female,1955-08-02,ddugar@example.org,1489325288,Unnao,Andhra Pradesh,India,Silver,2024-09-05
1141,Orinder Majumdar,Male,1988-12-31,ndhawan@example.net,3074505444,Ambattur,Chhattisgarh,India,Platinum,2026-02-18
1433,Anamika Venkataraman,Male,1998-03-16,divannirja@example.org,3965313614,Hajipur,Goa,India,Gold,2026-01-29
1052,Nakul Bawa,Female,1988-08-29,magarsaanvi@example.net,6438156149,Ranchi,Haryana,India,Silver,2023-11-27
1148,Upma Bera,Female,1977-01-27,sodhirobert@example.net,6022356972,Jodhpur,Meghalaya,India,Platinum,2025-07-08
1201,Rachit Pall,Male,1956-10-26,upadhriti49@example.net,7448570862,Udupi,Haryana,India,Silver,2025-11-08
1340,Liam Dave,Female,1994-03-18,aditya75@example.com,918459090225,Eluru,Gujarat,India,Gold,2025-12-02
1374,Yug Brahmbhatt,Female,1981-04-23,jeet81@example.net,5542340163,Amravati,Goa,India,Platinum,2025-05-22
1444,Netra Bir,Female,1972-08-03,balannathan@example.org,5331266109,Agra,West Bengal,India,Gold,2024-12-03
1104,Raksha Manne,Female,2002-08-13,regexalak@example.org,916617979688,Tinsukia,Arunachal Pradesh,India,Gold,2025-07-05
1386,Anya Kade,Male,1991-11-08,gchahal@example.org,3711895473,Varanasi,Chhattisgarh,India,Platinum,2026-02-12
1465,Anusha Sur,Male,1992-04-12,kkapur@example.com,4213882090,Chennai,Meghalaya,India,Silver,2024-04-01
1417,Odika Borah,Male,1979-02-22,nbose@example.net,,Srikakulam,Punjab,India,Gold,2023-12-22
1477,Pavani Brahmbhatt,Female,2006-07-07,wdatta@example.org,3710672872,Silchar,Andhra Pradesh,India,Gold,2025-11-26
1203,Aahana Bawa,Male,2005-07-07,timothy91@example.org,0586509480,Avadi,Assam,India,Silver,2026-04-10
1205,Indira Murty,Female,2004-12-20,kamya66@example.net,8368457760,Anantapuram,Punjab,India,Platinum,2024-03-20
1418,Aachal Dara,Female,1969-02-07,ayushmanwason@example.org,3052312447,Karnal,Tamil Nadu,India,Silver,2025-11-13
1175,Adya Ghosh,Female,1965-01-01,xradhakrishnan@example.net,3865577908,Dehradun,Haryana,India,Silver,2024-12-03
1473,Bahadurjit Magar,Male,1968-10-06,purohitnandini@example.org,8600892196,North Dumdum,Maharashtra,India,Platinum,2023-08-25
1092,Xavier Kumer,Male,1970-04-24,gangabrar@example.com,0469901398,Dhule,West Bengal,India,Gold,2025-10-19
1454,Charles Mody,Female,1991-12-08,pallatharv@example.net,0596601864,Khandwa,Odisha,India,Platinum,2025-02-27
1100,Frederick Merchant,Female,1964-07-24,ethanbutala@example.com,5511047541,Gaya,Maharashtra,India,Silver,2025-05-19
1132,Saksham De,Female,1964-10-30,peter50@example.org,8515691545,Junagadh,Uttar Pradesh,India,Platinum,2025-07-30
1184,Upkaar Hayer,Female,1994-09-01,kraval@example.org,1818451848,Mango,Madhya Pradesh,India,Gold,2025-01-09
1285,Aahana Keer,Female,1957-07-12,hkhare@example.org,7786603242,Alwar,Sikkim,India,Platinum,2024-10-06
1488,Anjali Iyengar,Male,1966-02-21,chakrikalad@example.net,5955872096,Raebareli,Kerala,India,Silver,2025-04-22
1490,Nathan Sama,Male,2002-10-21,vnatt@example.net,2782079799,Silchar,Meghalaya,India,Silver,2023-12-28
1313,Warinder Walla,Male,1983-08-02,,1589357126,Tiruchirappalli,Arunachal Pradesh,India,Gold,2023-07-27
1322,Lajita Panchal,Female,1989-11-24,yashvimanda@example.org,4161284639,Tiruvottiyur,Rajasthan,India,Silver,2025-08-06
1459,Azaan Dyal,Male,1981-06-24,chaitanya42@example.net,5889536902,Solapur,Haryana,India,Platinum,2025-02-20
1251,Abhimanyu Gola,Male,2004-05-08,manderomaja@example.net,4876329092,Pudukkottai,Assam,India,Platinum,2025-08-13
1402,Amruta Chada,Male,1978-02-02,sulechakradev@example.org,5468356521,Ambala,Bihar,India,Gold,2024-05-27
1038,Warhi Bansal,Male,1999-10-07,yadavinarula@example.org,0262174596,Ozhukarai,West Bengal,India,Gold,2025-03-02
1107,Arin Oza,Female,2005-09-21,galayagnesh@example.net,918673622660,Hospet,Odisha,India,Platinum,2024-10-27
1149,Dhriti Bhardwaj,Male,1958-02-10,sethanusha@example.org,1296666760,Dindigul,Andhra Pradesh,India,Platinum,2024-12-16
1151,Jagrati Guha,Female,1958-11-07,netrabahl@example.org,9821506489,Moradabad,Rajasthan,India,Silver,2024-02-11
1437,Ryan Krishna,Female,1989-10-30,omajaiyengar@example.com,7826612875,Bhind,Kerala,India,Gold,2024-11-30
1289,Naveen Sarna,Male,2005-10-01,niharika04@example.org,6124815698,Malda,Tamil Nadu,India,Gold,2024-07-18
1474,Chasmum Mahal,Male,1981-07-26,gjain@example.com,1368474883,Mehsana,Telangana,India,Platinum,2025-09-21
1487,Qabil Chadha,Female,1974-07-12,eeshabahri@example.org,911343240642,Buxar,Karnataka,India,Gold,2023-12-02
1174,Sanaya Dutta,Female,1986-06-26,madhavsule@example.com,1453038567,Thane,Rajasthan,India,Silver,2024-04-01
1282,Samesh Nayar,Female,1975-10-11,zthakkar@example.net,5637183440,Kamarhati,Punjab,India,Platinum,2023-12-17
1288,Janani Soman,Female,1972-12-07,darika09@example.org,6451837606,Mysore,Uttarakhand,India,Silver,2024-08-04
1435,Nicholas Mitter,Female,1958-12-10,,4910740650,Durgapur,Kerala,India,Platinum,2024-03-08
1292,Gaurav Pillai,Female,1996-05-19,jacobatwal@example.net,3334476263,Ichalkaranji,Telangana,India,Gold,2026-02-05
1316,Vrinda Agate,Male,2007-05-18,pallaekansh@example.org,9756792287,Sultan Pur Majra,Chhattisgarh,India,Platinum,2024-10-01
1470,Vrinda Sabharwal,Male,1973-10-21,ayushmannan@example.com,5456676640,Muzaffarnagar,Karnataka,India,Platinum,2025-03-28
1075,Wishi Varma,Female,2000-01-25,ttara@example.com,7339500479,Baranagar,Nagaland,India,Gold,2024-11-15
1264,Chakrika Som,Female,1977-10-02,manan97@example.com,8140693751,Narasaraopet,Rajasthan,India,Silver,2025-11-13
1354,Nachiket Subramaniam,Female,1996-10-13,rajprisha@example.org,8246747468,Madurai,Karnataka,India,Silver,2025-09-10
1129,Manthan Banerjee,Male,1988-03-09,chakrikatara@example.com,6263838065,Hapur,Odisha,India,Silver,2024-09-18
1223,Brinda Sinha,Female,1996-12-22,jairajmaharaj@example.com,9019817946,Rampur,Mizoram,India,Silver,2025-05-12
1484,Anjali Bandi,Male,1980-09-09,varenya60@example.net,910797727810,Pudukkottai,Tamil Nadu,India,Gold,2025-02-11
1350,Kiaan Natarajan,Female,2007-03-11,eeshasubramaniam@example.org,7683890309,Tirupati,Haryana,India,Silver,2024-12-03
1115,Tanmayi Acharya,Female,2000-02-25,sjain@example.org,5415206436,Bareilly,Andhra Pradesh,India,Platinum,2024-01-27
1118,Avi Mitra,Female,1977-01-29,zarnaupadhyay@example.org,917613791805,Munger,West Bengal,India,Gold,2026-02-06
1138,Udyati Lall,Male,1994-07-08,amrutabhatia@example.org,6938068687,Fatehpur,Jharkhand,India,Platinum,2023-09-26
CB1006,Saumya Naidu,,,matthew71@example.com,0581477005,Mysore,,,Silver,2023-01-31
CB1018,Meghana Sarma,,,darluke@example.com,911535396136,Alwar,,,Gold,2023-03-22
CB1071,Niharika Gupta,,,chatterjeeraagini@example.com,911065133387,Surat,,,Silver,2023-01-22
CB1077,Anita Manda,,,hemaljani@example.net,910164005242,Indore,,,Silver,2023-09-06
CB1084,Dayita Kar,,,mananbakshi@example.org,7693676320,Ahmedabad,,,Vip,2024-03-08
CB1104,Deepa Atwal,,,ochander@example.org,4846773782,Jaipur,,,Vip,2023-11-20
CB1108,Ekapad Keer,,,utkarsh16@example.org,910050455623,Mumbai,,,Vip,2024-01-14
CB1160,Aahana Srinivas,,,sakshamyohannan@example.com,919330833016,Indore,,,Vip,2025-01-05
CB1177,Qarin Bhargava,,,bordechanakya@example.org,2038750997,Pune,,,Vip,2024-03-01
CB1202,Zashil Butala,,,,911037129387,Kota,,,Silver,2024-08-29
CB1209,Jonathan Luthra,,,balangautami@example.com,9177850792,Indore,,,Silver,2024-12-25
CB1232,Oliver Kakar,,,jonathanbasak@example.com,919451168685,Nagpur,,,Gold,2023-10-11
CB1301,Peter Shan,,,oviswanathan@example.net,913174564240,Jaipur,,,Silver,2024-06-22
CB1320,Chandran Rastogi,,,frederick68@example.com,913769389833,Mumbai,,,Regular,2024-11-24
CB1322,Chaitanya Kaur,,,kashvidugal@example.net,919240514770,Udaipur,,,Gold,2024-10-16
CB1004,Nicholas Mitter,,,,914910740650,Durgapur,,,Regular,2024-11-23
CB1007,Anjali Korpal,,,,919700268768,Siwan,,,Regular,2023-08-27
CB1036,Ekansh Hari,,,yashodharakunda@example.com,912320024968,Bijapur,,,Vip,2023-08-06
CB1042,Yachana Mohan,,,pallavidugar@example.com,3690362891,Morena,,,Vip,2023-08-13
CB1058,Hema Pandya,,,veda33@example.com,913757584419,Tenali,,,Silver,2023-06-06
CB1064,Janya Gaba,,,isha34@example.net,913276483503,Mumbai,,,Silver,2025-02-17
CB1080,Inaya Mody,,,udantbajwa@example.net,911458685014,Jaipur,,,Regular,2025-06-03
CB1081,Alka Barad,,,sarafhemani@example.net,911693406088,Udaipur,,,Gold,2023-03-04
CB1096,Barkha Chaudhry,,,chamankaran@example.com,912400842710,Delhi,,,Silver,2023-02-28
CB1107,Ria Chaudhry,,,uaurora@example.org,914596158657,Delhi,,,Silver,2023-05-16
CB1134,Pratyush Gandhi,,,abassi@example.com,7383473597,Indore,,,Gold,2024-11-06
CB1162,Balhaar Ranganathan,,,vgrewal@example.com,9154788728,Indore,,,Silver,2025-02-07
CB1220,Hemangini Thakkar,,,lipika42@example.org,914078593213,Bhopal,,,Silver,2025-01-07
CB1268,Pranav Krishnamurthy,,,,,Nagpur,,,Vip,2023-10-12
CB1297,Rushil Yohannan,,,bhavanipant@example.com,919472256996,Udaipur,,,Vip,2023-02-14
CB1299,Wahab Krishnamurthy,,,kadeojas@example.com,8006811492,Mumbai,,,Gold,2024-05-22
CB1313,Vyanjana Buch,,,xbhat@example.net,4801413811,Surat,,,Vip,2023-05-30
CB1319,Eta Thakkar,,,michaelbedi@example.net,,Bhopal,,,Gold,2024-11-13
CB1321,Amaira Sani,,,gaurav16@example.com,915904259792,Nagpur,,,Gold,2024-03-28
CB1333,Gautam Krishna,,,nihal11@example.org,916892686025,Jaipur,,,Gold,2023-11-13
CB1335,Wakeeta Khanna,,,vamakshisetty@example.com,910384983022,Indore,,,Silver,2023-12-01
CB1341,Gautami Shere,,,hbhalla@example.com,913955124056,Lucknow,,,Regular,2025-05-16
CB1010,Dev Kannan,,,ganesholiver@example.org,5839386613,Raurkela Industrial Township,,,Silver,2025-04-08
CB1015,Sanaya Dutta,,,madhavsule@example.com,911453038567,Thane,,,Gold,2024-01-03
CB1029,Kai Madan,,,chawlabalendra@example.com,914300038960,Faridabad,,,Silver,2024-06-30
CB1044,Ekaraj Bath,,,bimalabuch@example.org,915255341928,Ujjain,,,Silver,2023-06-06
CB1067,Ishwar Yadav,,,harini14@example.com,918281489325,Udaipur,,,Silver,2023-08-05
CB1070,Thomas Amble,,,bhargavaveer@example.org,,Delhi,,,Gold,2023-09-11
CB1090,Anirudh Zacharia,,,pallaudarsh@example.net,913092327193,Bhopal,,,Gold,2024-02-04
CB1094,Harini Mammen,,,advaith83@example.org,913777014363,Jaipur,,,Regular,2025-02-04
CB1103,Turvi Sachdev,,,,914824771093,Ahmedabad,,,Vip,2024-11-18
CB1122,Upkaar Sanghvi,,,lokeayush@example.org,0229612018,Lucknow,,,Silver,2024-07-12
CB1146,Yashoda Kapur,,,iyerliam@example.org,919578291146,Surat,,,Gold,2025-01-07
CB1169,Keya Buch,,,ijayadani@example.org,0047868633,Kota,,,Gold,2025-02-08
CB1171,Reva Kaur,,,dakshdey@example.net,919953428364,Delhi,,,Gold,2023-10-09
CB1179,Irya Loke,,,xbrar@example.com,914101666870,Indore,,,Vip,2025-05-27
CB1190,Sanaya Prasad,,,xsheth@example.net,911461125457,Lucknow,,,Vip,2024-04-10
CB1195,Vidhi Yogi,,,ojassuri@example.com,9050723688,Jaipur,,,Silver,2023-09-11
CB1200,Jyoti Sha,,,lnarang@example.org,8636374545,Ahmedabad,,,Vip,2024-08-15
CB1205,Yuvraj Mane,,,mitrasamesh@example.net,913761379180,Kota,,,Gold,2024-06-29
CB1233,Zinal Shanker,,,virkoni@example.org,9911914856,Ahmedabad,,,Silver,2023-04-13
CB1245,Leela Agrawal,,,,913003354216,Nagpur,,,Silver,2024-09-12
CB1274,Faraj Borra,,,tripathiazaan@example.net,8488725639,Lucknow,,,Gold,2024-04-10
CB1276,Theodore Sura,,,devlalla@example.com,915677005184,Bhopal,,,Vip,2024-11-04
CB1323,Shaurya Yogi,,,samarvirk@example.com,916980420439,Pune,,,Vip,2024-04-12
CB1331,Ikbal Seth,,,pbasak@example.net,,Kota,,,Silver,2024-11-25
CB1005,Gaurav Sheth,,,omaharaj@example.net,911117830999,Bareilly,,,Regular,2024-08-27
CB1030,Champak Padmanabhan,,,,916287334270,Erode,,,Vip,2023-06-17
CB1043,Bishakha Sanghvi,,,panditwridesh@example.net,5188888067,Dindigul,,,Regular,2023-04-04
CB1048,Aahana Keer,,,hkhare@example.org,917786603242,Alwar,,,Regular,2024-06-25
CB1049,Odika Sampath,,,ijaya35@example.com,919792703352,Gorakhpur,,,Regular,2024-11-27
CB1050,Naksh Wason,,,skarnik@example.org,918300081867,Ichalkaranji,,,Gold,2024-11-29
CB1069,Alka Wable,,,ikakar@example.net,,Bhopal,,,Regular,2024-03-24
CB1078,Prisha Andra,,,borramanthan@example.net,2620450533,Kota,,,Vip,2023-04-07
CB1088,Vansha Ahuja,,,chanchal66@example.net,916706562729,Pune,,,Vip,2024-05-12
CB1093,Udyati Sarin,,,ekantika31@example.com,919650752735,Udaipur,,,Regular,2023-03-01
CB1099,Oscar Borde,,,aarnavrege@example.com,914471349361,Jaipur,,,Regular,2024-08-15
CB1127,Nandini Viswanathan,,,randhawadayita@example.net,1818835523,Mumbai,,,Vip,2023-08-31
CB1144,Shivani Prabhakar,,,sachi19@example.org,913102786814,Delhi,,,Gold,2024-01-08
CB1152,Yutika Sibal,,,fmorar@example.org,3395004797,Indore,,,Gold,2023-10-21
CB1176,Omisha Merchant,,,rohannarayan@example.org,918547772522,Surat,,,Vip,2024-02-22
CB1188,Raksha Manne,,,regexalak@example.org,916617979688,Mumbai,,,Regular,2025-06-06
CB1192,Ganga Sandhu,,,zkata@example.com,0937966033,Udaipur,,,Regular,2024-04-26
CB1196,Nilima Swamy,,,fsawhney@example.org,4043842797,Bhopal,,,Regular,2023-09-02
CB1207,Pallavi Ratti,,,yadavmichael@example.com,913285691463,Bhopal,,,Regular,2023-01-13
CB1210,Nakul Kumer,,,daliavedant@example.net,910756220863,Kota,,,Gold,2025-01-21
CB1219,Yatan Merchant,,,jsabharwal@example.com,2638380657,Delhi,,,Silver,2024-06-13
CB1223,Anthony Divan,,,indrajitvora@example.com,911545226752,Udaipur,,,Silver,2023-08-15
CB1235,Chavvi Mukhopadhyay,,,vyanjana13@example.org,916913736785,Mumbai,,,Gold,2024-12-26
CB1257,Isha Manne,,,,9331637351,Surat,,,Silver,2024-03-11
CB1267,Oliver Yogi,,,bhattishivansh@example.net,,Bhopal,,,Vip,2025-02-20
CB1334,Nicholas Dhillon,,,charansaini@example.com,1230940777,Delhi,,,Gold,2025-01-19
CB1350,Radhika Oommen,,,oscarbrahmbhatt@example.net,917581724619,Delhi,,,Silver,2024-10-26
CB1011,Yatan Radhakrishnan,,,charan41@example.org,917911244211,Dhule,,,Gold,2024-12-15
CB1017,Anusha Handa,,,waliazayyan@example.net,5664187758,Rajahmundry,,,Vip,2024-07-03
CB1020,Nimrat Borah,,,edhithaborah@example.com,8922680182,Nanded,,,Regular,2024-08-14
CB1046,Raghav Soman,,,,8209702316,Muzaffarpur,,,Vip,2024-09-02
CB1061,Aryan Maharaj,,,udantdewan@example.net,6001338908,Lucknow,,,Gold,2023-01-20
CB1079,Irya Ray,,,warjasgaba@example.org,916342160733,Indore,,,Vip,2023-12-29
CB1119,Manbir Bhatti,,,anvinair@example.com,916118367365,Mumbai,,,Vip,2024-10-14
CB1123,Krisha Saini,,,kom@example.com,1022901476,Jaipur,,,Gold,2024-03-16
CB1135,Baghyawati Raja,,,medwin@example.net,5818141247,Ahmedabad,,,Gold,2023-10-13
CB1138,Champak Khare,,,eshankar@example.org,918932460953,Jaipur,,,Regular,2024-08-17
CB1159,Vrinda Nadig,,,,918665240415,Kota,,,Silver,2024-04-11
CB1184,Raagini Sen,,,bchauhan@example.org,919560466183,Indore,,,Silver,2024-11-15
CB1187,Peter Rao,,,bishakha79@example.org,915193982807,Indore,,,Silver,2023-03-27
CB1193,Dev Chaudry,,,,8596969155,Kota,,,Regular,2023-12-25
CB1231,Darsh Ram,,,rwason@example.com,,Udaipur,,,Vip,2023-07-16
CB1239,Anvi Sampath,,,dpalla@example.com,919691085899,Bhopal,,,Gold,2024-04-25
CB1282,Girik Subramaniam,,,aaravsankar@example.net,916376599162,Pune,,,Silver,2024-10-07
CB1293,Meera Ghosh,,,sdara@example.net,3691559428,Bhopal,,,Vip,2025-06-05
CB1340,Darika Mital,,,,2355770272,Kota,,,Vip,2023-05-25
CB1003,Daniel Tak,,,nisha45@example.org,6043878753,Karawal Nagar,,,Regular,2023-08-17
CB1019,Yadavi Shanker,,,saksham02@example.com,918597779014,Sri Ganganagar,,,Gold,2025-04-29
CB1034,Mohini De,,,yutika81@example.com,917321046963,Gangtok,,,Regular,2024-02-15
CB1060,Aarna Reddy,,,oseshadri@example.com,911809190158,Barasat,,,Vip,2024-09-05
CB1089,Meera Bala,,,sanghakrishna@example.com,5375564641,Indore,,,Regular,2023-03-02
CB1113,Megha Atwal,,,,911370985931,Surat,,,Silver,2023-04-20
CB1140,Kiaan Basu,,,hamsini27@example.net,917043030548,Surat,,,Regular,2024-03-22
CB1155,Zilmil Shan,,,yutikadey@example.com,4958887947,Ahmedabad,,,Gold,2024-11-05
CB1178,Amol Ahuja,,,barora@example.net,918621182339,Udaipur,,,Regular,2024-02-03
CB1181,Divya Babu,,,maanasrao@example.org,919685621850,Surat,,,Silver,2025-05-23
CB1183,Yatin Borah,,,loyalmitesh@example.com,1104754121,Indore,,,Gold,2024-05-12
CB1186,Tanvi Chhabra,,,dakshaahuja@example.com,917569245937,Nagpur,,,Regular,2024-02-08
CB1201,Vedhika Oza,,,batrahardik@example.net,917706324241,Pune,,,Regular,2024-02-11
CB1218,Jason Basak,,,kbedi@example.net,916625324472,Ahmedabad,,,Regular,2024-09-02
CB1221,Amaira Walla,,,kandalipika@example.com,915590599293,Kota,,,Vip,2024-12-08
CB1266,Ekani Raj,,,rajuaahana@example.net,918877043581,Ahmedabad,,,Regular,2025-02-22
CB1270,Chanchal Prakash,,,,918814353682,Lucknow,,,Gold,2023-12-23
CB1278,Ria Gandhi,,,farajvarkey@example.net,912591365177,Kota,,,Vip,2024-09-29
CB1330,Tristan Jain,,,dominicgoel@example.com,916609656999,Pune,,,Gold,2023-08-13
CB1347,Sanaya Parekh,,,gaurangi38@example.org,917174773329,Surat,,,Gold,2023-01-26
CB1016,Samar Prabhakar,,,odika09@example.org,9964235369,Jamalpur,,,Vip,2025-04-06
CB1021,Dominic Mody,,,nazarethomkaar@example.org,91,North Dumdum,,,Silver,2023-02-16
CB1026,Chasmum Peri,,,yash84@example.com,,Serampore,,,Silver,2024-01-15
CB1028,Omaja Kara,,,cseshadri@example.com,910913341232,Sangli-miraj & Kupwad,,,Silver,2024-09-15
CB1045,Pavani Divan,,,mandertanvi@example.org,910970527740,Orai,,,Vip,2025-03-22
CB1053,Pranit Ganguly,,,simon90@example.net,917150416591,Bhopal,,,Regular,2023-06-11
CB1065,Diya Rattan,,,dominic39@example.net,917242388496,Surat,,,Silver,2024-11-06
CB1095,Jyoti Solanki,,,pavani85@example.com,913135182337,Surat,,,Silver,2024-08-21
CB1101,Balveer Sankaran,,,zashil01@example.org,2787429671,Kota,,,Gold,2023-09-25
CB1102,Ijaya Rege,,,ekani12@example.com,918071545168,Indore,,,Silver,2023-09-02
CB1110,Riya Pai,,,panini47@example.com,913695944064,Surat,,,Regular,2024-09-18
CB1141,Urvashi Kulkarni,,,halderbhavika@example.com,915667652775,Pune,,,Gold,2024-01-30
CB1150,Elijah Bhasin,,,riasagar@example.com,912555625881,Mumbai,,,Gold,2024-11-24
CB1154,Ati Dani,,,gunbirramesh@example.com,913986800025,Udaipur,,,Silver,2024-06-07
CB1157,Xavier Balay,,,halderanirudh@example.com,3689702838,Mumbai,,,Regular,2023-08-19
CB1163,Anjali Hans,,,narayanannicholas@example.net,915493296685,Surat,,,Vip,2023-06-30
CB1203,Abhiram Oza,,,samikevin@example.com,911155426221,Ahmedabad,,,Regular,2023-04-15
CB1222,Dayamai Gill,,,fbarad@example.org,8705932525,Delhi,,,Gold,2024-04-03
CB1229,Chaitaly Srinivasan,,,gunbirbal@example.org,1467741862,Lucknow,,,Regular,2025-01-08
CB1241,Chakrika Lad,,,yravel@example.net,5387584282,Indore,,,Vip,2023-04-27
CB1243,Chatresh Bobal,,,ghayer@example.org,0223569725,Nagpur,,,Gold,2023-06-05
CB1272,Wahab Chaudhry,,,ekaraj35@example.com,919299556205,Bhopal,,,Gold,2024-02-26
CB1280,Anirudh Mander,,,kalitasaumya@example.net,6929298425,Ahmedabad,,,Vip,2024-07-16
CB1281,Ekapad Karpe,,,irajan@example.org,916291279908,Delhi,,,Regular,2024-12-16
CB1285,Mitali Devi,,,karpesanya@example.net,916589026012,Mumbai,,,Vip,2023-05-01
CB1304,Bimala Choudhry,,,rsethi@example.net,2080214427,Lucknow,,,Vip,2024-10-27
CB1311,Ekani Bhatnagar,,,hgupta@example.net,4565118102,Lucknow,,,Regular,2023-01-30
CB1315,Indira Murty,,,kamya66@example.net,8368457760,Nagpur,,,Vip,2023-06-29
CB1325,Quincy Issac,,,cbains@example.org,912055543840,Lucknow,,,Gold,2024-01-26
CB1339,Bina Hari,,,daniarjun@example.com,6055830344,Bhopal,,,Regular,2025-04-03
CB1014,Ekanta Kala,,,,912582739021,Sangli-miraj & Kupwad,,,Regular,2023-04-05
CB1056,Upkaar Chanda,,,chaman15@example.net,917030376371,Gudivada,,,Gold,2025-06-10
CB1097,Upasna Srinivas,,,loak@example.org,916719022941,Delhi,,,Silver,2023-03-12
CB1114,Chasmum Rege,,,deychakradev@example.org,913826758692,Nagpur,,,Silver,2023-10-06
CB1132,Inaya Mukherjee,,,mdayal@example.net,915281685054,Lucknow,,,Gold,2023-07-24
CB1143,Ira Saran,,,dakshesh16@example.com,917021355690,Kota,,,Silver,2024-06-16
CB1158,Vanya Vora,,,lmurthy@example.com,9733484344,Bhopal,,,Regular,2023-02-17
CB1167,Jackson Jha,,,gchand@example.com,916790874064,Bhopal,,,Silver,2025-04-30
CB1170,Hiral Dubey,,,,913119079030,Bhopal,,,Silver,2025-02-23
CB1180,Onveer Butala,,,psaraf@example.com,913974014890,Ahmedabad,,,Vip,2023-01-07
CB1206,Edhitha Deo,,,xsalvi@example.net,919104300684,Kota,,,Gold,2023-03-12
CB1217,Logan Dara,,,bhatiatristan@example.org,919941013721,Lucknow,,,Gold,2025-03-27
CB1248,Urvi Dua,,,adityamitra@example.com,919261891411,Nagpur,,,Regular,2023-11-09
CB1250,Gautam Vaidya,,,chaudhuriaahana@example.net,7012045561,Ahmedabad,,,Regular,2024-10-02
CB1252,Ojas Chowdhury,,,danieldutta@example.org,7296590277,Indore,,,Vip,2023-06-10
CB1289,Elijah Thakur,,,harini18@example.com,917357790714,Surat,,,Silver,2023-07-15
CB1298,Fariq Edwin,,,vedant55@example.net,914759876220,Indore,,,Silver,2024-12-23
CB1346,Bhanumati Konda,,,ekavirmukhopadhyay@example.net,912070160166,Pune,,,Vip,2023-04-21
CB1002,Prisha Devi,,,sarmajacob@example.net,916033190368,Kanpur,,,Silver,2025-01-29
CB1013,Avi Mitra,,,zarnaupadhyay@example.org,917613791805,Munger,,,Regular,2025-02-20
CB1024,Hema Mishra,,,rushilpalla@example.com,916596089319,North Dumdum,,,Vip,2024-01-25
CB1031,Karan Choudhary,,,bailjonathan@example.org,910569067447,Shahjahanpur,,,Silver,2023-10-04
CB1068,Aadi Naik,,,,919117182278,Indore,,,Gold,2024-12-31
CB1086,Nathan Soman,,,wlad@example.org,914714345581,Surat,,,Regular,2023-02-21
CB1091,Aahana Pillay,,,,919663193149,Udaipur,,,Vip,2024-03-09
CB1100,Manthan Lata,,,ekbalbhasin@example.org,917174648877,Nagpur,,,Gold,2024-03-05
CB1106,Krishna Shah,,,ranbir39@example.com,7662702895,Surat,,,Gold,2024-07-04
CB1118,Saumya Pathak,,,sethyahvi@example.org,0076617711,Lucknow,,,Silver,2023-02-15
CB1168,Tejas Bora,,,sampathhemangini@example.net,917046226567,Bhopal,,,Gold,2025-01-31
CB1173,Ubika Bhardwaj,,,jsaha@example.net,3517518304,Mumbai,,,Silver,2024-07-07
CB1185,Lajita Gara,,,amrutamitra@example.com,916464715437,Mumbai,,,Regular,2025-05-10
CB1191,Vasudha Pall,,,cchatterjee@example.net,910105123828,Ahmedabad,,,Regular,2023-10-12
CB1198,Priya Gandhi,,,samueljhaveri@example.org,918254494812,Mumbai,,,Regular,2025-02-24
CB1204,Nitesh Sarraf,,,tanay26@example.net,912196565234,Jaipur,,,Gold,2025-03-26
CB1208,Yash Chadha,,,ddalia@example.net,910202758842,Kota,,,Vip,2024-03-19
CB1215,Laban Chopra,,,hiteshgala@example.com,8537474112,Bhopal,,,Gold,2023-12-11
CB1216,Banjeet Kale,,,manbir13@example.com,914206788317,Pune,,,Gold,2023-07-06
CB1244,Faris Sura,,,peter50@example.org,,Delhi,,,Vip,2023-03-29
CB1286,Radhika Chakrabarti,,,lalltristan@example.com,916984902770,Surat,,,Gold,2025-01-03
CB1312,Azad Jaggi,,,sunderrehaan@example.org,918994053910,Lucknow,,,Vip,2023-10-28
CB1337,Balendra Chander,,,ekantika56@example.org,917214586833,Ahmedabad,,,Silver,2024-06-27
CB1349,Nidra Chhabra,,,ekavir48@example.com,919382761539,Udaipur,,,Gold,2024-10-12
CB1033,Jonathan Venkatesh,,,hredhaanrana@example.org,3772942095,Panipat,,,Gold,2023-08-23
CB1040,Nandini Ratta,,,ymagar@example.net,912021697972,Secunderabad,,,Vip,2025-02-03
CB1041,Turvi Sachdev,,,vermachandani@example.net,91,Aurangabad,,,Gold,2024-08-20
CB1052,Yashica Upadhyay,,,emistry@example.org,919409749930,Tirunelveli,,,Vip,2023-04-25
CB1076,Ikshita Biswas,,,kalamane@example.org,918084124118,Mumbai,,,Vip,2023-08-08
CB1085,Pavani Kanda,,,zarnashetty@example.org,,Bhopal,,,Regular,2023-09-13
CB1098,Jagat Saha,,,lajitaseshadri@example.com,9909133412,Nagpur,,,Silver,2024-02-18
CB1109,Pranit Garde,,,farhanraja@example.net,913747407482,Udaipur,,,Gold,2025-05-03
CB1124,Riya Sachdeva,,,,7840369003,Lucknow,,,Silver,2024-01-09
CB1136,Rajeshri Chand,,,shravyapalla@example.org,915361530515,Indore,,,Gold,2024-10-18
CB1153,Abhiram Chokshi,,,qdesai@example.net,916098358416,Bhopal,,,Silver,2024-04-21
CB1212,Abhiram Pillay,,,bishakhamodi@example.net,917383206038,Nagpur,,,Gold,2024-03-22
CB1242,Gunbir Sinha,,,aarnagoswami@example.net,913465549471,Kota,,,Regular,2023-03-17
CB1253,Nisha Sastry,,,bhatnagaradvika@example.net,919358891637,Bhopal,,,Gold,2024-12-06
CB1261,Lakshmi Dhillon,,,bhallaryan@example.com,0438057198,Bhopal,,,Gold,2024-03-25
CB1275,Krish Shetty,,,,8272299275,Indore,,,Regular,2023-11-28
CB1290,Lavanya Kannan,,,diyasachar@example.com,1651827553,Ahmedabad,,,Vip,2025-06-03
CB1314,Lekha Gupta,,,yuvrajgola@example.net,917612286852,Mumbai,,,Silver,2024-08-02
CB1336,Ikshita Bansal,,,bachittarmisra@example.com,2249998279,Surat,,,Gold,2023-07-25
CB1023,Abhimanyu Gola,,,manderomaja@example.net,4876329092,Pudukkottai,,,Regular,2025-05-25
CB1025,Suhani Tak,,,prakashharshil@example.org,911563213580,Rampur,,,Silver,2024-10-12
CB1027,Nidhi Kala,,,ladurmi@example.net,919427881658,Srikakulam,,,Regular,2024-11-17
CB1054,Ria Setty,,,bailwishi@example.org,914104967066,Rajahmundry,,,Gold,2025-01-09
CB1062,Oni Kannan,,,zmall@example.org,2351161559,Pune,,,Regular,2023-09-03
CB1066,Janaki Kanda,,,yashodharatak@example.org,916916697848,Nagpur,,,Vip,2023-09-29
CB1075,Advika Jayaraman,,,william46@example.org,0799118384,Ahmedabad,,,Vip,2024-06-10
CB1120,Mohini Sagar,,,munshiprisha@example.com,911111615280,Indore,,,Regular,2024-07-18
CB1137,Laksh Barad,,,urmi27@example.com,3289861434,Ahmedabad,,,Silver,2023-01-29
CB1156,Jyoti Narula,,,sahadarika@example.net,9930972896,Kota,,,Gold,2023-04-06
CB1161,Urmi Chaudhry,,,abduldugar@example.com,5401938026,Mumbai,,,Regular,2024-02-14
CB1189,Balhaar Parsa,,,choprayuvraj@example.net,919656101438,Lucknow,,,Silver,2023-09-24
CB1194,Orinder Mishra,,,desaidhriti@example.org,915286692966,Jaipur,,,Regular,2025-03-10
CB1199,Daniel Malhotra,,,kevinkrish@example.org,2946671168,Ahmedabad,,,Regular,2025-03-07
CB1214,Frado Chandran,,,meeraborde@example.net,4456557431,Bhopal,,,Vip,2024-04-06
CB1226,Raksha Saini,,,odikatailor@example.com,917932710405,Surat,,,Gold,2024-03-11
CB1228,Garima Jha,,,nimratzachariah@example.com,910698720506,Pune,,,Regular,2023-11-10
CB1237,Jyoti Shetty,,,rdasgupta@example.org,7279855241,Kota,,,Vip,2024-12-15
CB1246,Oliver Bhattacharyya,,,misrabina@example.com,917532603323,Indore,,,Vip,2025-03-05
CB1247,Yamini Gara,,,peribaljiwan@example.com,919010016761,Nagpur,,,Vip,2024-03-29
CB1265,Ikshita Kant,,,garimanarula@example.com,7801573993,Pune,,,Regular,2023-01-27
CB1277,Owen Puri,,,lpau@example.net,3865577908,Surat,,,Gold,2023-02-25
CB1283,Vansha Kaul,,,mandernilima@example.com,918180635651,Jaipur,,,Vip,2023-11-15
CB1300,Madhavi More,,,yugmander@example.com,0055778487,Bhopal,,,Regular,2025-06-09
CB1302,Laban Padmanabhan,,,upasna80@example.net,916493085368,Mumbai,,,Regular,2024-02-24
CB1022,Zaid Borra,,,dchaudhari@example.net,916773602606,Baranagar,,,Regular,2025-03-02
CB1039,Maya Sachdev,,,shravya02@example.com,915211175186,Burhanpur,,,Gold,2023-09-10
CB1072,Pahal Goswami,,,turvi31@example.com,1326773602,Jaipur,,,Regular,2024-08-25
CB1074,Dakshesh Trivedi,,,grewalekapad@example.net,9399091699,Lucknow,,,Regular,2023-03-11
CB1105,Rayaan Trivedi,,,ekarajmajumdar@example.com,914499727875,Delhi,,,Regular,2024-09-28
CB1125,Siddharth Devan,,,bimala51@example.org,6838851606,Kota,,,Regular,2024-11-29
CB1128,Madhav Kunda,,,oscardua@example.net,9979955271,Udaipur,,,Gold,2023-01-26
CB1131,Kashish Mandal,,,xrege@example.com,1864492519,Bhopal,,,Silver,2024-01-27
CB1149,Onveer Nazareth,,,balakrishnanfinn@example.org,919078447364,Kota,,,Vip,2023-07-16
CB1175,Lajita Shukla,,,darika45@example.net,5355609320,Delhi,,,Vip,2024-12-24
CB1211,Yuvraj Saha,,,anika19@example.com,913806174451,Bhopal,,,Vip,2024-09-22
CB1255,Wahab Brar,,,zsawhney@example.net,915170166088,Delhi,,,Silver,2024-12-20
CB1284,Pooja Kulkarni,,,pallavi95@example.net,8872588744,Delhi,,,Vip,2023-04-06
CB1306,Pratyush Handa,,,lakshmi01@example.net,910371837645,Jaipur,,,Regular,2025-06-12
CB1307,Brijesh Verma,,,kulkarnivasana@example.net,913136502491,Kota,,,Gold,2023-08-29
CB1317,Nachiket Devi,,,jeevika93@example.org,6931572791,Pune,,,Vip,2024-08-20
CB1318,Baljiwan Raj,,,bhallagaurika@example.com,919060480589,Bhopal,,,Gold,2024-10-15
CB1338,Ikbal Wadhwa,,,sulebhavna@example.com,919529978772,Ahmedabad,,,Gold,2023-09-21
CB1037,Veda Saraf,,,jeremiah15@example.org,918887189813,Bokaro,,,Vip,2024-02-10
CB1047,Baljiwan Andra,,,hredhaan54@example.com,914315274205,Akola,,,Vip,2024-01-26
CB1051,Maanav Sinha,,,echakrabarti@example.com,910669849027,Panihati,,,Gold,2025-02-26
CB1055,Aarna D’Alia,,,xthakkar@example.com,2686120594,Raebareli,,,Regular,2024-05-27
CB1082,Januja Sankar,,,narayanandipta@example.net,6564823662,Pune,,,Silver,2025-03-30
CB1087,Matthew Kashyap,,,tdua@example.org,8760366909,Mumbai,,,Vip,2023-04-06
CB1092,Benjamin Palan,,,eprabhakar@example.net,1657262849,Ahmedabad,,,Silver,2023-06-08
CB1111,Chandran Taneja,,,victor95@example.org,911047095214,Ahmedabad,,,Regular,2024-11-14
CB1112,Ojasvi Gill,,,kevinzacharia@example.com,4517123685,Ahmedabad,,,Regular,2025-06-18
CB1115,Hardik Suri,,,cmammen@example.net,913515850643,Pune,,,Gold,2025-01-04
CB1130,Shivani Guha,,,vamakshi82@example.org,8203778892,Udaipur,,,Regular,2023-10-01
CB1133,Tanish Om,,,ohanda@example.org,8880592962,Pune,,,Regular,2025-04-20
CB1145,Sanaya Kala,,,vritti31@example.org,911551884422,Kota,,,Regular,2024-09-30
CB1197,Ishaan Loyal,,,benjamin78@example.org,0745171339,Bhopal,,,Gold,2024-07-31
CB1225,Watika Dhaliwal,,,faras35@example.com,910433154100,Surat,,,Gold,2024-04-29
CB1260,Sai Kadakia,,,hemani22@example.net,917996846081,Nagpur,,,Gold,2024-09-01
CB1279,Shivansh Edwin,,,pbains@example.org,2809202428,Pune,,,Gold,2025-02-17
CB1291,Qadim Gupta,,,piyengar@example.net,913395211179,Ahmedabad,,,Regular,2023-12-15
CB1296,Mitali Chaudhary,,,darpankale@example.com,914558845061,Pune,,,Vip,2024-08-08
CB1305,Viraj Chana,,,alexandertak@example.org,915705120461,Udaipur,,,Vip,2023-11-21
CB1309,Viraj Nadig,,,reva30@example.net,910778487392,Udaipur,,,Regular,2023-04-11
CB1316,Bhavani Babu,,,chasmumahuja@example.com,914888992107,Pune,,,Vip,2024-09-26
CB1327,Karan Jhaveri,,,samakshdevi@example.com,2518812520,Nagpur,,,Regular,2023-10-09
CB1008,Jasmit Dhawan,,,yashodhararatti@example.net,5787298259,Singrauli,,,Vip,2024-07-28
CB1059,Aachal Dara,,,ayushmanwason@example.org,913052312447,Karnal,,,Regular,2024-07-06
CB1063,Caleb Sharaf,,,radhakrishnanfarhan@example.net,913103413164,Bhopal,,,Regular,2023-03-29
CB1073,Aarnav Ramakrishnan,,,suhani46@example.net,913098050097,Jaipur,,,Silver,2024-12-25
CB1083,Nidra Acharya,,,bhavini36@example.net,913872148951,Bhopal,,,Silver,2023-07-14
CB1116,Suhani Chand,,,anshbedi@example.com,911839335290,Ahmedabad,,,Regular,2024-06-01
CB1121,Jason Roy,,,pallavi04@example.net,8327315851,Udaipur,,,Silver,2023-04-25
CB1129,Riya Mitter,,,daksh58@example.org,910541199867,Kota,,,Silver,2025-03-12
CB1142,Fitan Samra,,,sanipranit@example.net,915447962757,Indore,,,Regular,2023-02-15
CB1151,Wyatt Shukla,,,lokeshivani@example.org,916963259532,Jaipur,,,Gold,2024-02-20
CB1172,Darsh Gill,,,dtandon@example.com,916246287334,Lucknow,,,Gold,2023-08-29
CB1174,Balveer Bora,,,,913173936385,Udaipur,,,Silver,2023-08-25
CB1224,Udant Gill,,,umohanty@example.net,919690295939,Nagpur,,,Gold,2023-11-10
CB1236,Yutika Dutt,,,mukhopadhyayyashawini@example.com,2330307053,Surat,,,Gold,2023-02-16
CB1249,Rushil Iyengar,,,saksham56@example.com,913753001197,Delhi,,,Silver,2024-09-16
CB1251,Chakradev Andra,,,onkarnarasimhan@example.com,5521667467,Mumbai,,,Regular,2023-06-10
CB1256,Gavin Modi,,,tanmayiom@example.com,918997571130,Nagpur,,,Silver,2023-09-28
CB1258,Chakradhar Dasgupta,,,qshankar@example.net,0869782922,Ahmedabad,,,Silver,2024-10-25
CB1259,Lila Nagy,,,msahota@example.net,4722698485,Mumbai,,,Gold,2023-03-15
CB1287,Zarna Mangal,,,bahadurjituppal@example.net,915302146566,Bhopal,,,Silver,2024-03-01
CB1288,Zarna Aurora,,,chanabhavani@example.net,919376904268,Mumbai,,,Vip,2024-04-12
CB1292,Brijesh Subramaniam,,,divya79@example.com,916392086780,Ahmedabad,,,Vip,2023-10-17
CB1308,Xavier Andra,,,somanmohammed@example.com,911950052812,Delhi,,,Vip,2023-08-21
CB1326,Lila Balan,,,umang25@example.com,919363926495,Jaipur,,,Vip,2024-12-17
CB1328,Odika Sabharwal,,,saanvi42@example.org,919949993933,Bhopal,,,Gold,2024-09-12
CB1345,Aradhana Walia,,,ridhi14@example.org,919881385854,Kota,,,Gold,2024-08-21
CB1001,Urvashi Kadakia,,,aarnavkata@example.org,2705102876,Khammam,,,Regular,2024-10-16
CB1009,Wridesh Ramaswamy,,,trajan@example.com,918193242687,Jamshedpur,,,Gold,2023-08-14
CB1035,Bhavna Atwal,,,indrajit47@example.com,913388487920,Rohtak,,,Gold,2023-08-05
CB1117,Maanav De,,,owen10@example.org,915024026811,Indore,,,Gold,2023-04-05
CB1126,Tripti Brahmbhatt,,,pushti96@example.net,910529751613,Indore,,,Silver,2023-12-29
CB1139,Rachit Chada,,,ekansh88@example.net,916540515319,Lucknow,,,Gold,2024-09-02
CB1165,David Dani,,,kmohanty@example.com,9332727956,Bhopal,,,Gold,2024-04-12
CB1166,Tejas Kota,,,vorasanya@example.net,910883982258,Nagpur,,,Vip,2025-02-12
CB1182,Rajeshri Kata,,,oakmekhala@example.com,3586629619,Ahmedabad,,,Vip,2024-05-14
CB1227,Henry Borah,,,onkar62@example.net,919970629620,Bhopal,,,Gold,2023-12-27
CB1234,Leela Sunder,,,lbarad@example.com,6065307450,Ahmedabad,,,Regular,2024-01-05
CB1238,Ayaan Raju,,,gabatanish@example.org,8007229034,Nagpur,,,Gold,2023-04-16
CB1240,Chanchal Chokshi,,,vbhatt@example.com,3283096520,Ahmedabad,,,Vip,2023-07-08
CB1254,Lekha Dixit,,,aptenaksh@example.net,7535408386,Ahmedabad,,,Gold,2023-02-03
CB1263,Chaitaly Sen,,,falangrover@example.org,4842294057,Nagpur,,,Regular,2024-03-24
CB1264,Balveer Dube,,,charan94@example.com,913281826886,Lucknow,,,Gold,2024-03-18
CB1271,Qarin Kant,,,rishi12@example.net,1414139755,Mumbai,,,Gold,2024-11-17
CB1273,Timothy Sarin,,,jagvi25@example.com,917812914283,Surat,,,Regular,2024-11-09
CB1294,Warjas Luthra,,,xoza@example.org,915564729293,Surat,,,Vip,2023-12-20
CB1295,Anamika Keer,,,mraj@example.org,916728857448,Pune,,,Silver,2024-04-11
CB1310,Ekiya Sidhu,,,naveen18@example.org,5708620959,Udaipur,,,Gold,2024-03-30
CB1342,Lopa Grover,,,morardivya@example.net,917357438421,Jaipur,,,Gold,2025-03-20
CB1343,Baljiwan Jaggi,,,sawhneyyashawini@example.org,5784521823,Bhopal,,,Gold,2024-07-03
CB1348,Januja Ramanathan,,,ganganair@example.com,1577245992,Kota,,,Regular,2024-09-16
CB1012,Wazir Kalla,,,,3849830220,Vadodara,,,Silver,2023-10-12
CB1032,Saksham De,,,peter50@example.org,918515691545,Junagadh,,,Regular,2024-12-02
CB1038,Oliver Saran,,,oviya47@example.org,919937124065,Ozhukarai,,,Silver,2023-05-27
CB1057,Arunima Golla,,,fswamy@example.com,911256746807,Nizamabad,,,Silver,2025-05-11
CB1147,Nirja Rout,,,dassedhitha@example.net,915289226801,Lucknow,,,Vip,2024-11-13
CB1148,Daksha Gala,,,ekantikakar@example.com,918424981829,Surat,,,Silver,2024-12-14
CB1164,Nandini Chandran,,,,913745499045,Pune,,,Regular,2023-02-21
CB1213,Aditya Nayak,,,puridamyanti@example.org,7024103865,Delhi,,,Gold,2023-11-27
CB1230,Lakshmi Pingle,,,sanayabasu@example.com,914902115869,Udaipur,,,Silver,2025-01-30
CB1262,Lopa Khanna,,,champak66@example.com,914397359893,Ahmedabad,,,Vip,2024-12-17
CB1269,Ishita Thakkar,,,manncharvi@example.net,916072832684,Delhi,,,Vip,2024-10-12
CB1303,Megha Krish,,,madhaviradhakrishnan@example.org,918944846312,Lucknow,,,Vip,2024-04-25
CB1324,Chatresh Shroff,,,bhavsarlipika@example.net,914636815798,Delhi,,,Silver,2025-05-23
CB1329,Jagrati Buch,,,gdesai@example.net,7722330604,Nagpur,,,Gold,2025-03-05
CB1332,Chaitaly Bhagat,,,ubikaseth@example.org,2665702793,Kota,,,Regular,2024-10-05
CB1344,Tripti Ram,,,agrawaldeepa@example.org,911840943533,Kota,,,Gold,2024-11-19
