Customer_ID,Customer_Name,Email,Phone,Gender,Date_of_Birth,City,State,Country,Join_Date,Loyalty_Status,Created_At,Last_Updated
1001,Anvi Konda,liamchaudry@example.net,0133890838,Female,1984-02-04,Sultan Pur Majra,Odisha,India,2026-04-07,Silver,2026-04-28 14:50:25,2026-07-18 17:51:25
1002,Nathaniel Sami,arunima23@example.com,,Male,1993-02-10,Tadipatri,West Bengal,India,2024-09-23,Platinum,2026-06-13 16:52:38,2026-07-11 21:39:38
1003,Ekaraj Bath,bimalabuch@example.org,5255341928,Female,2005-02-28,Ujjain,Manipur,India,2025-01-30,Silver,2026-04-23 10:37:26,2026-07-27 03:42:26
1004,Ekta Bhalla,azadmutti@example.com,5376724238,Male,1992-03-22,Bhimavaram,Maharashtra,India,2025-02-27,Platinum,2025-09-24 16:11:31,2025-09-27 18:24:31
1005,Theodore Devi,wchand@example.org,9166978480,Male,2001-11-02,Jorhat,Tripura,India,2026-01-10,Platinum,2026-03-28 13:20:28,2026-06-13 13:55:28
1006,Isaac Memon,ddugar@example.org,1489325288,Female,1955-08-02,Unnao,Andhra Pradesh,India,2024-09-05,Silver,2026-04-24 23:43:07,2026-07-17 22:17:07
1007,Wriddhish Bhardwaj,farhanchada@example.net,+91 2782489638,Male,2006-12-10,Bijapur,Madhya Pradesh,India,2024-01-08,Silver,2025-07-24 20:54:13,2025-09-20 15:11:13
1008,Jai Kota,devanshnigam@example.org,1031051834,Female,2001-01-25,Kakinada,Nagaland,India,2025-02-18,Silver,2026-01-24 06:46:38,2026-04-23 20:07:38
1009,Xavier Solanki,ggupta@example.org,+91 7010651333,Male,1992-01-15,Kolhapur,Maharashtra,India,2024-02-09,Gold,2026-07-15 02:01:46,2026-08-11 12:07:46
1010,Zaid Borra,dchaudhari@example.net,6773602606,Female,1973-08-04,Baranagar,Maharashtra,India,2024-04-29,Platinum,2025-07-05 16:54:56,2025-07-18 04:48:56
1011,Ranveer Minhas,dalbirbhat@example.net,7882081219,Female,1960-03-03,Sambhal,Bihar,India,2025-11-28,Platinum,2026-06-05 00:06:22,2026-07-08 01:52:22
1012,Finn Saini,advika35@example.org,+91 7510799118,Female,1970-01-18,Mira-Bhayandar,Kerala,India,2025-12-19,Platinum,2026-03-24 14:53:36,2026-04-09 02:58:36
1013,Bhavani Dugar,nmittal@example.net,2411824493,Male,2004-05-18,Kurnool,Sikkim,India,2023-11-02,Platinum,2024-11-15 11:34:59,2025-02-02 23:10:59
1014,Zayan Behl,sampatharadhana@example.org,2786801128,Male,1957-12-30,Ballia,Nagaland,India,2026-03-30,Gold,2026-05-20 06:15:14,2026-05-28 07:57:14
1015,Benjamin Morar,balveer53@example.net,6923226025,Male,1983-07-25,Shimoga,Goa,India,2024-03-05,Gold,2026-01-01 15:36:36,2026-01-11 23:31:36
1016,Upma Kapadia,trivenipalla@example.com,6541458685,Female,1957-06-04,Bhilwara,Goa,India,2024-01-02,Silver,2025-08-18 06:11:20,2025-09-22 20:51:20
1017,Ikbal Saraf,dipta69@example.net,4060883561,Female,2000-09-29,Satara,Sikkim,India,2026-01-05,Platinum,2026-04-18 02:19:33,2026-06-04 13:32:33
1018,Nilima Narain,jmerchant@example.org,9946804436,Male,1995-01-05,Kirari Suleman Nagar,Manipur,India,2024-01-28,Platinum,2025-05-08 12:49:32,2025-09-05 10:30:32
1019,Omkaar Chad,yutika95@example.org,+91 2003791769,Male,1968-10-10,Shimla,Madhya Pradesh,India,2025-06-04,Silver,2025-11-16 23:40:58,2026-02-06 05:14:58
1020,Hredhaan Sandal,patrickvasa@example.com,7278895798,Male,1984-08-01,Kozhikode,Telangana,India,2024-08-01,Platinum,2024-11-23 14:55:45,2025-01-22 03:12:45
1021,Yug Malhotra,rkhare@example.com,5581223623,Male,1959-12-01,Vellore,Karnataka,India,2025-07-25,Gold,2026-01-15 18:57:15,2026-02-25 20:11:15
1022,David Jhaveri,xramachandran@example.net,0546688937,Male,1970-06-23,Junagadh,Meghalaya,India,2025-11-07,Platinum,2026-05-06 22:43:45,2026-06-27 06:47:45
1023,Nidhi Gandhi,ndatta@example.net,0162720465,Male,1969-12-12,Khammam,Karnataka,India,2023-09-02,Platinum,2025-04-28 01:38:50,2025-08-18 23:58:50
1024,Zayyan Bumb,vbahl@example.net,0033092327,Female,2001-02-06,Phusro,Gujarat,India,2025-02-26,Silver,2025-09-30 03:04:45,2025-12-02 16:00:45
1025,Jyoti Ganesh,gadedeepa@example.org,6319314919,Female,1958-05-04,Katihar,Maharashtra,India,2025-07-10,Platinum,2026-04-07 15:29:09,2026-05-10 19:44:09
1026,Advik Salvi,bcherian@example.com,+91-8498776945,Female,1972-04-01,Alwar,Manipur,India,2025-02-13,Gold,2025-04-07 13:26:48,2025-06-21 03:23:48
1027,Ladli Nayar,talwarekta@example.org,5494808313,Female,2004-07-18,Unnao,Nagaland,India,2024-07-31,Silver,2026-03-05 21:53:30,2026-04-03 02:25:30
1028,Vritti Sem,chanderchaitaly@example.org,5788568557,Male,1973-12-24,Chandrapur,HARYANA,India,2024-07-26,Silver,2026-01-13 09:53:28,2026-04-19 11:48:28
1029,Jagdish Wason,rehaankalita@example.net,9413435240,Female,2003-09-22,Panipat,Arunachal Pradesh,India,2024-01-22,Platinum,2024-11-16 04:03:46,2025-02-04 09:53:46
1030,Jonathan Swaminathan,arorabhavani@example.com,0471167190,Female,1965-11-14,Phusro,Jharkhand,India,2023-10-11,Platinum,2026-02-16 14:43:03,2026-02-25 03:07:03
1031,Omaja Kara,cseshadri@example.com,0913341232,Male,1993-02-08,Sangli-Miraj & Kupwad,Andhra Pradesh,India,2023-11-28,Platinum,2024-12-17 13:13:46,2025-01-19 07:08:46
1032,Bishakha Bali,,9361832421,Female,1959-08-09,Aizawl,Punjab,India,2025-04-13,Platinum,2026-03-28 21:59:51,2026-06-29 01:42:51
1033,Jeet Sidhu,neha48@example.net,0659401399,Female,1956-12-15,Gangtok,Arunachal Pradesh,India,2025-12-19,Silver,2026-04-10 02:02:44,2026-05-23 05:20:44
1034,Arunima Golla,fswamy@example.com,1256746807,Female,1961-07-15,Nizamabad,Karnataka,India,2024-04-16,Platinum,2026-04-16 21:32:31,2026-06-13 22:18:31
1035,Turvi Sachdev,guhazarna@example.com,4824771093,Male,2003-11-05,Bijapur,Nagaland,India,2024-01-15,Platinum,2025-10-03 20:44:17,2026-01-09 02:16:17
1036,Girik Kar,shenoyjacob@example.net,4677378263,Male,1996-05-01,Coimbatore,Himachal Pradesh,India,2023-08-09,Silver,2025-12-13 21:25:29,2026-01-21 17:57:29
1037,Aarnav Mandal,vrishti27@example.net,8675339636,Male,1958-07-07,Bhalswa Jahangir Pur,Tamil Nadu,India,2025-04-23,Platinum,2026-01-11 23:44:01,2026-02-28 05:18:01
1038,Warhi Bansal,yadavinarula@example.org,0262174596,Male,1999-10-07,Ozhukarai,West Bengal,India,2025-03-02,Gold,2025-12-26 21:01:46,2026-02-06 12:02:46
1039,Vinaya Banik,keerbhavna@example.org,7240050455,Male,1984-11-07,Sambalpur,Mizoram,India,2025-10-24,Silver,2026-03-20 13:56:39,2026-07-10 23:11:39
1040,Onkar Gill,rajawridesh@example.com,7407482175,Male,1995-07-13,Khandwa,Tamil Nadu,India,2025-04-19,Platinum,2026-07-02 13:39:49,2026-10-23 07:44:49
1041,Rushil Rajagopalan,pchhabra@example.com,0640909743,Male,1996-11-08,Muzaffarnagar,Rajasthan,India,2024-08-10,Silver,2025-07-30 20:02:12,2025-09-30 22:50:12
1042,Gunbir Baral,ridhi09@example.com,6232858842,Male,1973-01-12,Sagar,Telangana,India,2024-05-09,Gold,2025-06-02 08:02:39,2025-08-25 23:37:39
1043,Faqid Dhaliwal,mekhalapau@example.org,1754965137,Male,1957-03-31,Phagwara,Haryana,India,2024-12-26,Platinum,2025-03-25 10:55:08,2025-06-01 06:22:08
1044,Chasmum Rege,deychakradev@example.org,3826758692,Male,1983-10-12,Unnao,Punjab,India,2023-10-25,Platinum,2026-07-08 01:34:30,2026-10-13 01:18:30
1045,Kamala Kalla,psaxena@example.com,0643171390,Female,1958-12-27,Latur,Chhattisgarh,India,2025-04-12,Gold,2025-11-15 06:44:03,2025-12-24 19:26:03
1046,Sarthak Kalita,falgunidivan@example.net,84210 20539,Male,1977-07-30,Akola,Himachal Pradesh,India,2025-12-12,Silver,2026-03-01 16:39:16,2026-06-25 09:07:16
1047,Ishaan Bhatt,xsen@example.com,9084700766,Male,2002-03-27,Pallavaram,Tamil Nadu,India,2023-10-08,Platinum,2024-04-21 21:54:03,2024-05-20 00:15:03
1048,Ekanta Divan,,47896 11836,Male,1986-04-10,Haridwar,Karnataka,India,2025-06-07,Silver,2025-08-03 01:57:58,2025-10-12 09:34:58
1049,Girish Munshi,qmunshi@example.com,1116152809,Male,1993-10-05,Bhilai,Maharashtra,India,2025-06-22,Silver,2026-04-27 16:52:09,2026-05-07 15:32:09
1050,Charan Mani,indira19@example.net,1585149368,Female,2007-10-08,Narasaraopet,Sikkim,India,2025-01-18,Silver,2026-06-18 18:50:46,2026-06-26 20:45:46
1051,Anjali More,indali02@example.org,1836675254,Female,2004-08-25,Tezpur,Punjab,India,2024-09-06,Silver,2024-09-28 11:43:35,2024-12-02 19:00:35
1052,Nakul Bawa,magarsaanvi@example.net,6438156149,Female,1988-08-29,Ranchi,Haryana,India,2023-11-27,Silver,2024-02-16 17:23:57,2024-04-25 22:09:57
1053,Abhimanyu Jayaraman,siddharth24@example.com,6226838851,Female,1982-07-26,Junagadh,Andhra Pradesh,India,2025-03-24,Silver,2026-07-02 12:13:37,2026-10-11 04:04:37
1054,Dhriti Sanghvi,ssahni@example.org,9751613696,Female,1991-03-15,Tenali,West Bengal,India,2025-07-02,Gold,2026-06-24 17:51:22,2026-07-06 21:33:22
1055,Timothy Nath,farajuppal@example.net,5523124329,Male,1965-12-12,Belgaum,Tripura,India,2024-11-11,Platinum,2026-06-13 06:48:34,2026-08-06 20:17:34
1056,Saumya Naidu,matthew71@example.com,+91 0581477005,Male,1975-01-30,Mysore,Punjab,India,2026-03-20,Gold,2026-06-23 22:45:08,2026-09-15 18:51:08
1057,Turvi Barman,uguha@example.net,7151820377,Male,1991-03-17,Bharatpur,Kerala,India,2026-01-26,Silver,2026-05-04 11:06:26,2026-08-05 21:57:26
1058,Hamsini Ben,dominic51@example.net,2519254629,Female,2003-10-13,Tirupati,Nagaland,India,2024-09-30,Silver,2025-07-27 21:58:05,2025-08-21 04:32:05
1059,Joshua Vyas,sampathyashoda@example.com,3573322141,Female,1990-02-03,Naihati,Tripura,India,2025-02-23,Silver,2026-07-07 19:35:01,2026-08-31 00:52:01
1060,Mitesh Gaba,noahsarma@example.org,9473834735,Male,2001-09-14,Surendranagar Dudhrej,Tripura,India,2026-03-05,Silver,2026-03-30 10:43:58,2026-07-19 13:11:58
1061,Yadavi Wable,medwin@example.net,5818141247,Male,1990-06-24,Junagadh,Assam,India,2024-09-28,Silver,2026-05-25 09:17:00,2026-08-17 03:10:00
1062,Ikshita Bala,zbera@example.net,5305152204,Female,1987-09-11,Nandyal,Manipur,India,2024-06-27,Gold,2026-03-23 08:27:07,2026-07-19 15:37:07
1063,Anirudh Kunda,masonwable@example.com,+91-1036971179,Female,1992-01-09,Kottayam,Odisha,India,2026-02-28,Silver,2026-03-01 00:28:20,2026-05-01 07:23:20
1064,Bishakha Sanghvi,panditwridesh@example.net,51888 88067,Female,1958-07-05,Dindigul,Himachal Pradesh,India,2024-07-28,Gold,2026-02-06 02:38:13,2026-02-27 14:38:13
1065,Hemani Khosla,natarajankiaan@example.org,+91 7722170430,Female,1969-02-12,Satna,Jharkhand,India,2023-08-13,Platinum,2025-02-17 17:25:28,2025-06-16 07:43:28
1066,Zehaan Bansal,,6676527758,Female,1973-09-11,Khandwa,Assam,India,2025-09-26,Silver,2026-02-27 15:43:01,2026-06-01 09:25:01
1067,Ekani Chauhan,,75705 96401,Male,2001-03-21,Bharatpur,Mizoram,India,2025-05-17,Platinum,2025-10-04 03:57:09,2025-10-28 13:10:09
1068,Raksha Banerjee,,0927557192,Female,1991-07-29,Sikar,Karnataka,India,2024-03-23,Silver,2024-05-10 09:00:23,2024-08-13 02:03:23
1069,Atharv Grewal,yvasa@example.net,+91-3947312172,Male,2004-02-02,Chandigarh,Uttar Pradesh,India,2024-09-23,Silver,2025-04-04 21:05:54,2025-04-11 15:35:54
1070,Dhruv Mannan,nakul25@example.net,3705895782,Male,1997-03-10,Amritsar,Jharkhand,India,2024-11-26,Silver,2026-04-28 17:26:09,2026-07-02 20:20:09
1071,Nimrat Borah,edhithaborah@example.com,89226 80182,Male,1976-03-29,Nanded,Karnataka,India,2025-03-28,Gold,2026-04-03 18:57:51,2026-06-18 21:40:51
1072,Farhan Krishna,anvidass@example.net,8299229959,Male,1958-05-07,Jodhpur,Arunachal Pradesh,India,2024-07-03,Platinum,2025-03-28 18:20:15,2025-04-13 12:35:15
1073,Omaja Balasubramanian,pmann@example.com,71027 67735,Female,1996-10-29,Satara,West Bengal,India,2026-04-10,Gold,2026-05-31 09:23:09,2026-06-10 23:05:09
1074,Mohini De,yutika81@example.com,7321046963,Female,1966-05-31,Gangtok,telangana,India,2024-11-26,Silver,2026-06-19 06:28:31,2026-07-16 04:13:31
1075,Wishi Varma,ttara@example.com,7339500479,Female,2000-01-25,Baranagar,Nagaland,India,2024-11-15,Gold,2025-04-11 10:45:50,2025-05-14 22:53:50
1076,Krish Lalla,neha50@example.com,5841687849,Female,2001-11-05,Warangal,Bihar,India,2023-07-31,Platinum,2024-01-13 23:46:54,2024-02-23 01:46:54
1077,Jasmit Dhawan,yashodhararatti@example.net,5787298259,Male,1977-03-22,Singrauli,Punjab,India,2025-03-21,Platinum,2026-01-04 20:55:16,2026-03-17 23:59:16
1078,Yashica Upadhyay,emistry@example.org,9409749930,Female,1995-04-03,Tirunelveli,Mizoram,India,2024-10-25,Silver,2026-01-29 03:49:47,2026-03-03 08:48:47
1079,Xavier Balay,halderanirudh@example.com,3689702838,Female,1977-08-31,Hajipur,Madhya Pradesh,India,2026-03-22,Silver,2026-06-03 19:48:55,2026-09-24 03:11:55
1080,Hema Pandya,veda33@example.com,3757584419,Female,2001-08-03,Tenali,Uttarakhand,India,2024-11-17,Platinum,2025-03-31 12:21:15,2025-05-27 06:06:15
1081,Brijesh Mani,palriya@example.net,84842 19933,Male,1958-12-31,Muzaffarpur,Arunachal Pradesh,India,2025-01-05,Platinum,2025-04-28 18:30:46,2025-08-10 15:03:46
1082,Urmi Chaudhry,abduldugar@example.com,5401938026,Male,1967-07-05,Sikar,Uttar Pradesh,India,2023-12-21,Silver,2025-09-23 00:59:30,2026-01-05 18:18:30
1083,Baljiwan Andra,hredhaan54@example.com,4315274205,Male,1975-08-15,Akola,Punjab,India,2025-08-26,Platinum,2025-11-06 08:33:00,2025-12-09 12:29:00
1084,Yutika Narang,rattangirish@example.org,0463745499,Female,1956-04-28,Karimnagar,Tamil Nadu,India,2026-04-06,Platinum,2026-06-23 17:43:19,2026-09-01 22:00:19
1085,Udyati Mohanty,nidrathakkar@example.net,9332727956,Male,2003-04-24,Siwan,Uttar Pradesh,India,2024-07-20,Platinum,2024-09-06 06:04:53,2024-10-03 04:25:53
1086,Finn Vora,twable@example.com,8839822587,Female,1963-06-16,Ballia,Meghalaya,India,2024-06-22,Gold,2026-02-03 18:05:33,2026-04-26 02:37:33
1087,Christopher Setty,yochanasagar@example.com,0640391065,Female,2003-03-17,Hosur,Arunachal Pradesh,India,2023-12-07,Gold,2026-02-06 20:10:20,2026-06-01 21:15:20
1088,Bhavini Rege,krishnasalvi@example.com,1825128682,Male,2005-01-28,Delhi,Tripura,India,2023-11-03,Platinum,2025-11-05 08:05:24,2025-11-10 08:26:24
1089,Panini Wali,pkarpe@example.com,1069033119,Female,1957-10-30,Khora ,Sikkim,India,2023-08-23,Platinum,2024-11-28 11:46:42,2024-12-31 17:33:42
1090,Neelima Sarna,teerthbhalla@example.org,99534 28364,Male,1974-04-08,Proddatur,Odisha,India,2023-10-02,Silver,2024-10-16 04:21:01,2025-01-14 17:56:01
1091,Champak Padmanabhan,,6287334270,Male,1993-10-25,Erode,Nagaland,India,2024-04-16,Platinum,2026-02-08 15:11:31,2026-02-18 14:08:31
1092,Xavier Kumer,gangabrar@example.com,0469901398,Male,1970-04-24,Dhule,West Bengal,India,2025-10-19,Gold,2025-12-10 01:50:06,2025-12-14 13:27:06
1093,Siddharth Gupta,srinivasxavier@example.net,5467854458,Female,1989-05-20,Navi Mumbai,Uttar Pradesh,India,2024-12-17,Silver,2025-08-09 11:50:03,2025-08-25 13:09:03
1094,Samar Prabhakar,odika09@example.org,9964235369,Male,1972-04-07,Jamalpur,Rajasthan,India,2025-07-17,Platinum,2026-05-08 18:53:47,2026-09-01 06:06:47
1095,Vritti Sharma,indiragara@example.org,8010062312,Female,1956-03-02,Dibrugarh,Manipur,India,2024-12-24,Platinum,2025-07-11 20:55:06,2025-07-25 08:44:06
1096,Vinaya Babu,walinisha@example.org,4086211823,Male,1968-08-09,Raichur,Himachal Pradesh,India,2025-02-17,Silver,2025-04-04 22:52:18,2025-07-09 03:51:18
1097,Nidra Sharaf,upkaarmital@example.net,6687002176,Female,1999-06-07,Buxar,West Bengal,India,2025-03-26,Silver,2025-05-26 09:01:31,2025-09-05 14:57:31
1098,Victor Kakar,cmadan@example.org,2503926142,Female,1993-12-03,Tezpur,Uttarakhand,India,2023-12-14,Gold,2026-03-13 11:12:05,2026-04-05 11:11:05
1099,Leena Dey,tellahiral@example.org,5999650477,Male,1971-01-26,Begusarai,Madhya Pradesh,India,2025-03-14,Gold,2026-05-07 20:48:50,2026-08-18 18:43:50
1100,Frederick Merchant,ethanbutala@example.com,5511047541,Female,1964-07-24,Gaya,Maharashtra,India,2025-05-19,Silver,2025-10-10 06:24:15,2025-10-31 04:30:15
1101,Harshil Bal,pandyagirik@example.net,6618398262,Male,1964-12-28,Barasat,Himachal Pradesh,India,2025-06-15,Gold,2026-07-18 00:35:23,2026-11-04 15:49:23
1102,Oliver Saran,oviya47@example.org,9937124065,Male,1997-09-30,Ozhukarai,Manipur,India,2025-08-23,Silver,2025-10-18 16:12:40,2025-12-02 02:04:40
1103,Charita Nagi,varenyamurthy@example.org,+91-9356465193,Female,1995-11-05,Jamalpur,Andhra Pradesh,India,2024-12-19,Gold,2025-11-18 11:16:05,2025-11-22 08:28:05
1104,Raksha Manne,regexalak@example.org,+91 6617979688,Female,2002-08-13,Tinsukia,Arunachal Pradesh,India,2025-07-05,Gold,2026-07-06 05:09:47,2026-08-10 07:58:47
1105,Ikbal Kothari,ojas90@example.net,0143888993,Female,1985-11-17,Katni,Manipur,India,2025-01-27,Silver,2026-03-20 00:39:10,2026-06-10 17:04:10
1106,Hemani Bakshi,scheema@example.com,4573875717,Female,2004-09-04,Imphal,Assam,India,2026-01-18,Silver,2026-06-01 01:40:15,2026-06-15 09:51:15
1107,Arin Oza,galayagnesh@example.net,+91 8673622660,Female,2005-09-21,Hospet,Odisha,India,2024-10-27,Platinum,2024-11-30 16:57:08,2024-12-14 12:24:08
1108,Tanish Jha,dev91@example.net,7147859696,Male,1995-06-29,Karnal,Kerala,India,2025-05-16,Gold,2026-03-14 00:25:27,2026-06-22 10:52:27
1109,Chameli Chad,dhritidalal@example.org,+91-2866929662,Female,1988-08-30,Miryalaguda,Goa,India,2025-06-29,Silver,2026-02-23 18:14:14,2026-06-19 12:26:14
1110,Rachit Murty,wbera@example.org,8876767721,Male,1994-01-08,Muzaffarnagar,Jharkhand,India,2025-08-17,Gold,2025-12-07 04:08:06,2026-03-07 17:08:06
1111,Bhavya Ganguly,jtandon@example.net,8580783613,Female,1975-10-21,Hospet,Himachal Pradesh,India,2023-09-07,Platinum,2024-11-06 23:15:34,2025-01-01 01:57:34
1112,Jacob Khalsa,indalisangha@example.org,9584982544,Male,1994-07-09,Kottayam,Sikkim,India,2025-01-10,Platinum,2025-03-18 13:28:50,2025-04-28 11:22:50
1113,Daniel Malhotra,kevinkrish@example.org,2946671168,Female,2006-07-27,Arrah,manipur,India,2023-12-13,Platinum,2024-07-10 15:07:14,2024-11-03 00:39:14
1114,Girik Shanker,dev86@example.org,5458929750,Female,1958-09-02,Jaunpur,Andhra Pradesh,India,2025-08-15,Platinum,2025-12-20 02:33:25,2026-02-10 12:58:25
1115,Tanmayi Acharya,sjain@example.org,5415206436,Female,2000-02-25,Bareilly,Andhra Pradesh,India,2024-01-27,Platinum,2024-09-28 10:03:08,2024-10-14 16:29:08
1116,Kevin Kara,aandra@example.net,7136111554,Female,1964-11-16,Guntur,Rajasthan,India,2024-06-14,Gold,2025-06-19 08:19:16,2025-09-22 13:58:16
1117,Nitesh Sarraf,tanay26@example.net,2196565234,Female,1999-05-31,Kulti,Nagaland,India,2024-02-25,Silver,2024-06-10 06:34:10,2024-08-19 06:53:10
1118,Avi Mitra,zarnaupadhyay@example.org,+91 7613791805,Female,1977-01-29,Munger,West Bengal,India,2026-02-06,Gold,2026-06-02 12:14:21,2026-07-28 06:52:21
1119,Orinder Sinha,badalekansh@example.org,6848666188,Male,1997-06-19,Alwar,Assam,India,2025-12-17,Platinum,2026-05-29 10:43:56,2026-07-25 01:26:56
1120,Nachiket Yadav,,1617990421,Male,1956-05-28,Hyderabad,Goa,India,2024-11-11,Gold,2025-01-11 09:04:07,2025-03-13 08:14:07
1121,Ojas Prabhu,amrutadalal@example.org,+91 1491778507,Female,1994-02-14,Arrah,Goa,India,2025-08-28,Silver,2026-01-09 15:31:33,2026-03-16 13:11:33
1122,Jack Kari,basuadvik@example.org,2208635365,Female,1974-01-02,Aurangabad,Kerala,India,2024-08-18,Silver,2026-04-10 15:53:47,2026-07-23 23:36:47
1123,Praneel Kapoor,rattanekapad@example.com,8705349493,Male,1987-02-11,Gudivada,Meghalaya,India,2024-01-20,Silver,2026-03-09 21:26:34,2026-06-21 03:35:34
1124,Abeer Rout,kaulhiral@example.net,+91 4138367024,Male,1961-11-16,Ahmednagar,West Bengal,India,2024-05-17,Gold,2025-06-01 18:59:32,2025-07-03 10:38:32
1125,Tara Chad,tiwarikiaan@example.net,0623445655,Male,1986-05-10,Muzaffarpur,Assam,India,2025-10-03,Platinum,2026-03-12 09:58:06,2026-05-05 06:34:06
1126,Nachiket Cherian,shivanishukla@example.com,3747411249,Female,1958-04-16,Khammam,Chhattisgarh,India,2024-05-28,Silver,2024-12-25 10:37:02,2025-03-24 23:08:02
1127,Meghana Varghese,mistryabha@example.org,8317121003,Male,1964-06-09,Rewa,Kerala,India,2023-12-07,Silver,2024-12-26 14:16:01,2025-01-14 11:00:01
1128,Falan Bains,horasachi@example.org,7029667066,Male,1967-04-22,Kakinada,Goa,India,2026-03-24,Platinum,2026-04-09 07:39:07,2026-07-17 20:53:07
1129,Manthan Banerjee,chakrikatara@example.com,6263838065,Male,1988-03-09,Hapur,Odisha,India,2024-09-18,Silver,2025-04-23 08:52:01,2025-06-28 22:55:01
1130,Anamika Gole,nagartheodore@example.org,+91 nan,Female,2007-07-16,Ramgarh,West Bengal,India,2025-09-06,Platinum,2026-01-08 21:34:13,2026-03-08 02:25:13
1131,Patrick Khalsa,jagrati90@example.net,9378427010,Female,1971-05-17,Jaipur,MIZORAM,India,2025-03-13,Gold,2025-12-13 14:02:15,2026-02-19 07:40:15
1132,Saksham De,peter50@example.org,8515691545,Female,1964-10-30,Junagadh,Uttar Pradesh,India,2025-07-30,Platinum,2025-07-30 06:22:14,2025-10-17 06:19:14
1133,Owen Parikh,parthradhakrishnan@example.com,9690295939,Female,1962-08-18,Ajmer,Karnataka,India,2026-04-07,Gold,2026-07-10 14:30:59,2026-09-05 20:17:59
1134,Ekaja Ganesh,nayaksanya@example.org,5410067626,Female,1989-02-05,Etawah,Nagaland,India,2023-11-16,Platinum,2024-11-19 17:07:52,2024-12-23 01:00:52
1135,Umang Gaba,zborah@example.org,1152621815,Female,1995-12-20,Ludhiana,Maharashtra,India,2025-02-21,Gold,2025-05-10 18:45:55,2025-07-12 15:00:55
1136,Chatresh Chaudhuri,samesh36@example.net,1069872050,Male,1984-08-23,Durg,Uttarakhand,India,2024-03-31,Gold,2026-02-03 12:09:49,2026-02-13 10:27:49
1137,Ryan Chatterjee,jhaverionkar@example.net,4677418625,Male,1981-07-02,Gaya,Manipur,India,2026-03-16,Silver,2026-07-10 13:12:25,2026-08-22 00:09:25
1138,Udyati Lall,amrutabhatia@example.org,6938068687,Male,1994-07-08,Fatehpur,Jharkhand,India,2023-09-26,Platinum,2024-11-08 00:23:06,2024-11-27 07:47:06
1139,Yadavi Varughese,jaisen@example.org,+91-0616329451,Female,1961-06-20,Miryalaguda,Madhya Pradesh,India,2023-11-18,Gold,2025-07-23 07:22:24,2025-08-19 09:48:24
1140,Zinal Shanker,virkoni@example.org,9911914856,Male,1973-07-09,Shivpuri,Odisha,India,2025-11-22,Silver,2026-03-28 15:43:19,2026-06-06 06:09:19
1141,Orinder Majumdar,ndhawan@example.net,3074505444,Male,1988-12-31,Ambattur,Chhattisgarh,India,2026-02-18,Platinum,2026-05-20 20:33:25,2026-09-04 09:57:25
1142,Ekani Luthra,mchakraborty@example.com,5082148628,Female,1994-03-30,Malegaon,Gujarat,India,2024-10-27,Gold,2026-05-27 16:00:48,2026-07-15 07:00:48
1143,Bachittar Shan,,+91 1035797279,Female,1993-01-23,Hapur,Goa,India,2024-05-25,Platinum,2024-08-22 12:30:34,2024-11-27 01:24:34
1144,Bhavani Bala,kbawa@example.net,4680072290,Male,1970-10-09,Narasaraopet,Uttar Pradesh,India,2024-08-23,Gold,2026-03-27 17:38:50,2026-07-01 17:12:50
1145,Pallavi Puri,tripti43@example.com,+91-9108589944,Female,2002-02-13,Ongole,Assam,India,2024-11-04,Silver,2026-05-11 14:26:44,2026-06-08 22:53:44
1146,Aradhana Lal,raghav28@example.org,2074466609,Female,2003-09-24,Tiruvottiyur,Telangana,India,2024-12-22,Platinum,2025-07-24 18:01:16,2025-09-12 04:43:16
1147,Jagrati Tripathi,,8251353465,Male,1980-11-02,Bhimavaram,Jharkhand,India,2024-06-28,Platinum,2025-12-13 01:53:48,2026-01-03 16:51:48
1148,Upma Bera,sodhirobert@example.net,6022356972,Female,1977-01-27,Jodhpur,Meghalaya,India,2025-07-08,Platinum,2026-06-03 13:53:18,2026-08-10 14:51:18
1149,Dhriti Bhardwaj,sethanusha@example.org,1296666760,Male,1958-02-10,Dindigul,Andhra Pradesh,India,2024-12-16,Platinum,2026-04-20 03:18:12,2026-07-02 00:19:12
1150,Andrew Agrawal,upkaarpadmanabhan@example.com,9421044789,Female,1991-03-19,Raebareli,Sikkim,India,2024-11-30,Silver,2026-07-10 20:39:51,2026-09-03 01:34:51
1151,Jagrati Guha,netrabahl@example.org,9821506489,Female,1958-11-07,Moradabad,Rajasthan,India,2024-02-11,Silver,2025-07-27 10:00:22,2025-08-02 18:24:22
1152,Omaja Sawhney,jdasgupta@example.com,4618499261,Female,1990-05-11,Ichalkaranji,Bihar,India,2023-08-18,Gold,2023-10-31 22:19:59,2023-12-29 08:40:59
1153,Ryan Lall,ishitarout@example.com,37530 01197,Male,1965-09-11,Sasaram,Assam,India,2023-12-31,Gold,2026-02-11 05:03:26,2026-05-18 18:19:26
1154,Tanmayi Minhas,ucchal01@example.org,6110022557,Male,1997-11-10,Tiruchirappalli,kerala,India,2023-12-23,Gold,2025-01-23 12:20:56,2025-01-26 11:54:56
1155,Nandini Ratta,ymagar@example.net,+91 2021697972,Male,1997-02-22,Secunderabad,Punjab,India,2025-01-01,Silver,2025-05-23 00:55:59,2025-06-20 20:59:59
1156,Vinaya Chowdhury,csastry@example.org,9935889163,Male,1988-05-04,Kharagpur,Chhattisgarh,India,2023-09-01,Platinum,2024-03-21 23:11:01,2024-04-22 06:04:01
1157,Naksh Tiwari,ktandon@example.org,4083866317,Female,1985-10-09,Hubli–Dharwad,West Bengal,India,2025-12-02,Platinum,2025-12-23 04:35:35,2026-01-11 11:43:35
1158,Jagat Tank,chauhannetra@example.com,1994883755,Female,1959-03-29,Malda,karnataka,India,2025-08-31,Platinum,2026-02-20 14:58:36,2026-03-07 09:11:36
1159,Sneha Comar,kapadiaaarnav@example.com,5102726149,Male,1968-11-16,Jamshedpur,West Bengal,India,2025-12-05,Silver,2026-06-06 17:55:31,2026-07-09 05:05:31
1160,Rayaan Nigam,sachdevachakradhar@example.net,8270808697,Male,1990-02-19,Adoni,Goa,India,2025-03-20,Gold,2025-09-03 10:52:46,2025-10-12 14:29:46
1161,Ekanta Thaman,msahota@example.net,47226 98485,Female,2003-12-27,Kollam,Gujarat,India,2024-02-03,Gold,2024-07-12 20:46:17,2024-09-24 18:44:17
1162,Kevin Gokhale,jack58@example.com,0810620034,Male,2006-08-05,Baranagar,Sikkim,India,2026-03-14,Platinum,2026-05-09 10:11:54,2026-09-07 08:23:54
1163,Chakrika Jani,parmersneha@example.org,8406665800,Male,2006-02-25,Panihati,Punjab,India,2024-08-11,Platinum,2024-12-02 17:37:22,2025-03-01 13:52:22
1164,Ronith Hari,saumya21@example.org,0648422940,Male,1978-01-15,Bhatpara,Arunachal Pradesh,India,2025-06-06,Platinum,2025-11-28 04:31:43,2026-03-06 14:25:43
1165,Charvi Swaminathan,elijah58@example.org,2688615335,Female,1978-01-27,Durg,Gujarat,India,2024-03-13,Platinum,2025-07-27 04:31:09,2025-11-04 05:53:09
1166,Aditya Contractor,sanaya39@example.net,1648408588,Female,1985-11-12,Varanasi,Jharkhand,India,2026-03-05,Silver,2026-06-16 00:18:14,2026-08-02 02:50:14
1167,Gopal Ganesh,bhattishivansh@example.net,8612075011,Female,1959-03-28,Chandrapur,Nagaland,India,2024-05-13,Silver,2025-09-22 14:07:30,2026-01-09 03:59:30
1168,Aarna Reddy,oseshadri@example.com,1809190158,Female,1962-10-08,Barasat,Punjab,India,2023-11-05,Platinum,2026-04-16 04:08:52,2026-06-10 15:48:52
1169,Lakshmi Rana,,4245088210,Female,1955-11-21,Siwan,Nagaland,India,2023-11-30,Platinum,2025-02-09 07:43:51,2025-02-28 20:54:51
1170,Hemangini Kakar,jvala@example.org,+91 3129087814,Female,2001-04-02,Chandrapur,Bihar,India,2023-11-28,Gold,2025-03-15 07:42:34,2025-06-27 01:31:34
1171,Ishanvi Dave,harishmane@example.net,+91-7594929955,Female,1984-09-09,Kolkata,KARNATAKA,India,2024-05-20,Gold,2026-06-15 19:46:29,2026-08-10 19:23:29
1172,Rajata Malhotra,krish57@example.com,8129142834,Male,2005-06-18,Aurangabad,Andhra Pradesh,India,2024-08-04,Gold,2026-04-06 05:45:57,2026-07-24 13:38:57
1173,Nidhi Kala,ladurmi@example.net,9427881658,Female,1956-04-07,Srikakulam,Sikkim,India,2025-09-13,Platinum,2026-05-16 07:11:08,2026-09-05 21:26:08
1174,Sanaya Dutta,madhavsule@example.com,1453038567,Female,1986-06-26,Thane,Rajasthan,India,2024-04-01,Silver,2026-06-08 16:24:17,2026-08-26 13:48:17
1175,Adya Ghosh,xradhakrishnan@example.net,3865577908,Female,1965-01-01,Dehradun,Haryana,India,2024-12-03,Silver,2025-02-21 04:15:13,2025-04-25 14:26:13
1176,Siddharth Doctor,nakulpathak@example.net,1777392603,Female,1958-06-25,Chapra,Odisha,India,2023-11-15,Platinum,2026-01-22 07:29:20,2026-03-08 15:50:20
1177,Manan Bhalla,aarnagole@example.net,4137977236,Male,1996-06-06,Ballia,Uttarakhand,India,2024-03-25,Platinum,2024-10-20 06:52:35,2025-01-17 15:27:35
1178,Oliver Oommen,obiswas@example.com,3886291279,Female,1996-05-12,Katihar,Mizoram,India,2024-04-26,Gold,2026-06-28 12:11:14,2026-07-22 14:26:14
1179,Kalpit Zacharia,sankarosha@example.com,7659916247,Female,2007-08-30,Gwalior,Jharkhand,India,2024-01-17,Platinum,2024-06-09 18:22:25,2024-08-20 02:06:25
1180,Aarini Gulati,amblejacob@example.net,6512694486,Male,1993-12-20,Pudukkottai,himachal pradesh,India,2026-02-02,Silver,2026-05-18 13:58:12,2026-08-18 05:26:12
1181,Vasudha Gola,veda44@example.net,3721386589,Male,2002-12-24,Nanded,Madhya Pradesh,India,2025-03-27,Gold,2025-09-01 05:07:30,2025-10-08 12:32:30
1182,Maanav Sinha,echakrabarti@example.com,0669849027,Female,1985-06-01,Panihati,West Bengal,India,2026-04-01,Platinum,2026-04-02 00:39:22,2026-06-25 19:02:22
1183,Bahadurjit Uppal,omkaarbanik@example.com,4656693801,Female,1961-09-06,Karaikudi,Odisha,India,2025-09-30,Gold,2026-01-19 01:46:26,2026-03-27 13:13:26
1184,Upkaar Hayer,kraval@example.org,1818451848,Female,1994-09-01,Mango,Madhya Pradesh,India,2025-01-09,Gold,2025-10-05 21:24:18,2026-01-03 11:41:18
1185,Harinakshi Shanker,ebala@example.org,3565880434,Male,1961-11-15,Tiruvottiyur,Assam,India,2025-12-09,Gold,2026-06-14 19:45:26,2026-07-13 23:31:26
1186,Dipta Pandya,amrutagoswami@example.net,3433339521,Male,1963-09-14,Kumbakonam,Punjab,India,2025-11-26,Silver,2026-02-03 07:36:27,2026-02-19 07:10:27
1187,Vasatika Prabhu,waida94@example.com,3920867808,Female,1979-03-06,Akola,Manipur,India,2023-07-29,Platinum,2025-11-16 03:36:43,2025-12-14 03:06:43
1188,Diya Anand,kadeladli@example.net,4284347955,Female,1968-01-23,Khandwa,Gujarat,India,2024-01-21,Silver,2026-04-05 00:05:16,2026-06-19 16:43:16
1189,Nandini Mammen,kgole@example.org,8663227026,Male,1989-07-17,Hazaribagh,Nagaland,India,2025-04-30,Gold,2026-02-13 04:21:16,2026-05-30 10:39:16
1190,Zashil Batta,,17545 58845,Male,1956-11-23,Bhilai,Kerala,India,2024-11-20,Gold,2025-12-02 23:15:28,2025-12-25 08:15:28
1191,Bhavani Pant,yashvi77@example.org,2256996112,Female,1978-12-05,Satara,Karnataka,India,2026-02-13,Platinum,2026-03-23 15:12:43,2026-03-28 16:47:43
1192,Megha Madan,vpatil@example.net,02341 32611,Female,1959-11-20,Motihari,arunachal pradesh,India,2024-10-13,Silver,2026-04-17 19:26:24,2026-08-16 00:06:24
1193,Hemang Lala,fradoramakrishnan@example.com,2282005577,Female,1992-05-01,Motihari,Manipur,India,2023-08-28,Gold,2025-05-05 17:41:58,2025-08-24 18:17:58
1194,Tanmayi Saran,idika78@example.org,64240 08254,Male,1987-06-22,Pallavaram,Tripura,India,2024-02-13,Silver,2026-05-30 18:05:52,2026-07-31 08:26:52
1195,Qushi Master,abhimanyuprakash@example.org,3266341638,Male,2007-07-28,Anantapuram,Rajasthan,India,2025-07-29,Gold,2025-11-22 08:34:20,2025-12-24 23:41:20
1196,Raghav Biswas,labanmann@example.org,9735020802,Male,1962-07-04,Agartala,Chhattisgarh,India,2025-10-22,Silver,2026-02-03 09:36:10,2026-04-06 12:12:10
1197,Gautam Dora,takteerth@example.com,7051204618,Male,1987-07-16,Nellore,Uttarakhand,India,2025-05-30,Silver,2025-06-05 08:56:07,2025-06-25 03:15:07
1198,Advik Dara,lekhasavant@example.org,8376452088,Female,1963-11-09,Ongole,Rajasthan,India,2024-08-10,Platinum,2026-05-06 18:39:27,2026-05-22 12:27:27
1199,Charles Kamdar,keerradha@example.com,1630097925,Female,2007-12-31,Kulti,Goa,India,2024-10-25,Gold,2025-03-28 08:28:37,2025-06-13 03:42:37
1200,Darpan Bhasin,mitesh81@example.org,5730652407,Female,2003-08-19,Karaikudi,Jharkhand,India,2025-09-02,Gold,2025-10-07 11:55:27,2026-02-01 02:14:27
1201,Rachit Pall,upadhriti49@example.net,7448570862,Male,1956-10-26,Udupi,Haryana,India,2025-11-08,Silver,2026-05-17 07:59:18,2026-07-29 03:02:18
1202,Lila Gupta,ndube@example.com,1810220317,Male,1968-08-01,Patna,Odisha,India,2024-11-28,Silver,2026-06-11 00:28:50,2026-08-30 06:44:50
1203,Aahana Bawa,timothy91@example.org,0586509480,Male,2005-07-07,Avadi,Assam,India,2026-04-10,Silver,2026-06-24 11:00:06,2026-07-24 16:35:06
1204,Harrison Kashyap,mgupta@example.net,8619576122,Female,1992-12-20,Dibrugarh,Karnataka,India,2024-06-18,Gold,2026-07-04 02:38:05,2026-07-04 16:06:05
1205,Indira Murty,kamya66@example.net,8368457760,Female,2004-12-20,Anantapuram,Punjab,India,2024-03-20,Platinum,2026-06-27 09:15:08,2026-07-01 16:33:08
1206,Chasmum Ahuja,tristan35@example.org,9921075224,Male,1980-07-10,Muzaffarpur,Himachal Pradesh,India,2023-08-13,Gold,2025-10-25 01:52:32,2026-02-12 15:56:32
1207,Teerth Brahmbhatt,vasudha27@example.net,9610556613,Male,2006-06-04,Eluru,Arunachal Pradesh,India,2024-10-27,Gold,2025-01-06 09:14:08,2025-04-17 05:51:08
1208,Eiravati Zacharia,etathakkar@example.net,7998136462,Male,1964-07-16,Gwalior,Meghalaya,India,2024-11-03,Gold,2025-12-15 07:12:51,2025-12-30 00:26:51
1209,Adweta Chada,bthaker@example.net,3769389833,Male,1960-06-02,Chinsurah,Karnataka,India,2025-12-22,Silver,2026-01-10 03:36:45,2026-04-25 07:40:45
1210,Odika Sampath,ijaya35@example.com,9792703352,Female,2007-02-09,Gorakhpur,Telangana,India,2025-12-29,Gold,2026-02-01 19:04:57,2026-05-14 04:42:57
1211,Bhavna Atwal,indrajit47@example.com,3388487920,Female,1981-03-04,Rohtak,Goa,India,2023-10-11,Platinum,2024-10-22 13:29:51,2024-11-07 04:13:51
1212,Anika Bera,eanand@example.com,4636815798,Female,1961-07-14,Davanagere,Mizoram,India,2023-10-20,Gold,2025-01-03 04:47:32,2025-02-23 13:19:32
1213,Balveer Kota,gauri76@example.net,+91 5438404608,Female,1974-08-12,Saharanpur,Karnataka,India,2025-06-29,Platinum,2026-02-01 17:59:11,2026-02-12 13:01:11
1214,Lavanya Verma,omishakhosla@example.net,5782329832,Male,1976-07-28,Chinsurah,Tripura,India,2025-03-20,Silver,2025-07-04 14:43:28,2025-08-15 09:59:28
1215,Ekansh Walia,goureesha@example.org,4742312209,Male,1997-07-12,Medininagar,Odisha,India,2024-02-29,Platinum,2024-10-31 12:27:12,2024-11-30 10:20:12
1216,Vihaan Bal,fariq72@example.net,7722330604,Male,1983-08-27,Panihati,Tripura,India,2026-02-24,Silver,2026-04-09 20:07:29,2026-07-24 04:43:29
1217,Reva Suri,tanvi36@example.com,+91 6999880817,Female,1986-08-21,Sambalpur,Mizoram,India,2024-05-31,Gold,2024-09-10 17:44:27,2024-11-10 10:25:27
1218,Lila Varty,guptabishakha@example.com,2649082771,Female,2004-09-20,Bokaro,Tripura,India,2025-10-31,Silver,2026-04-02 15:21:48,2026-04-26 09:48:48
1219,Maya Sachdev,shravya02@example.com,5211175186,Female,2005-01-03,Burhanpur,Nagaland,India,2026-01-13,Gold,2026-07-14 02:39:45,2026-09-12 14:05:45
1220,Gautami Doctor,maanavgola@example.net,74212 30940,Male,1986-10-03,Panchkula,Nagaland,India,2025-03-01,Gold,2025-04-04 02:28:07,2025-06-28 06:22:07
1221,Wazir Kalla,asetty@example.com,+91 3849830220,Female,2000-01-01,Vadodara,Chhattisgarh,India,2023-07-27,Platinum,2026-02-25 11:17:01,2026-04-19 09:48:01
1222,Garima Chahal,chopraomaja@example.org,9827950145,Male,1980-08-16,Jabalpur,Tripura,India,2023-09-07,Gold,2026-07-09 03:26:00,2026-11-06 16:18:00
1223,Brinda Sinha,jairajmaharaj@example.com,9019817946,Female,1996-12-22,Rampur,Mizoram,India,2025-05-12,Silver,2026-07-13 13:31:29,2026-07-24 23:47:29
1224,Watika Venkatesh,ztailor@example.org,1071396605,Male,1979-05-04,Hyderabad,Rajasthan,India,2025-12-28,Platinum,2026-05-14 10:09:07,2026-08-20 23:04:07
1225,Ekansh Morar,yashawini85@example.org,9902355770,Female,1999-06-25,Ongole,Chhattisgarh,India,2024-05-26,Silver,2025-08-06 11:48:16,2025-11-26 05:17:16
1226,Turvi Sachdev,vermachandani@example.net,nan ,Female,1998-03-07,Aurangabad,Punjab,India,2026-03-19,Platinum,2026-06-16 10:38:06,2026-07-11 03:01:06
1227,Darika Murty,magarodika@example.org,4384215031,Female,1985-09-29,Karawal Nagar,Mizoram,India,2025-03-15,Platinum,2025-08-07 12:59:45,2025-10-02 14:12:45
1228,Veda Viswanathan,falak21@example.net,6810409157,Female,1958-09-07,Saharsa,Tripura,India,2024-03-14,Silver,2025-01-03 11:36:19,2025-01-19 21:04:19
1229,Shaurya Nagi,reyanshmangat@example.com,2241098813,Male,1992-06-18,Jamalpur,Karnataka,India,2024-11-15,Platinum,2024-12-02 11:03:44,2024-12-06 07:41:44
1230,Yash Garg,mukhopadhyayhamsini@example.net,7016016629,Male,1995-11-19,Tadepalligudem,Kerala,India,2024-09-12,Platinum,2024-12-30 22:48:37,2025-01-20 08:23:37
1231,Farhan Shroff,giriksidhu@example.org,3329456255,Male,1986-05-23,Ludhiana,Assam,India,2024-11-15,Gold,2025-07-31 03:07:09,2025-09-21 05:21:09
1232,Varenya Shenoy,barkhapall@example.net,1581487696,Male,1971-10-12,Motihari,Goa,India,2025-07-26,Gold,2025-09-07 20:11:01,2025-09-23 17:04:01
1233,Harini Joshi,ksaran@example.com,7199758172,Female,1976-07-04,Coimbatore,Punjab,India,2025-08-06,Gold,2026-01-02 01:25:43,2026-05-01 23:43:43
1234,Falak Talwar,chanateerth@example.org,8469973354,Male,1994-05-09,Raebareli,Tamil Nadu,India,2024-01-03,Gold,2026-07-17 11:36:19,2026-11-01 03:06:19
1235,Yashvi Raval,chaitalybhatia@example.com,1403696566,Male,1981-07-05,Bongaigaon,Gujarat,India,2025-01-03,Platinum,2025-03-13 08:26:16,2025-05-22 12:50:16
1236,Raghav Rajagopalan,omisha24@example.net,0276212679,Male,1984-07-06,Malda,Mizoram,India,2024-04-13,Silver,2026-04-20 16:29:22,2026-06-25 16:25:22
1237,Leena Pant,quincysamra@example.net,8468950097,Female,2003-07-06,Gorakhpur,Odisha,India,2025-05-07,Silver,2026-07-09 18:57:30,2026-08-14 08:18:30
1238,Lucky Vyas,udyati81@example.net,8949058077,Female,1990-06-07,Chapra,Telangana,India,2025-08-05,Silver,2026-04-30 03:54:03,2026-06-06 03:13:03
1239,Chaitaly Mann,balendramodi@example.net,2904904712,Female,1989-12-13,Alwar,Himachal Pradesh,India,2024-12-14,Gold,2025-11-06 00:18:32,2026-01-02 17:48:32
1240,Aarini Atwal,ghoshmatthew@example.net,+91 3728051292,Female,1989-04-17,Yamunanagar,haryana,India,2024-02-09,Gold,2025-04-20 11:23:34,2025-06-30 04:47:34
1241,Hemani Bhagat,jack02@example.com,8366742860,Male,1975-03-13,Eluru,Sikkim,India,2025-06-01,Platinum,2025-10-08 22:23:09,2026-01-28 05:07:09
1242,Gunbir Wali,rachana94@example.com,9673938525,Female,1992-10-22,Bangalore,Uttarakhand,India,2024-11-20,Silver,2026-01-05 20:38:24,2026-02-24 04:32:24
1243,Guneet Vohra,sehgalindali@example.org,0910939111,Female,1996-09-10,Gandhinagar,Sikkim,India,2023-11-01,Gold,2023-11-19 13:57:13,2023-12-30 13:27:13
1244,Qarin Kulkarni,unni17@example.com,1406650442,Female,1985-07-11,Pallavaram,Gujarat,India,2025-12-14,Silver,2026-02-23 18:10:05,2026-05-19 14:19:05
1245,Vyanjana Chopra,raaginikamdar@example.net,0119470720,Female,1958-02-13,Shimoga,Chhattisgarh,India,2026-02-21,Silver,2026-05-08 05:48:32,2026-05-24 22:25:32
1246,Yutika Swaminathan,zsarin@example.net,+91 6719855460,Female,1998-07-28,Ambarnath,Nagaland,India,2024-12-12,Silver,2025-10-11 22:55:36,2026-01-31 13:01:36
1247,Bimala Jain,balveerrajagopalan@example.net,5717320309,Male,1971-10-10,Pali,Assam,India,2024-12-28,Silver,2025-02-28 11:49:23,2025-05-31 16:15:23
1248,Xalak Walla,cbabu@example.com,1387829310,Female,2005-08-04,Unnao,Rajasthan,India,2025-11-04,Platinum,2026-07-11 20:59:37,2026-09-10 05:20:37
1249,Xavier De,gerachandresh@example.com,9111799313,Female,1984-07-19,Rewa,Karnataka,India,2023-08-17,Gold,2025-08-18 00:20:28,2025-08-28 11:14:28
1250,Ekanta Kala,,2582739021,Female,1998-07-26,Sangli-Miraj & Kupwad,Andhra Pradesh,India,2024-01-22,Platinum,2026-07-04 17:36:23,2026-09-23 16:32:23
1251,Abhimanyu Gola,manderomaja@example.net,4876329092,Male,2004-05-08,Pudukkottai,Assam,India,2025-08-13,Platinum,2025-09-13 08:23:21,2025-09-18 03:27:21
1252,Omya Agrawal,rehaandalal@example.net,83734 03127,Male,1989-05-26,Kozhikode,Sikkim,India,2026-03-19,Gold,2026-05-16 11:41:33,2026-08-11 20:55:33
1253,Bhavani Kadakia,vkrishnamurthy@example.net,8220781137,Male,1995-11-17,Gurgaon,Gujarat,India,2023-09-23,Gold,2023-12-15 22:17:43,2023-12-28 19:02:43
1254,Eshana Kari,khalsanitara@example.org,9706239726,Male,1980-12-17,Berhampore,Telangana,India,2024-12-05,Silver,2025-06-01 16:41:22,2025-06-23 15:00:22
1255,Samaksh Nayak,azadbhasin@example.com,6253492929,Female,1993-02-27,Chandigarh,Maharashtra,India,2024-05-15,Gold,2025-11-23 01:12:39,2026-01-03 02:30:39
1256,Urvashi Shere,akshay63@example.org,9290600780,Female,1984-07-06,Nangloi Jat,Uttar Pradesh,India,2025-10-06,Platinum,2026-04-13 23:47:57,2026-06-08 04:02:57
1257,Wridesh Chacko,raytejas@example.org,0742799077,Male,2008-01-26,Machilipatnam,Goa,India,2023-12-18,Silver,2025-11-19 20:14:12,2026-02-15 01:24:12
1258,Aarav Bobal,hnatarajan@example.org,8931950850,Male,1963-02-05,Ambarnath,Manipur,India,2025-02-13,Gold,2026-06-14 20:36:11,2026-09-01 09:15:11
1259,Jeevika Gill,jayaramanlakshit@example.com,9335548640,Male,1959-11-10,Hapur,Manipur,India,2026-03-06,Gold,2026-03-13 22:29:17,2026-07-08 16:38:17
1260,Upma Wali,siya95@example.net,1624112412,Female,1989-04-27,Kurnool,Mizoram,India,2025-08-12,Platinum,2026-02-22 17:51:13,2026-05-15 02:20:13
1261,Omaja Deo,apalan@example.com,0385695579,Female,2000-11-08,Berhampore,Jharkhand,India,2026-03-19,Platinum,2026-03-23 09:44:39,2026-03-25 00:41:39
1262,Onveer Lad,vedaprabhu@example.com,7292842222,Female,1971-09-26,Kalyan-Dombivli,Karnataka,India,2025-12-16,Gold,2026-02-05 05:54:09,2026-04-15 10:58:09
1263,Abha Pingle,sameshbanerjee@example.net,7828410672,Female,1986-09-18,Bhatpara,Andhra Pradesh,India,2025-12-27,Platinum,2026-02-14 02:49:06,2026-04-30 12:29:06
1264,Chakrika Som,manan97@example.com,8140693751,Female,1977-10-02,Narasaraopet,Rajasthan,India,2025-11-13,Silver,2026-05-29 01:23:41,2026-06-30 16:17:41
1265,Rohan Bajaj,yohannansanaya@example.net,7599805626,Male,1980-09-12,Serampore,Andhra Pradesh,India,2024-05-17,Gold,2025-04-27 02:07:23,2025-06-15 17:13:23
1266,Darika Sehgal,kalesachi@example.net,6629912347,Female,1991-04-17,Amritsar,Odisha,India,2024-10-03,Platinum,2025-06-27 21:46:43,2025-09-09 09:22:43
1267,Nimrat Mahajan,jgill@example.com,4870494787,Female,1970-10-28,Delhi,Chhattisgarh,India,2025-02-21,Gold,2025-04-30 16:47:43,2025-06-06 17:40:43
1268,Jeet Mani,fgola@example.net,7195979647,Male,2002-10-15,Dindigul,Mizoram,India,2024-08-30,Platinum,2025-04-20 03:33:47,2025-04-21 22:28:47
1269,Nicholas Bhardwaj,ekajashenoy@example.net,+91 4565044818,Female,1968-09-25,Bareilly,Punjab,India,2025-12-28,Silver,2026-01-03 19:31:55,2026-04-09 11:24:55
1270,Charvi Madan,gopal89@example.com,4576521328,Male,1970-08-04,Karaikudi,Punjab,India,2024-04-03,Platinum,2025-08-17 03:39:19,2025-11-02 14:53:19
1271,Omisha Sharma,dadakaran@example.org,+91 2798524013,Male,1964-04-21,Ambattur,Jharkhand,India,2025-10-12,Platinum,2026-05-06 15:29:27,2026-06-08 13:17:27
1272,Farhan Sandal,brahmbhattanirudh@example.com,0890714014,Male,2000-12-21,Jalandhar,Uttar Pradesh,India,2024-01-29,Gold,2024-12-19 23:26:23,2025-01-01 20:07:23
1273,Qasim Panchal,chanamadhav@example.net,2893891190,Female,1991-07-14,Nellore,JHARKHAND,India,2024-01-27,Platinum,2024-12-11 01:54:40,2025-03-21 15:56:40
1274,Tanish Thaman,speri@example.net,5663836151,Female,1987-04-02,Saharsa,Chhattisgarh,India,2024-04-10,Gold,2024-04-16 17:23:38,2024-05-02 20:21:38
1275,Bhavya Baria,narangwakeeta@example.org,4738646317,Male,2001-10-04,Mangalore,Andhra Pradesh,India,2025-08-27,Silver,2026-06-19 00:54:20,2026-09-22 14:05:20
1276,Meghana Sarma,darluke@example.com,1535396136,Female,2004-11-22,Alwar,Tripura,India,2025-08-20,Platinum,2026-05-08 00:23:02,2026-08-16 18:19:02
1277,Mugdha Parekh,fravel@example.net,1477320101,Male,1989-06-11,Mangalore,Madhya Pradesh,India,2026-01-07,Gold,2026-05-02 06:36:33,2026-07-05 15:29:33
1278,Michael Mitter,bosezinal@example.com,7848588006,Female,1963-08-27,Hospet,Karnataka,India,2026-02-12,Platinum,2026-06-23 21:19:18,2026-10-18 13:10:18
1279,Balendra Bali,chavvigala@example.com,7197889778,Male,1966-03-08,Katni,Himachal Pradesh,India,2025-02-22,Gold,2026-01-31 17:50:40,2026-05-23 04:41:40
1280,Ira Mane,darsh09@example.org,0561655650,Male,2000-07-17,Shahjahanpur,Haryana,India,2025-08-25,Platinum,2026-04-11 12:56:23,2026-04-20 17:44:23
1281,Dominic Mody,nazarethomkaar@example.org,,Female,1994-05-11,North Dumdum,Odisha,India,2024-11-14,Silver,2026-02-17 05:35:27,2026-05-21 03:00:27
1282,Samesh Nayar,zthakkar@example.net,5637183440,Female,1975-10-11,Kamarhati,Punjab,India,2023-12-17,Platinum,2026-01-13 15:19:44,2026-04-25 03:19:44
1283,Gayathri Mahajan,walivaishnavi@example.com,8468536649,Female,1990-08-13,Motihari,Goa,India,2023-12-08,Platinum,2026-05-24 04:36:24,2026-06-08 18:59:24
1284,Xalak Kala,oloyal@example.net,3572324665,Male,1959-12-06,Haridwar,Himachal Pradesh,India,2023-08-16,Platinum,2026-04-17 07:43:06,2026-06-05 04:06:06
1285,Aahana Keer,hkhare@example.org,7786603242,Female,1957-07-12,Alwar,Sikkim,India,2024-10-06,Platinum,2026-02-19 19:06:28,2026-03-21 10:07:28
1286,Vedika Bahri,chackodipta@example.net,+91-1623198189,Female,2008-04-16,Mehsana,Assam,India,2025-11-20,Platinum,2026-01-27 08:18:04,2026-02-25 04:22:04
1287,Dhriti Narayan,bkeer@example.org,4764907851,Male,1977-01-30,Fatehpur,Sikkim,India,2024-07-22,Silver,2025-10-30 21:28:47,2025-12-08 17:54:47
1288,Janani Soman,darika09@example.org,6451837606,Female,1972-12-07,Mysore,Uttarakhand,India,2024-08-04,Silver,2025-03-07 17:19:57,2025-03-12 18:38:57
1289,Naveen Sarna,niharika04@example.org,6124815698,Male,2005-10-01,Malda,Tamil Nadu,India,2024-07-18,Gold,2025-03-06 00:21:53,2025-03-18 08:17:53
1290,Sachi Deshpande,,1238296577,Female,2005-07-28,Bhilwara,Goa,India,2023-08-30,Platinum,2023-11-18 22:23:05,2024-01-16 10:05:05
1291,Baghyawati Issac,sachdevajhalak@example.org,0089317342,Female,1958-12-07,Tadipatri,Maharashtra,India,2026-01-25,Platinum,2026-07-04 13:01:15,2026-10-08 12:10:15
1292,Gaurav Pillai,jacobatwal@example.net,3334476263,Female,1996-05-19,Ichalkaranji,TELANGANA,India,2026-02-05,Gold,2026-03-27 12:25:23,2026-04-09 04:04:23
1293,Nilima Dhingra,mannanadweta@example.org,7107256366,Male,2005-08-20,Srinagar,Bihar,India,2024-05-08,Gold,2026-02-16 20:30:35,2026-02-21 18:53:35
1294,Gaurangi Keer,,9646528092,Female,1973-04-04,Ambala,Meghalaya,India,2025-11-30,Silver,2025-12-22 19:36:40,2026-02-17 03:30:40
1295,Gaurav Nadig,qdhar@example.org,4564494856,Female,1966-10-09,Pallavaram,Tripura,India,2024-12-26,Silver,2025-12-24 13:44:03,2026-03-22 01:18:03
1296,Ranbir Dixit,karpeqadim@example.org,6170758777,Male,1963-03-14,Amravati,Kerala,India,2024-03-09,Gold,2026-01-21 12:00:04,2026-03-12 20:12:04
1297,Pranit Ganguly,simon90@example.net,7150416591,Male,1977-07-24,Bhopal,Assam,India,2023-12-11,Silver,2024-10-22 11:44:35,2024-11-03 08:57:35
1298,Sudiksha Luthra,narayancaleb@example.net,3045018961,Male,1982-09-08,Mangalore,Haryana,India,2025-07-02,Platinum,2026-05-20 14:40:40,2026-08-29 00:55:40
1299,Sathvik Gaba,srau@example.net,6492515837,Male,1985-11-09,Fatehpur,Himachal Pradesh,India,2025-03-29,Platinum,2025-06-06 06:35:26,2025-07-02 09:28:26
1300,Pahal Pillay,radhasandhu@example.org,3278814761,Male,1988-01-18,Jalgaon,Chhattisgarh,India,2025-12-09,Platinum,2026-05-22 07:18:13,2026-06-18 14:39:13
1301,Chakrika Batta,bathyochana@example.org,9454918017,Male,1967-10-06,Singrauli,Arunachal Pradesh,India,2024-10-27,Silver,2025-05-08 03:14:14,2025-05-08 12:08:14
1302,Dipta Sha,vlanka@example.org,4168006102,Male,2000-03-04,Jaunpur,Tamil Nadu,India,2023-11-25,Silver,2025-09-01 14:58:58,2025-11-09 23:49:58
1303,Chavvi Patel,fmittal@example.org,0303723683,Male,1961-05-27,Madhyamgram,Chhattisgarh,India,2025-04-08,Gold,2026-07-19 11:59:42,2026-10-11 12:07:42
1304,Jackson Ganesan,saisundaram@example.com,3496050166,Female,1989-04-11,Vadodara,Meghalaya,India,2025-07-24,Silver,2026-01-03 20:11:57,2026-04-15 03:48:57
1305,Vincent Bhat,,17957 60243,Male,1987-06-24,Bahraich,Haryana,India,2025-03-30,Platinum,2026-04-11 13:34:43,2026-05-03 21:37:43
1306,Upadhriti Deep,,1722329716,Male,1989-02-21,Noida,Gujarat,India,2025-09-14,Gold,2025-12-08 07:46:27,2026-01-30 23:53:27
1307,Jagrati Lal,nathan28@example.org,9318374550,Male,2007-12-13,Saharanpur,West Bengal,India,2025-11-30,Gold,2025-12-18 06:31:53,2026-02-13 18:03:53
1308,Chandresh Sarma,gchoudhry@example.net,+91 1213524787,Male,2005-05-24,Jamnagar,Rajasthan,India,2025-09-26,Platinum,2026-05-18 16:23:10,2026-07-22 00:02:10
1309,Jason Jaggi,xsagar@example.org,8214565328,Female,1984-03-29,Durgapur,Uttar Pradesh,India,2025-02-03,Gold,2025-10-20 21:32:10,2026-01-29 19:05:10
1310,Tara Varty,ayushman72@example.org,+91 6260602908,Female,1975-09-02,Rewa,Sikkim,India,2025-05-15,Gold,2026-04-01 02:30:36,2026-06-22 02:33:36
1311,Hemangini Anand,,+91 7563410856,Female,2004-11-20,Saharsa,Nagaland,India,2025-11-25,Platinum,2026-03-23 04:29:46,2026-05-17 01:35:46
1312,Yasti Muni,,8105485101,Male,1986-01-30,Chapra,Telangana,India,2024-10-02,Gold,2025-03-17 00:18:00,2025-07-11 14:22:00
1313,Warinder Walla,,1589357126,Male,1983-08-02,Tiruchirappalli,Arunachal Pradesh,India,2023-07-27,Gold,2025-06-29 22:33:02,2025-09-15 02:37:02
1314,Tanish Sehgal,pingleneha@example.net,6776228277,Female,1964-05-07,Rajpur Sonarpur,Manipur,India,2025-05-09,Gold,2025-08-18 00:33:21,2025-11-05 21:10:21
1315,Kala Dani,hchoudhary@example.com,,Female,1995-09-02,Nashik,Jharkhand,India,2025-07-23,Platinum,2025-08-04 15:55:22,2025-10-20 08:13:22
1316,Vrinda Agate,pallaekansh@example.org,9756792287,Male,2007-05-18,Sultan Pur Majra,Chhattisgarh,India,2024-10-01,Platinum,2025-03-17 10:43:46,2025-06-02 23:49:46
1317,Lila Kaul,inori@example.org,0948181398,Male,1994-10-19,Jehanabad,Mizoram,India,2024-12-05,Gold,2025-02-12 08:57:06,2025-05-07 02:43:06
1318,Jai Wali,anirudhmaharaj@example.org,8956907056,Female,1967-10-30,Nagpur,West Bengal,India,2024-05-08,Gold,2026-05-17 04:26:25,2026-07-13 11:52:25
1319,Aarini Chand,chaudharyom@example.com,2462095200,Male,1975-10-29,Navi Mumbai,Karnataka,India,2025-10-16,Gold,2026-02-16 06:13:07,2026-04-08 19:59:07
1320,Aarna Prashad,bensamaksh@example.org,6140578617,Female,1957-07-06,Muzaffarpur,Andhra Pradesh,India,2024-02-25,Gold,2025-11-27 07:08:59,2026-01-20 17:50:59
1321,Yatin Dass,niharika71@example.net,2386870079,Female,1975-03-25,Mumbai,Arunachal Pradesh,India,2024-09-09,Silver,2025-11-13 08:42:41,2025-12-03 06:41:41
1322,Lajita Panchal,yashvimanda@example.org,4161284639,Female,1989-11-24,Tiruvottiyur,rajasthan,India,2025-08-06,Silver,2025-11-20 03:22:04,2025-12-01 05:27:04
1323,Anjali Korpal,,9700268768,Male,1961-01-24,Siwan,Andhra Pradesh,India,2024-08-28,Platinum,2026-04-04 15:13:59,2026-07-09 14:36:59
1324,Krisha Parmar,xgoel@example.net,+91-3703045319,Female,1998-02-03,Korba,haryana,India,2025-06-09,Platinum,2025-09-12 20:38:00,2025-09-20 15:13:00
1325,Avni Tailor,abhimanyuhayre@example.net,8728399921,Female,1995-07-27,Amritsar,Chhattisgarh,India,2025-08-24,Platinum,2026-01-11 23:23:51,2026-01-27 12:45:51
1326,Anusha Handa,waliazayyan@example.net,+91 5664187758,Female,2007-03-13,Rajahmundry,Arunachal Pradesh,India,2024-08-25,Gold,2025-11-10 15:46:02,2025-11-17 01:24:02
1327,Diya Ahluwalia,vhayer@example.org,3325411076,Male,1957-03-07,Chandrapur,Haryana,India,2024-09-22,Silver,2025-08-14 06:31:28,2025-08-28 01:03:28
1328,Harini Bhagat,zinal31@example.net,+91 1100651207,Male,1959-04-10,Phagwara,Rajasthan,India,2024-01-02,Gold,2026-01-06 16:12:45,2026-04-01 07:26:45
1329,Daksh Ben,lakshmi61@example.net,0767699150,Male,1986-06-12,Dharmavaram,Gujarat,India,2025-05-19,Gold,2025-07-09 02:25:09,2025-10-25 19:48:09
1330,Ekansh Hari,yashodharakunda@example.com,2320024968,Female,1999-11-23,Bijapur,Odisha,India,2024-01-02,Platinum,2024-06-09 12:32:52,2024-08-21 20:23:52
1331,Upasna More,bishakha50@example.net,8065333153,Male,2000-12-28,Bhind,Punjab,India,2025-11-05,Platinum,2025-12-31 13:19:13,2026-04-09 08:58:13
1332,Chandani Sahota,nicholas17@example.org,3793375636,Female,1968-01-31,Mirzapur,Andhra Pradesh,India,2024-12-14,Silver,2026-03-08 06:21:28,2026-07-05 04:14:28
1333,Ishwar Dhar,ria39@example.com,4234258323,Female,1957-01-03,Firozabad,Bihar,India,2023-11-10,Gold,2025-05-18 22:58:55,2025-06-11 07:42:55
1334,Ladli Choudhry,shivansh47@example.org,9611223386,Male,2002-10-18,Ratlam,Punjab,India,2023-08-20,Platinum,2026-07-07 09:15:19,2026-08-20 09:26:19
1335,Ranbir Wason,manthan53@example.org,7317912868,Male,1981-01-05,Kadapa,Manipur,India,2025-05-16,Platinum,2025-11-21 22:44:08,2026-02-14 10:48:08
1336,Vasudha Talwar,lloyal@example.com,7363466925,Male,1972-11-12,Guntur,Tripura,India,2024-04-22,Gold,2025-09-03 22:26:09,2025-11-23 22:31:09
1337,Zilmil Pandey,benjaminshroff@example.net,6657546027,Male,1971-06-15,Aurangabad,Kerala,India,2023-11-26,Gold,2025-02-26 08:11:14,2025-04-20 22:32:14
1338,Aradhana Kari,daniekbal@example.com,3544439284,Male,1956-02-16,Ichalkaranji,Uttarakhand,India,2023-11-24,Silver,2025-02-23 12:25:12,2025-04-04 11:45:12
1339,Advik Sodhi,mitalikari@example.org,9877515366,Male,1969-10-22,Hospet,West Bengal,India,2025-01-07,Platinum,2025-11-16 15:35:06,2025-12-05 21:23:06
1340,Liam Dave,aditya75@example.com,+91 8459090225,Female,1994-03-18,Eluru,Gujarat,India,2025-12-02,Gold,2025-12-13 16:35:25,2025-12-24 01:03:25
1341,Raghav Soman,,+91-8209702316,Female,1974-11-10,Muzaffarpur,Jharkhand,India,2025-03-16,Silver,2025-05-04 11:37:35,2025-07-21 02:03:35
1342,Dakshesh Pillay,gargeta@example.com,8671632346,Female,2003-11-02,Kozhikode,Punjab,India,2025-10-10,Gold,2025-11-06 04:15:20,2026-02-10 20:22:20
1343,Yadavi Shanker,saksham02@example.com,8597779014,Female,1999-07-11,Sri Ganganagar,Tamil Nadu,India,2025-12-28,Platinum,2026-04-27 12:20:01,2026-05-11 22:03:01
1344,Ojasvi Krish,rachanashankar@example.com,0324841376,Male,2007-05-23,Arrah,Assam,India,2024-10-23,Gold,2025-08-22 18:27:10,2025-11-16 03:29:10
1345,Nimrat Seshadri,zayyanjohal@example.net,7656360041,Male,2003-10-19,Khammam,Sikkim,India,2023-12-29,Gold,2026-02-19 13:12:09,2026-05-06 14:12:09
1346,Ekansh Butala,rakshadey@example.com,9124186210,Female,2001-08-22,Jamnagar,Manipur,India,2025-07-09,Gold,2026-01-13 06:17:00,2026-02-09 11:05:00
1347,Bakhshi Walia,riyabatta@example.net,,Female,1961-10-06,Bidar,Andhra Pradesh,India,2025-01-25,Platinum,2025-06-12 05:02:46,2025-07-23 08:02:46
1348,Dev Kannan,ganesholiver@example.org,5839386613,Female,1970-02-03,Raurkela Industrial Township,Karnataka,India,2023-08-10,Platinum,2025-01-14 16:37:09,2025-03-10 21:45:09
1349,Diya Arora,dkala@example.org,0136497189,Female,1967-03-19,Bareilly,Punjab,India,2024-04-13,Silver,2024-05-06 07:02:17,2024-08-04 14:34:17
1350,Kiaan Natarajan,eeshasubramaniam@example.org,7683890309,Female,2007-03-11,Tirupati,Haryana,India,2024-12-03,Silver,2026-04-07 00:20:32,2026-05-27 23:22:32
1351,Darpan Devan,wishi43@example.org,9752450864,Female,2006-08-15,Berhampur,West Bengal,India,2025-05-14,Platinum,2025-11-19 04:01:17,2026-01-16 06:56:17
1352,Samesh Zacharia,kotharitristan@example.net,7017130232,Female,1961-10-15,Guntakal,Nagaland,India,2024-12-14,Gold,2025-09-06 04:55:14,2025-10-30 23:20:14
1353,Pooja Sibal,nitesh33@example.com,4973471566,Female,1966-12-17,Gandhidham,Maharashtra,India,2024-05-31,Silver,2025-06-02 02:16:48,2025-06-16 14:17:48
1354,Nachiket Subramaniam,rajprisha@example.org,8246747468,Female,1996-10-13,Madurai,Karnataka,India,2025-09-10,Silver,2026-05-04 15:57:56,2026-08-15 11:26:56
1355,Mohammed Gupta,aryaxiti@example.net,6567491601,Female,1981-09-24,Jammu,Tripura,India,2024-02-16,Platinum,2026-02-13 23:13:27,2026-04-10 02:28:27
1356,Yashodhara Suresh,dalbir66@example.net,5024972439,Female,1994-11-25,Ahmedabad,Bihar,India,2025-05-26,Gold,2025-12-10 06:21:42,2026-01-30 22:26:42
1357,Faris Vasa,pallavigandhi@example.com,6946119524,Female,2006-06-30,Sikar,Tamil Nadu,India,2023-12-09,Silver,2025-07-28 01:31:19,2025-10-31 11:45:19
1358,Vyanjana Agarwal,boaseomisha@example.net,2522372817,Male,1994-02-19,Gaya,Gujarat,India,2024-11-08,Platinum,2024-11-12 23:40:59,2024-11-22 16:20:59
1359,Aashi Rege,ochopra@example.org,1415093771,Female,1956-03-11,Shimoga,Tripura,India,2023-10-18,Gold,2024-07-27 20:38:44,2024-10-01 03:35:44
1360,Gunbir Kakar,prashadzinal@example.com,6555535669,Male,1959-06-10,Bathinda,Uttar Pradesh,India,2023-07-30,Silver,2026-05-28 13:00:44,2026-08-30 09:52:44
1361,Neelima Dewan,dasati@example.net,7863050505,Male,2001-09-05,Muzaffarpur,Punjab,India,2023-12-21,Silver,2023-12-25 19:00:16,2024-01-07 23:16:16
1362,Ijaya Sangha,uchaudhry@example.com,8980271487,Male,1966-12-24,Bhiwandi,Meghalaya,India,2025-08-09,Silver,2026-01-11 09:48:35,2026-03-29 14:36:35
1363,Siddharth Garde,cherianradhika@example.net,4347128715,Female,1970-10-10,Tiruvottiyur,Madhya Pradesh,India,2025-11-04,Platinum,2026-02-05 13:21:56,2026-05-15 09:52:56
1364,Viraj Kapoor,jack41@example.org,1952569040,Female,1995-09-13,Munger,Maharashtra,India,2025-03-02,Platinum,2026-07-13 17:39:09,2026-10-19 12:07:09
1365,Jonathan Venkatesh,hredhaanrana@example.org,3772942095,Male,1976-07-25,Panipat,West Bengal,India,2024-11-26,Gold,2026-07-18 01:43:05,2026-08-27 06:11:05
1366,Warda Manne,zbhargava@example.com,2764208656,Female,2001-09-04,Karnal,Tripura,India,2025-12-26,Platinum,2026-06-29 17:55:05,2026-08-25 14:14:05
1367,Barkha Mandal,meerachatterjee@example.org,7292774233,Male,2006-06-22,Bangalore,Kerala,India,2025-03-17,Gold,2026-01-14 17:56:40,2026-01-22 05:28:40
1368,Krisha Sane,dakshchar@example.com,8596263013,Male,1982-07-15,Barasat,Tamil Nadu,India,2025-12-29,Gold,2026-02-06 14:13:21,2026-04-07 04:15:21
1369,Gaurav Sheth,omaharaj@example.net,1117830999,Male,1988-03-04,Bareilly,Uttar Pradesh,India,2026-01-30,Platinum,2026-03-04 11:50:51,2026-06-18 20:54:51
1370,Veda Saraf,jeremiah15@example.org,8887189813,Female,2000-05-12,Bokaro,West Bengal,India,2026-01-25,Platinum,2026-03-01 03:58:16,2026-05-16 20:22:16
1371,Abdul Sekhon,jason02@example.net,4011845826,Male,2000-05-01,Kulti,Jharkhand,India,2026-02-03,Gold,2026-06-17 23:56:27,2026-08-27 23:53:27
1372,Sai Dey,hmunshi@example.com,0324329839,Male,1979-12-24,Warangal,Telangana,India,2023-09-28,Gold,2025-12-12 22:14:28,2026-04-08 16:55:28
1373,Aadhya Lad,zgade@example.com,+91-8314359892,Male,1984-02-08,Satna,Uttar Pradesh,India,2026-03-11,Silver,2026-05-31 22:43:57,2026-08-17 14:15:57
1374,Yug Brahmbhatt,jeet81@example.net,5542340163,Female,1981-04-23,Amravati,Goa,India,2025-05-22,Platinum,2026-03-12 07:59:20,2026-05-08 11:50:20
1375,Girish Wadhwa,baghyawati84@example.net,6258896792,Male,1973-03-04,Anand,Tamil Nadu,India,2025-10-13,Silver,2026-02-09 01:14:56,2026-02-19 17:55:56
1376,Kritika Loke,prabhakarzaid@example.net,5784468341,Female,1976-05-06,Satara,West Bengal,India,2024-03-16,Platinum,2024-09-28 07:21:14,2024-10-30 05:49:14
1377,Wriddhish Chander,daksheshchad@example.net,6827788160,Female,1997-06-25,Chennai,Tamil Nadu,India,2023-12-06,Gold,2024-04-07 11:02:16,2024-06-13 06:12:16
1378,Yash Wable,senom@example.net,2850676251,Female,1978-07-18,Panvel,West Bengal,India,2025-05-09,Gold,2026-06-28 00:32:11,2026-10-23 09:56:11
1379,Vasudha Memon,tanay09@example.com,7970509754,Female,1979-08-18,Kolkata,Kerala,India,2024-01-18,Silver,2025-04-12 14:23:50,2025-07-08 09:26:50
1380,Aditya Chaudhuri,mswamy@example.org,0243765456,Female,1967-12-11,Moradabad,Manipur,India,2024-05-03,Gold,2026-01-17 14:11:05,2026-02-28 17:46:05
1381,Irya Saraf,parmerrushil@example.org,6650237416,Male,1988-10-28,Warangal,Karnataka,India,2025-05-31,Gold,2025-10-03 16:48:36,2025-11-05 16:42:36
1382,Karan Choudhary,bailjonathan@example.org,0569067447,Male,1961-03-02,Shahjahanpur,Punjab,India,2025-03-31,Gold,2026-04-24 19:19:19,2026-05-05 14:01:19
1383,Zaid Mand,lallyug@example.net,8923923126,Female,1958-02-26,Nellore,Chhattisgarh,India,2024-03-11,Silver,2026-05-14 04:24:09,2026-06-23 01:08:09
1384,Gavin Behl,hreddy@example.com,70860 41454,Female,1979-06-07,Shahjahanpur,Karnataka,India,2025-05-11,Platinum,2025-05-24 17:13:52,2025-08-09 15:18:52
1385,Aadi Ben,simon47@example.com,,Female,1980-01-30,Giridih,mizoram,India,2023-09-30,Silver,2024-07-08 08:11:30,2024-08-26 05:01:30
1386,Anya Kade,gchahal@example.org,3711895473,Male,1991-11-08,Varanasi,Chhattisgarh,India,2026-02-12,Platinum,2026-04-25 03:44:44,2026-07-20 02:37:44
1387,Idika Pau,bdalal@example.org,0294240903,Female,2005-12-13,Shimla,Sikkim,India,2024-05-11,Silver,2026-02-19 16:05:39,2026-05-16 05:37:39
1388,Noah Sarma,zramakrishnan@example.net,2939087884,Male,1976-03-11,Sagar,Tamil Nadu,India,2025-10-23,Gold,2026-05-10 10:03:07,2026-06-25 19:14:07
1389,Onveer Kapur,wallawazir@example.com,4033810595,Male,1977-08-19,Jamalpur,Himachal Pradesh,India,2024-09-08,Silver,2025-11-10 20:50:21,2026-02-17 12:02:21
1390,Ekta Bhandari,parekhtheodore@example.net,+91 8916498373,Male,1977-08-11,Kurnool,Odisha,India,2024-02-11,Platinum,2025-11-06 08:07:33,2025-11-25 10:25:33
1391,Sanaya Kata,jpillay@example.com,2239724042,Male,1967-08-22,Narasaraopet,Gujarat,India,2026-03-23,Platinum,2026-06-07 18:59:35,2026-09-14 12:52:35
1392,Pooja Korpal,grau@example.net,66010 02314,Female,1965-04-02,Bangalore,Uttar Pradesh,India,2023-11-03,Silver,2024-06-12 22:54:05,2024-07-26 18:02:05
1393,Frederick Jain,varshasawhney@example.org,+91-3084810018,Male,1975-09-27,Sasaram,Uttarakhand,India,2023-12-31,Platinum,2026-04-21 13:01:31,2026-05-11 18:54:31
1394,Udarsh Bajwa,prisharajan@example.org,1721314519,Female,1978-04-03,Karimnagar,Assam,India,2025-04-24,Platinum,2025-08-12 03:59:47,2025-10-07 05:25:47
1395,Pranav Sangha,pratyush62@example.net,+91 1475410225,Female,1965-08-08,Amroha,Telangana,India,2023-09-24,Platinum,2026-04-20 01:37:53,2026-07-21 09:05:53
1396,Isaiah Sane,maanav15@example.org,7676952366,Male,1992-12-04,Siwan,Nagaland,India,2025-07-31,Gold,2026-06-12 09:05:10,2026-09-20 23:19:10
1397,Leena Chacko,kvyas@example.net,0305872105,Male,1980-02-07,Durg,Manipur,India,2025-08-22,Gold,2026-03-16 19:01:17,2026-06-28 10:58:17
1398,Xavier Kade,dakshdevi@example.org,5019179202,Female,1980-05-26,Vijayawada,Haryana,India,2024-02-27,Gold,2026-07-02 17:25:28,2026-09-27 11:53:28
1399,Mason Gopal,vdey@example.net,7041200928,Female,1966-06-16,Tenali,Uttarakhand,India,2023-11-15,Silver,2023-12-04 09:12:08,2024-03-12 21:44:08
1400,Yachana Mohan,pallavidugar@example.com,3690362891,Male,2002-08-31,Morena,Karnataka,India,2025-05-07,Gold,2026-04-24 20:42:02,2026-08-07 03:33:02
1401,Nitesh Bhagat,panini34@example.org,5034281139,Female,1956-04-16,Maheshtala,Nagaland,India,2026-04-11,Platinum,2026-06-28 15:54:08,2026-07-05 12:24:08
1402,Amruta Chada,sulechakradev@example.org,5468356521,Male,1978-02-02,Ambala,Bihar,India,2024-05-27,Gold,2024-07-16 06:43:17,2024-11-12 10:28:17
1403,Arjun Raja,sbarad@example.org,3322889857,Female,1964-06-21,Ramagundam,Kerala,India,2025-09-06,Platinum,2026-07-16 14:23:33,2026-07-26 19:40:33
1404,Lila Khare,falandua@example.net,4817175242,Male,1960-03-08,Gangtok,Kerala,India,2026-03-13,Gold,2026-06-04 16:08:46,2026-06-23 05:13:46
1405,Praneel Sharma,urvashi47@example.net,0546692758,Male,1998-01-19,Dindigul,Assam,India,2025-01-17,Gold,2025-03-27 07:21:13,2025-07-18 19:20:13
1406,Adya Basak,kondaabhiram@example.org,9613671577,Female,1999-04-08,Moradabad,Assam,India,2025-04-20,Silver,2026-05-17 23:27:01,2026-05-24 11:59:01
1407,Rachita Iyengar,enarasimhan@example.com,7147082723,Male,1977-05-02,Ghaziabad,Tripura,India,2024-04-24,Silver,2024-10-09 07:31:06,2024-11-27 09:54:06
1408,Qushi Solanki,chaturakakar@example.org,1214614768,Female,1970-02-11,Udaipur,Uttarakhand,India,2025-02-28,Silver,2025-04-17 11:13:30,2025-05-27 15:06:30
1409,Hema Mishra,rushilpalla@example.com,6596089319,Female,1997-07-01,North Dumdum,Sikkim,India,2023-10-10,Platinum,2024-03-01 14:27:35,2024-03-18 15:45:35
1410,Tara Divan,hnadig@example.net,7279103368,Female,2008-03-29,Ghaziabad,Madhya Pradesh,India,2024-11-21,Gold,2024-12-02 00:27:38,2025-03-18 05:15:38
1411,Rayaan Atwal,januja04@example.com,6558685127,Male,1984-09-11,Belgaum,Nagaland,India,2024-06-18,Silver,2025-03-15 08:47:06,2025-06-01 09:44:06
1412,Lakshmi Mane,smander@example.net,0961798178,Male,1995-02-05,Ramagundam,West Bengal,India,2026-01-28,Platinum,2026-02-28 14:02:13,2026-04-01 20:55:13
1413,Suhani Raj,hayreupasna@example.org,0538444463,Female,1955-10-30,Patna,Andhra Pradesh,India,2025-05-02,Silver,2025-10-13 13:33:50,2026-02-11 13:11:50
1414,Zilmil Nadkarni,onkar96@example.org,0962626582,Female,1985-04-23,Navi Mumbai,Tamil Nadu,India,2023-08-28,Silver,2024-04-22 06:14:50,2024-07-30 15:29:50
1415,Manya Lad,ekantikajani@example.org,9209819602,Female,1986-06-02,Gaya,Haryana,India,2024-01-31,Silver,2026-03-24 08:03:55,2026-03-30 15:29:55
1416,Yatan Radhakrishnan,charan41@example.org,7911244211,Male,1989-03-06,Dhule,Madhya Pradesh,India,2024-06-27,Platinum,2025-02-12 15:02:12,2025-02-27 06:40:12
1417,Odika Borah,nbose@example.net,,Male,1979-02-22,Srikakulam,Punjab,India,2023-12-22,Gold,2026-01-22 19:11:04,2026-03-29 13:26:04
1418,Aachal Dara,ayushmanwason@example.org,3052312447,Female,1969-02-07,Karnal,Tamil Nadu,India,2025-11-13,Silver,2025-11-14 22:44:20,2026-01-07 23:23:20
1419,Warhi Sarin,qhans@example.org,9942376769,Male,2006-05-20,Imphal,Punjab,India,2025-11-21,Platinum,2026-03-15 07:16:09,2026-05-27 20:27:09
1420,Ryan Pandit,devansh72@example.org,9856012562,Male,1979-11-21,Srinagar,Gujarat,India,2024-01-02,Gold,2025-08-19 00:59:03,2025-10-04 03:32:03
1421,Dipta Das,nagaradvay@example.net,5381649383,Female,1962-07-20,Narasaraopet,Uttar Pradesh,India,2025-02-15,Gold,2025-11-30 21:55:00,2026-03-22 12:57:00
1422,Radhika Nadkarni,rudra30@example.com,1172959639,Female,1956-12-28,Surat,Rajasthan,India,2023-11-12,Silver,2026-04-21 14:20:49,2026-05-24 13:21:49
1423,Bhavani Deep,ibansal@example.net,7164455618,Male,2008-04-04,Kumbakonam,Punjab,India,2025-12-29,Platinum,2025-12-30 19:18:47,2026-02-13 03:04:47
1424,Suhani Tak,prakashharshil@example.org,1563213580,Male,2002-05-19,Rampur,Uttar Pradesh,India,2023-09-30,Gold,2025-06-02 00:18:42,2025-09-04 10:26:42
1425,Daksha Borde,forum96@example.com,1252967188,Male,1971-11-30,Unnao,HIMACHAL PRADESH,India,2023-09-23,Platinum,2024-03-13 03:03:27,2024-05-21 13:55:27
1426,Upkaar Chanda,chaman15@example.net,7030376371,Male,1978-09-17,Gudivada,Tripura,India,2024-11-30,Silver,2026-06-20 16:18:11,2026-08-19 14:48:11
1427,Devika Setty,yaminicherian@example.org,9836314624,Female,1994-10-29,Siliguri,Manipur,India,2025-10-15,Silver,2026-05-02 14:08:59,2026-05-11 12:57:59
1428,Amol Sharma,amarabalakrishnan@example.com,8156326868,Male,1978-04-04,Gandhidham,Himachal Pradesh,India,2024-01-01,Silver,2024-06-20 04:31:23,2024-07-27 10:33:23
1429,Lavanya Sami,chaitalygulati@example.com,97861 03131,Female,1959-02-28,Ramgarh,Himachal Pradesh,India,2025-02-12,Platinum,2025-04-28 23:21:39,2025-06-08 08:53:39
1430,Anya Kara,zramanathan@example.org,2354940128,Male,2003-03-19,Farrukhabad,West Bengal,India,2024-07-23,Gold,2024-09-12 03:29:03,2024-11-11 11:31:03
1431,Ekaraj Ganesan,gaurangishah@example.org,0241209579,Female,1955-08-13,Shahjahanpur,Meghalaya,India,2024-07-23,Gold,2024-12-02 05:21:54,2025-01-16 07:16:54
1432,Bina Kari,mananchandra@example.org,5847457054,Female,2003-11-15,Kadapa,Tripura,India,2024-01-04,Platinum,2024-03-14 04:18:09,2024-03-29 15:45:09
1433,Anamika Venkataraman,divannirja@example.org,3965313614,Male,1998-03-16,Hajipur,Goa,India,2026-01-29,Gold,2026-05-03 01:15:25,2026-06-28 13:36:25
1434,Garima Raman,tmajumdar@example.org,9167954107,Female,2002-03-12,Kirari Suleman Nagar,Sikkim,India,2024-09-03,Silver,2026-02-12 10:42:52,2026-05-12 02:05:52
1435,Nicholas Mitter,,4910740650,Female,1958-12-10,Durgapur,Kerala,India,2024-03-08,Platinum,2026-05-29 17:47:38,2026-08-31 06:52:38
1436,Gabriel Madan,ronithsankaran@example.net,,Female,1976-09-09,Phusro,Maharashtra,India,2024-10-01,Gold,2026-06-02 22:22:07,2026-09-16 03:56:07
1437,Ryan Krishna,omajaiyengar@example.com,7826612875,Female,1989-10-30,Bhind,Kerala,India,2024-11-30,Gold,2026-02-22 01:49:18,2026-03-07 04:09:18
1438,Nirja Shenoy,balaoviya@example.org,9852989406,Female,1964-02-12,Chennai,Manipur,India,2025-05-13,Silver,2026-05-10 09:10:12,2026-07-07 04:55:12
1439,Frado Bhakta,hredhaan59@example.org,0198038287,Female,1964-10-29,Bhatpara,Jharkhand,India,2025-09-30,Silver,2026-03-27 17:34:05,2026-06-24 07:56:05
1440,Vedhika Iyer,bhavsaraadi@example.org,3170876014,Female,1983-01-28,Udaipur,Uttarakhand,India,2026-03-20,Gold,2026-05-19 08:51:22,2026-08-20 20:30:22
1441,Reva Dasgupta,odhingra@example.org,,Female,1980-07-17,Katni,Madhya Pradesh,India,2024-07-17,Gold,2026-05-01 18:48:46,2026-07-21 19:52:46
1442,Pavani Divan,mandertanvi@example.org,0970527740,Male,1966-04-26,Orai,West Bengal,India,2024-01-01,Silver,2025-12-21 17:49:13,2026-02-25 17:32:13
1443,Madhavi Varghese,ghoshmax@example.com,4617679298,Female,2008-04-23,Bikaner,Tamil Nadu,India,2025-09-07,Silver,2025-11-27 20:36:47,2025-12-16 16:19:47
1444,Netra Bir,balannathan@example.org,5331266109,Female,1972-08-03,Agra,West Bengal,India,2024-12-03,Gold,2026-03-05 08:59:55,2026-03-21 11:14:55
1445,Ayushman Ghosh,hritik76@example.org,7433268319,Male,1957-03-12,Kurnool,Arunachal Pradesh,India,2023-11-09,Platinum,2025-09-24 21:22:25,2025-11-13 15:24:25
1446,Nikita Bora,qasim87@example.org,5598217661,Female,1994-04-11,Warangal,Uttar Pradesh,India,2024-02-22,Silver,2024-03-01 03:13:22,2024-04-27 14:36:22
1447,Jacob Tara,charanzachariah@example.com,6512418938,Female,1997-02-20,Silchar,Punjab,India,2025-09-29,Gold,2026-01-22 19:40:37,2026-04-06 00:13:37
1448,Urishilla Lall,balihamsini@example.com,2385037199,Male,2003-05-23,Sri Ganganagar,Assam,India,2023-10-14,Silver,2026-02-08 02:10:43,2026-03-20 22:27:43
1449,Kai Madan,chawlabalendra@example.com,+91 4300038960,Female,1993-02-21,Faridabad,Madhya Pradesh,India,2025-04-25,Platinum,2025-06-26 14:22:17,2025-06-30 13:33:17
1450,Prisha Devi,sarmajacob@example.net,+91 6033190368,Female,1994-03-14,Kanpur,West Bengal,India,2025-02-24,Gold,2025-06-01 06:35:39,2025-07-20 23:42:39
1451,Faraj Bhandari,revagole@example.com,3429671114,Female,1992-07-16,Shimla,Tamil Nadu,India,2024-08-10,Platinum,2026-05-03 04:22:12,2026-08-01 18:35:12
1452,Chasmum Peri,yash84@example.com,9741328348,Male,1969-11-20,Serampore,Telangana,India,2025-01-23,Silver,2025-07-13 02:27:09,2025-11-07 17:39:09
1453,Ria Setty,bailwishi@example.org,4104967066,Male,1985-10-05,Rajahmundry,Gujarat,India,2024-02-24,Platinum,2024-04-19 17:14:37,2024-08-06 19:42:37
1454,Charles Mody,pallatharv@example.net,0596601864,Female,1991-12-08,Khandwa,Odisha,India,2025-02-27,Platinum,2025-07-20 05:57:52,2025-09-14 08:48:52
1455,Nicholas Raj,ikhanna@example.org,+91 8459609454,Female,2000-05-28,Narasaraopet,Andhra Pradesh,India,2025-12-17,Gold,2026-07-06 12:37:06,2026-08-20 10:41:06
1456,Aishani Gola,bshere@example.com,+91 7836091498,Male,1976-11-30,Gandhidham,Goa,India,2024-01-28,Gold,2025-05-18 17:52:50,2025-09-03 23:37:50
1457,Aashi Talwar,utkarshghosh@example.org,2879508304,Male,1973-01-23,Nagercoil,Nagaland,India,2024-08-22,Silver,2026-04-08 22:50:34,2026-06-13 05:57:34
1458,Inaya Chopra,tripathisachi@example.org,+91 9561642059,Female,1980-01-23,Vellore,Rajasthan,India,2023-09-26,Platinum,2026-04-15 23:12:07,2026-05-16 14:13:07
1459,Azaan Dyal,chaitanya42@example.net,5889536902,Male,1981-06-24,Solapur,Haryana,India,2025-02-20,Platinum,2026-02-20 14:12:17,2026-05-05 01:41:17
1460,Jairaj Wable,sodhizinal@example.com,4353537513,Female,1985-10-29,Mirzapur,Assam,India,2025-12-13,Gold,2026-06-26 12:55:18,2026-10-17 14:59:18
1461,Janaki Sule,saumyasahota@example.org,9294455116,Female,1984-03-12,Ramgarh,Meghalaya,India,2025-01-15,Gold,2026-03-26 07:40:41,2026-06-26 07:10:41
1462,Sudiksha Aurora,jaisahota@example.com,6021288665,Male,1964-03-20,Proddatur,Haryana,India,2026-03-27,Gold,2026-05-04 11:13:57,2026-08-18 05:17:57
1463,Gayathri Chokshi,borahisha@example.com,7229812099,Female,1980-09-18,Nadiad,karnataka,India,2024-10-16,Platinum,2025-01-16 10:52:24,2025-04-08 13:20:24
1464,Gunbir Kata,wakeeta50@example.net,5220368499,Male,1976-12-08,Sri Ganganagar,Jharkhand,India,2025-05-30,Silver,2025-10-14 06:20:30,2025-12-19 17:28:30
1465,Anusha Sur,kkapur@example.com,4213882090,Male,1992-04-12,Chennai,Meghalaya,India,2024-04-01,Silver,2024-10-02 03:54:16,2024-11-26 20:52:16
1466,Baghyawati Sandhu,iverma@example.com,6741241513,Male,2005-01-15,Khammam,Goa,India,2023-08-28,Silver,2025-03-24 01:28:14,2025-05-29 05:47:14
1467,Sudiksha Varghese,murtybalvan@example.com,+91-8003296334,Female,1987-07-15,Shivpuri,Uttarakhand,India,2025-09-13,Platinum,2026-01-21 05:34:08,2026-03-04 03:48:08
1468,Karan Issac,vartytanish@example.org,9320649693,Male,1998-12-10,Karawal Nagar,Mizoram,India,2024-05-04,Gold,2026-06-14 15:18:09,2026-10-07 01:12:09
1469,Brinda Sundaram,mramanathan@example.com,1467536127,Female,1977-03-31,Sri Ganganagar,Tamil Nadu,India,2024-04-23,Silver,2025-08-02 04:33:36,2025-08-28 01:08:36
1470,Vrinda Sabharwal,ayushmannan@example.com,5456676640,Male,1973-10-21,Muzaffarnagar,Karnataka,India,2025-03-28,Platinum,2025-07-05 11:10:17,2025-09-23 20:49:17
1471,Sara Rout,ojaswason@example.org,2980061558,Male,1959-11-12,Kadapa,Gujarat,India,2026-04-02,Silver,2026-04-10 20:38:39,2026-07-02 02:15:39
1472,Naksh Wason,skarnik@example.org,8300081867,Female,1958-06-04,Ichalkaranji,Jharkhand,India,2025-01-31,Platinum,2026-03-22 21:56:02,2026-06-15 17:42:02
1473,Bahadurjit Magar,purohitnandini@example.org,86008 92196,Male,1968-10-06,North Dumdum,Maharashtra,India,2023-08-25,Platinum,2024-08-16 07:13:00,2024-08-21 07:18:00
1474,Chasmum Mahal,gjain@example.com,1368474883,Male,1981-07-26,Mehsana,Telangana,India,2025-09-21,Platinum,2026-07-06 17:46:01,2026-10-13 12:02:01
1475,Sneha Kapur,ranganathanvincent@example.com,4521182379,Male,1972-07-22,Ajmer,Madhya Pradesh,India,2025-03-21,Gold,2026-01-04 12:20:01,2026-02-27 08:00:01
1476,Daniel Tak,nisha45@example.org,6043878753,Female,1977-06-12,Karawal Nagar,Mizoram,India,2026-03-02,Platinum,2026-06-01 22:44:17,2026-09-23 19:18:17
1477,Pavani Brahmbhatt,wdatta@example.org,3710672872,Female,2006-07-07,Silchar,Andhra Pradesh,India,2025-11-26,Gold,2025-12-27 15:01:21,2026-02-04 06:16:21
1478,Chaitaly Madan,kamya92@example.org,5894773522,Male,1991-03-25,Hyderabad,Karnataka,India,2024-10-21,Silver,2025-01-20 07:54:40,2025-03-19 10:38:40
1479,Upma Bhavsar,muniraghav@example.org,1097921583,Female,1979-01-07,Nellore,Himachal Pradesh,India,2025-04-25,Silver,2025-09-11 05:00:38,2025-11-06 18:30:38
1480,Damini Pillai,,1342491289,Female,1999-06-05,Bathinda,Odisha,India,2024-10-02,Platinum,2026-07-01 11:58:17,2026-08-14 07:07:17
1481,Urvashi Kadakia,aarnavkata@example.org,27051 02876,Female,2000-10-14,Khammam,Jharkhand,India,2026-01-23,Gold,2026-05-20 10:27:24,2026-06-30 10:22:24
1482,Wridesh Ramaswamy,trajan@example.com,8193242687,Male,1988-11-23,Jamshedpur,Nagaland,India,2025-09-03,Gold,2026-06-25 03:46:57,2026-07-11 15:18:57
1483,Aryan Pau,upal@example.com,+91-6520375830,Female,1995-06-08,Ozhukarai,Bihar,India,2025-05-25,Gold,2026-02-19 10:33:17,2026-03-22 00:40:17
1484,Anjali Bandi,varenya60@example.net,+91-0797727810,Male,1980-09-09,Pudukkottai,Tamil Nadu,India,2025-02-11,Gold,2025-08-27 02:26:07,2025-09-27 06:32:07
1485,Fitan Saini,bhallasachi@example.net,4390552958,Male,1956-07-05,Erode,Uttarakhand,India,2024-03-12,Silver,2024-12-11 19:35:45,2025-01-30 15:01:45
1486,Yachana Divan,,6204485157,Female,1994-03-18,Buxar,Manipur,India,2023-10-22,Silver,2024-01-30 21:41:39,2024-05-14 08:40:39
1487,Qabil Chadha,eeshabahri@example.org,+91 1343240642,Female,1974-07-12,Buxar,Karnataka,India,2023-12-02,Gold,2024-05-30 14:32:59,2024-09-04 20:03:59
1488,Anjali Iyengar,chakrikalad@example.net,5955872096,Male,1966-02-21,Raebareli,Kerala,India,2025-04-22,Silver,2025-10-14 12:12:24,2026-02-03 21:43:24
1489,Sarthak Oommen,gautam83@example.com,1827279559,Female,1981-04-06,North Dumdum,Tamil Nadu,India,2026-04-17,Silver,2026-07-04 17:33:12,2026-11-02 06:05:12
1490,Nathan Sama,vnatt@example.net,2782079799,Male,2002-10-21,Silchar,Meghalaya,India,2023-12-28,Silver,2025-07-07 12:10:14,2025-08-04 06:32:14
1491,Geetika Subramanian,cmital@example.org,9690282498,Female,1969-01-18,Bikaner,Sikkim,India,2024-07-31,Gold,2025-02-12 04:20:05,2025-03-20 19:58:05
1492,Dayamai Dhaliwal,tara62@example.com,4412336132,Male,2002-02-20,Kolkata,Meghalaya,India,2024-12-17,Gold,2025-01-27 18:54:23,2025-04-05 19:48:23
1493,Urishilla Ramesh,,5265469681,Female,1979-02-24,Dharmavaram,Andhra Pradesh,India,2024-03-22,Gold,2025-09-08 11:47:23,2025-09-25 20:33:23
1494,Wahab Pillay,harini80@example.net,7303461562,Male,1984-07-07,Anantapuram,Jharkhand,India,2024-06-27,Platinum,2026-05-15 20:33:33,2026-06-30 21:58:33
1495,Advika Sama,nihalrao@example.net,1602529867,Female,1956-05-02,Rewa,Maharashtra,India,2025-03-10,Silver,2026-03-18 08:00:13,2026-05-28 14:23:13
1496,Aarna D’Alia,xthakkar@example.com,2686120594,Female,1968-12-28,Raebareli,Arunachal Pradesh,India,2023-10-11,Platinum,2025-01-23 14:57:46,2025-03-14 07:25:46
1497,Jairaj Suri,dperi@example.net,4084245607,Male,1977-08-20,Vadodara,Punjab,India,2025-07-09,Silver,2025-10-26 09:45:51,2026-01-22 04:52:51
1498,Meghana Kothari,fradowarrior@example.org,4579389701,Female,1977-10-08,Agra,Chhattisgarh,India,2024-01-08,Platinum,2025-07-15 23:02:22,2025-09-04 10:52:22
1499,Lavanya Vala,nazarethchasmum@example.com,1613944988,Male,1972-02-18,Dindigul,Odisha,India,2026-02-19,Silver,2026-07-09 13:12:00,2026-11-07 01:00:00
1500,Anvi Grewal,yachana09@example.com,+91-6306244795,Male,1962-02-26,Kamarhati,Andhra Pradesh,India,2025-07-22,Silver,2025-10-13 13:53:44,2025-12-30 06:18:44
1242,Gunbir Wali,rachana94@example.com,9673938525,Female,1992-10-22,Bangalore,Uttarakhand,India,2024-11-20,Silver,2026-01-05 20:38:24,2026-02-24 04:32:24
1449,Kai Madan,chawlabalendra@example.com,+91 4300038960,Female,1993-02-21,Faridabad,Madhya Pradesh,India,2025-04-25,Platinum,2025-06-26 14:22:17,2025-06-30 13:33:17
1076,Krish Lalla,neha50@example.com,5841687849,Female,2001-11-05,Warangal,Bihar,India,2023-07-31,Platinum,2024-01-13 23:46:54,2024-02-23 01:46:54
1213,Balveer Kota,gauri76@example.net,+91 5438404608,Female,1974-08-12,Saharanpur,Karnataka,India,2025-06-29,Platinum,2026-02-01 17:59:11,2026-02-12 13:01:11
1482,Wridesh Ramaswamy,trajan@example.com,8193242687,Male,1988-11-23,Jamshedpur,Nagaland,India,2025-09-03,Gold,2026-06-25 03:46:57,2026-07-11 15:18:57
1281,Dominic Mody,nazarethomkaar@example.org,,Female,1994-05-11,North Dumdum,Odisha,India,2024-11-14,Silver,2026-02-17 05:35:27,2026-05-21 03:00:27
1475,Sneha Kapur,ranganathanvincent@example.com,4521182379,Male,1972-07-22,Ajmer,Madhya Pradesh,India,2025-03-21,Gold,2026-01-04 12:20:01,2026-02-27 08:00:01
1270,Charvi Madan,gopal89@example.com,4576521328,Male,1970-08-04,Karaikudi,Punjab,India,2024-04-03,Platinum,2025-08-17 03:39:19,2025-11-02 14:53:19
1041,Rushil Rajagopalan,pchhabra@example.com,0640909743,Male,1996-11-08,Muzaffarnagar,Rajasthan,India,2024-08-10,Silver,2025-07-30 20:02:12,2025-09-30 22:50:12
1223,Brinda Sinha,jairajmaharaj@example.com,9019817946,Female,1996-12-22,Rampur,Mizoram,India,2025-05-12,Silver,2026-07-13 13:31:29,2026-07-24 23:47:29
