order_id,customer_id,order_date,status,region_code
O000001,C0289,2026-05-04 11:39:04,DELIVERED,NORTH
O000002,C0203,05-03-2025 02:28:28,SHIPPED,CENTRAL
O000003,,2025-06-10 03:42:47,PLACED,CENTRAL
O000004,C0031,2025-10-09 04:37:25,CANCELLED,NORTH
O000005,C0147,2025-02-24 06:09:36,CANCELLED,EAST
O000006,C0457,2025-09-15 16:35:27,CANCELLED,WEST
O000007,C0042,2025-09-02 02:11:25,RETURNED,SOUTH
O000008,C0335,2025-04-08 05:19:41,RETURNED,WEST
O000009,C0271,2025-03-04 01:00:19,PLACED,NORTH
O000010,C0153,2025-05-24 20:05:01,CANCELLED,CENTRAL
O000011,C0195,2024-07-19 11:54:51,DELIVERED,SOUTH
O000012,C0142,2025-01-11 19:01:42,PLACED,NORTH
O000013,C0415,2024-12-24 18:53:11,PLACED,SOUTH
O000014,C0106,2026-01-07 09:18:25,CANCELLED,CENTRAL
O000015,C0345,2025-05-30 13:07:19,PLACED,WEST
O000016,C0225,2026-03-21 15:36:37,PLACED,SOUTH
O000017,C0258,2024-10-22 01:47:22,RETURNED,EAST
O000018,C0296,2026-01-02 09:19:53,DELIVERED,SOUTH
O000019,C0155,2026-04-18 05:52:37,RETURNED,SOUTH
O000020,C0212,2025-06-19 01:38:23,RETURNED,SOUTH
O000021,C0321,2025-04-04 00:29:23,PLACED,EAST
O000022,C0483,2025-02-24 02:35:20,RETURNED,EAST
O000023,C0357,2025-08-22 22:50:59,CANCELLED,SOUTH
O000024,C0387,2024-11-21 08:43:20,SHIPPED,EAST
O000025,C0440,2025-10-02 02:18:33,PLACED,CENTRAL
O000026,C0212,2026-03-22 21:06:53,SHIPPED,WEST
O000027,C0125,2026-04-04 05:45:35,PLACED,WEST
O000028,C0434,2024-10-26 05:38:46,SHIPPED,NORTH
O000029,C0138,2025-08-13 09:59:49,PLACED,NORTH
O000030,C0097,2025-01-24 06:06:27,RETURNED,SOUTH
O000031,C0246,2026-04-24 10:01:06,DELIVERED,NORTH
O000032,C0109,2024-09-09 19:42:21,PLACED,WEST
O000033,C0469,2024-09-09 01:04:48,SHIPPED,WEST
O000034,C0469,2024-07-29 13:49:17,DELIVERED,WEST
O000035,C0239,2025-07-21 10:48:39,DELIVERED,EAST
O000036,C0263,2024-08-07 18:05:11,CANCELLED,EAST
O000037,C0469,2025-09-14 00:37:44,PLACED,CENTRAL
O000038,C0443,2025-05-07 21:49:37,DELIVERED,CENTRAL
O000039,C0479,2025-09-19 23:26:15,DELIVERED,SOUTH
O000040,C0101,2026-05-09 00:05:00,SHIPPED,WEST
O000041,C0282,2025-08-22 21:29:07,DELIVERED,WEST
O000042,C0495,2025-08-16 23:02:50,CANCELLED,SOUTH
O000043,C0376,2026-07-15 12:25:37,RETURNED,WEST
O000044,C0095,2025-06-25 19:54:14,PLACED,CENTRAL
O000045,C0018,2026-02-02 05:35:24,PLACED,NORTH
O000046,C0212,2025-04-09 04:33:38,PLACED,SOUTH
O000047,C0005,2024-12-26 02:06:32,PLACED,CENTRAL
O000048,C0327,2026-01-31 00:04:36,CANCELLED,WEST
O000049,,2026-01-02 13:47:05,PLACED,NORTH
O000050,C0272,2025-02-13 12:51:42,DELIVERED,NORTH
O000051,C0258,2025-06-20 10:07:17,SHIPPED,NORTH
O000052,C0471,2025-07-23 19:30:08,SHIPPED,CENTRAL
O000053,C0270,2025-05-01 19:27:03,CANCELLED,NORTH
O000054,C0192,2025-07-17 18:57:34,SHIPPED,SOUTH
O000055,C0154,2025-11-12 00:57:55,PLACED,NORTH
O000056,C0208,2026-03-27 09:36:53,PLACED,NORTH
O000057,C0360,2026-02-25 03:04:38,CANCELLED,EAST
O000058,C0290,2025-10-07 12:11:17,RETURNED,NORTH
O000059,C0118,2024-11-14 02:41:37,RETURNED,WEST
O000060,,2025-07-26 12:48:05,DELIVERED,CENTRAL
O000061,C0289,2025-06-06 22:07:36,DELIVERED,NORTH
O000062,C0493,2024-11-23 19:53:29,CANCELLED,NORTH
O000063,C0154,2026-06-08 23:33:52,CANCELLED,CENTRAL
O000064,C0170,2025-11-09 15:43:18,PLACED,CENTRAL
O000065,C0382,2026-06-22 21:04:46,CANCELLED,SOUTH
O000066,C0430,2026-01-04 12:59:49,RETURNED,CENTRAL
O000067,C0204,2025-07-04 03:45:14,DELIVERED,WEST
O000068,C0252,2025-04-04 01:26:07,CANCELLED,WEST
O000069,C0096,2024-12-22 19:26:09,PLACED,CENTRAL
O000070,C0152,2025-07-07 04:18:44,PLACED,EAST
O000071,C0079,2024-08-30 21:15:21,SHIPPED,WEST
O000072,C0163,2025-04-11 19:57:52,DELIVERED,WEST
O000073,C0185,2024-08-16 05:42:04,PLACED,SOUTH
O000074,C0221,2024-12-14 00:16:04,CANCELLED,NORTH
O000075,C0014,2026-05-10 01:01:20,RETURNED,CENTRAL
O000076,C0402,2025-04-05 20:29:22,DELIVERED,WEST
O000077,C0199,2025-06-24 01:18:26,RETURNED,SOUTH
O000078,C0293,2025-06-13 01:47:41,SHIPPED,SOUTH
O000079,C0138,2024-08-18 21:19:24,PLACED,SOUTH
O000080,C0223,2026-07-02 06:26:00,PLACED,EAST
O000081,C0129,2025-03-09 16:39:47,CANCELLED,CENTRAL
O000082,C0316,2025-12-12 00:46:13,DELIVERED,NORTH
O000083,C0486,2025-07-31 19:39:49,CANCELLED,EAST
O000084,C0226,2026-03-14 00:10:47,RETURNED,SOUTH
O000085,C0154,2026-03-17 19:47:02,SHIPPED,WEST
O000086,C0161,2025-01-24 07:32:06,DELIVERED,EAST
O000087,C0377,2025-08-17 14:29:17,RETURNED,SOUTH
O000088,C0167,2024-11-19 23:03:20,CANCELLED,EAST
O000089,C0059,2025-11-05 11:07:33,RETURNED,SOUTH
O000090,C0350,08-04-2025 19:24:42,CANCELLED,SOUTH
O000091,C0225,2025-11-05 05:11:12,PLACED,WEST
O000092,C0345,2026-03-18 06:14:48,SHIPPED,EAST
O000093,C0338,2025-07-28 09:05:24,CANCELLED,NORTH
O000094,C0230,2025-04-16 20:49:10,CANCELLED,CENTRAL
O000095,C0260,2026-05-09 16:32:34,CANCELLED,CENTRAL
O000096,C0019,2025-07-28 03:59:11,RETURNED,CENTRAL
O000097,C0327,2025-03-30 18:02:33,SHIPPED,EAST
O000098,C0086,2026-04-10 19:38:40,CANCELLED,EAST
O000099,C0495,2025-07-06 14:37:38,PLACED,EAST
O000100,C0114,2025-07-03 03:19:36,RETURNED,CENTRAL
O000101,C0114,2025-09-30 07:56:27,RETURNED,CENTRAL
O000102,C0078,17-07-2025 13:10:09,PLACED,EAST
O000103,C0213,2024-10-25 11:31:47,SHIPPED,EAST
O000104,C0160,2024-11-13 22:31:33,RETURNED,WEST
O000105,C0179,2024-09-10 06:40:40,CANCELLED,EAST
O000106,C0035,2025-10-29 00:20:02,PLACED,NORTH
O000107,C0435,2024-12-17 11:25:13,SHIPPED,SOUTH
O000108,C0265,2024-11-29 11:56:41,RETURNED,WEST
O000109,C0491,2025-04-06 13:31:22,SHIPPED,SOUTH
O000110,C0328,2025-12-21 22:36:39,RETURNED,SOUTH
O000111,C0231,2024-10-10 09:42:46,SHIPPED,SOUTH
O000112,C0143,2024-12-31 05:31:31,PLACED,CENTRAL
O000113,C0053,2026-02-28 12:17:36,DELIVERED,EAST
O000114,C0101,2025-12-24 02:22:50,CANCELLED,CENTRAL
O000115,C0495,2025-07-02 16:55:22,RETURNED,WEST
O000116,C0301,2025-06-30 17:33:09,CANCELLED,CENTRAL
O000117,C0089,2024-12-16 21:09:52,DELIVERED,CENTRAL
O000118,C0303,2024-11-10 18:05:46,PLACED,SOUTH
O000119,C0157,2026-03-16 17:21:33,SHIPPED,CENTRAL
O000120,C0199,2024-08-01 08:43:02,CANCELLED,WEST
O000121,C0096,2024-08-16 11:35:23,SHIPPED,CENTRAL
O000122,C0086,2025-09-07 21:17:39,DELIVERED,WEST
O000123,C0318,2024-11-10 16:02:34,PLACED,WEST
O000124,C0070,2025-10-18 20:00:16,RETURNED,CENTRAL
O000125,C0335,2024-08-13 14:16:46,CANCELLED,WEST
O000126,C0251,2025-09-06 23:57:17,SHIPPED,EAST
O000127,C0017,2024-08-25 19:25:35,SHIPPED,WEST
O000128,C0290,2025-01-20 14:53:17,RETURNED,CENTRAL
O000129,C0058,2024-11-24 11:32:09,RETURNED,EAST
O000130,C0278,2026-06-15 22:34:43,CANCELLED,CENTRAL
O000131,C0112,2025-09-26 18:51:09,SHIPPED,EAST
O000132,C0448,2025-08-31 16:03:04,DELIVERED,NORTH
O000133,C0225,2024-07-29 13:38:30,SHIPPED,SOUTH
O000134,C0416,2025-12-23 13:57:43,RETURNED,WEST
O000135,C0085,2025-11-11 08:36:03,SHIPPED,NORTH
O000136,C0292,2025-02-08 00:35:40,RETURNED,SOUTH
O000137,C0166,2024-09-16 14:30:20,RETURNED,EAST
O000138,C0488,2025-06-09 02:25:18,PLACED,SOUTH
O000139,C0493,2026-07-11 04:04:24,PLACED,EAST
O000140,C0444,2026-04-10 12:20:00,SHIPPED,SOUTH
O000141,C0075,2024-11-17 13:29:56,CANCELLED,WEST
O000142,C0073,2026-03-14 12:44:23,CANCELLED,WEST
O000143,C0232,2025-09-27 20:49:12,PLACED,WEST
O000144,C0264,2026-02-16 10:01:54,DELIVERED,WEST
O000145,C0487,2026-03-07 06:59:43,PLACED,WEST
O000146,C0326,2024-11-25 19:54:35,PLACED,CENTRAL
O000147,C0204,2025-11-09 19:50:57,SHIPPED,WEST
O000148,C0138,2025-01-25 04:39:14,RETURNED,CENTRAL
O000149,C0067,2025-12-26 23:17:58,DELIVERED,NORTH
O000150,C0024,2025-03-23 06:45:08,CANCELLED,NORTH
O000151,C0064,2025-06-12 05:13:30,CANCELLED,NORTH
O000152,C0491,2025-09-20 09:14:58,SHIPPED,EAST
O000153,C0082,2024-12-30 20:11:21,PLACED,EAST
O000154,C0129,2025-04-23 12:56:12,SHIPPED,NORTH
O000155,C0203,2024-10-03 06:36:11,SHIPPED,WEST
O000156,C0336,2024-12-10 18:40:54,SHIPPED,WEST
O000157,C0040,2026-04-04 21:09:11,CANCELLED,NORTH
O000158,C0005,2025-07-19 09:23:35,CANCELLED,SOUTH
O000159,C0245,2025-05-18 14:50:55,PLACED,NORTH
O000160,C0161,2024-11-02 05:14:21,CANCELLED,SOUTH
O000161,C0329,2024-09-24 07:27:52,RETURNED,CENTRAL
O000162,C0005,2025-06-28 13:54:51,DELIVERED,SOUTH
O000163,C0322,2025-10-08 00:40:26,RETURNED,WEST
O000164,C0441,2024-08-13 11:34:28,SHIPPED,NORTH
O000165,C0302,2026-02-08 13:36:20,CANCELLED,EAST
O000166,C0406,2025-07-18 15:19:48,PLACED,SOUTH
O000167,C0284,2024-10-09 19:26:43,DELIVERED,NORTH
O000168,C0435,2025-07-03 05:37:14,SHIPPED,CENTRAL
O000169,C0311,2024-10-19 04:04:00,DELIVERED,NORTH
O000170,C0402,2025-09-29 19:01:55,CANCELLED,WEST
O000171,C0058,2026-03-12 10:55:07,PLACED,CENTRAL
O000172,C0456,2026-05-02 04:25:59,DELIVERED,SOUTH
O000173,C0199,2026-02-01 23:51:37,DELIVERED,CENTRAL
O000174,C0350,2025-11-02 05:13:23,PLACED,NORTH
O000175,C0301,2025-08-01 07:25:58,PLACED,NORTH
O000176,C0486,2025-04-12 12:29:01,RETURNED,WEST
O000177,C0217,2024-08-16 16:44:35,RETURNED,CENTRAL
O000178,C0316,2025-08-06 23:41:35,PLACED,CENTRAL
O000179,C0472,2024-12-30 14:26:49,RETURNED,EAST
O000180,C0201,2026-02-22 00:44:45,PLACED,EAST
O000181,C0358,2026-02-12 17:18:49,SHIPPED,NORTH
O000182,C0126,2025-04-20 10:51:33,CANCELLED,CENTRAL
O000183,C0312,2025-09-19 06:06:44,SHIPPED,NORTH
O000184,C0007,2026-01-08 12:58:07,SHIPPED,WEST
O000185,C0488,2026-01-23 06:08:39,DELIVERED,SOUTH
O000186,C0191,2025-12-06 21:32:50,DELIVERED,NORTH
O000187,C0395,2024-09-25 08:19:48,CANCELLED,EAST
O000188,C0269,2024-10-21 18:22:42,RETURNED,NORTH
O000189,C0255,2025-06-29 12:12:55,CANCELLED,CENTRAL
O000190,C0086,2025-01-01 19:30:30,PLACED,CENTRAL
O000191,C0346,2026-04-04 11:42:48,RETURNED,NORTH
O000192,C0023,07-02-2025 21:17:57,PLACED,WEST
O000193,C0187,2026-04-17 10:15:01,PLACED,CENTRAL
O000194,C0412,2025-05-10 11:24:07,CANCELLED,SOUTH
O000195,C0165,2024-12-01 01:01:47,DELIVERED,EAST
O000196,C0423,2025-12-15 23:39:40,RETURNED,NORTH
O000197,C0092,2026-02-12 14:58:48,PLACED,WEST
O000198,C0036,2025-09-11 04:11:50,DELIVERED,EAST
O000199,C0045,10-10-2024 00:55:07,SHIPPED,EAST
O000200,C0289,2024-07-21 05:19:36,SHIPPED,WEST
O000201,C0189,2025-11-06 02:23:33,SHIPPED,CENTRAL
O000202,C0390,2025-11-30 08:48:01,CANCELLED,NORTH
O000203,C0120,2025-03-03 17:26:29,PLACED,EAST
O000204,C0001,2025-04-06 14:20:39,DELIVERED,NORTH
O000205,C0106,2024-11-06 00:42:28,CANCELLED,NORTH
O000206,C0498,2025-11-03 22:19:14,PLACED,NORTH
O000207,C0472,2025-01-17 05:46:16,CANCELLED,EAST
O000208,C0235,2026-04-01 12:14:57,PLACED,CENTRAL
O000209,C0069,2025-05-21 08:52:54,RETURNED,CENTRAL
O000210,C0032,2025-04-09 01:30:03,SHIPPED,EAST
O000211,C0134,2025-02-02 06:11:57,CANCELLED,EAST
O000212,C0163,2025-11-25 03:15:24,SHIPPED,SOUTH
O000213,C0400,2026-01-18 11:00:32,PLACED,SOUTH
O000214,C0231,2025-05-13 19:43:18,RETURNED,EAST
O000215,C0494,2026-02-08 12:12:23,CANCELLED,EAST
O000216,C0437,2025-07-03 09:35:50,DELIVERED,CENTRAL
O000217,C0021,2025-04-12 09:36:00,SHIPPED,NORTH
O000218,C0365,2025-08-25 07:38:37,RETURNED,NORTH
O000219,C0347,2025-01-17 08:18:43,SHIPPED,NORTH
O000220,C0488,2025-02-24 23:17:55,RETURNED,SOUTH
O000221,C0049,2025-03-24 12:17:36,SHIPPED,NORTH
O000222,C0007,2025-12-13 07:35:49,SHIPPED,SOUTH
O000223,C0102,2026-01-04 10:35:18,PLACED,CENTRAL
O000224,C0301,2026-04-01 12:38:05,PLACED,NORTH
O000225,C0102,2025-11-09 13:26:04,SHIPPED,NORTH
O000226,C0464,2026-01-13 05:31:25,PLACED,NORTH
O000227,C0483,2025-06-07 04:41:28,RETURNED,WEST
O000228,C0421,2025-12-08 19:11:48,CANCELLED,WEST
O000229,C0089,2024-11-11 03:43:06,DELIVERED,EAST
O000230,C0229,2024-12-19 14:58:52,RETURNED,CENTRAL
O000231,C0126,2025-05-04 13:38:44,RETURNED,WEST
O000232,C0032,2025-03-20 04:32:02,CANCELLED,SOUTH
O000233,C0330,2025-08-22 03:38:31,RETURNED,NORTH
O000234,C0196,2025-12-07 03:40:48,RETURNED,WEST
O000235,C0177,2025-12-14 06:18:21,CANCELLED,EAST
O000236,,2024-11-10 09:11:08,PLACED,EAST
O000237,C0030,2026-06-20 13:35:12,DELIVERED,CENTRAL
O000238,C0120,2024-07-19 19:57:25,SHIPPED,EAST
O000239,C0274,2024-09-20 12:07:31,PLACED,SOUTH
O000240,C0295,2024-10-30 03:01:57,DELIVERED,SOUTH
O000241,C0091,2026-05-23 06:58:07,DELIVERED,CENTRAL
O000242,C0015,2025-05-30 00:01:56,RETURNED,CENTRAL
O000243,C0073,2024-08-31 18:37:55,CANCELLED,CENTRAL
O000244,C0159,2024-12-24 23:10:25,PLACED,SOUTH
O000245,C0309,2024-09-12 10:25:20,PLACED,EAST
O000246,C0470,2024-08-12 13:06:45,DELIVERED,SOUTH
O000247,C0471,2025-04-22 17:01:23,PLACED,NORTH
O000248,C0076,2026-07-05 02:04:32,PLACED,CENTRAL
O000249,C0441,2025-10-07 10:57:15,CANCELLED,CENTRAL
O000250,C0052,2025-07-31 13:13:23,SHIPPED,WEST
O000251,C0406,2025-12-17 18:44:09,DELIVERED,SOUTH
O000252,C0363,2025-09-25 09:48:22,RETURNED,EAST
O000253,C0115,2026-06-06 19:02:26,CANCELLED,EAST
O000254,C0376,2026-03-07 03:03:38,PLACED,CENTRAL
O000255,C0201,2025-10-26 16:29:02,RETURNED,NORTH
O000256,C0094,2025-06-01 15:03:05,RETURNED,SOUTH
O000257,C0328,2024-12-10 07:26:19,SHIPPED,EAST
O000258,C0382,2025-11-07 19:22:58,DELIVERED,SOUTH
O000259,C0326,2026-02-23 04:58:00,DELIVERED,WEST
O000260,C0006,2025-02-09 21:19:58,PLACED,EAST
O000261,C0132,2024-08-09 12:25:37,PLACED,WEST
O000262,C0225,2025-09-26 21:36:42,CANCELLED,WEST
O000263,C0452,2025-07-27 18:12:04,PLACED,WEST
O000264,C0404,2025-01-01 04:44:54,SHIPPED,SOUTH
O000265,C0232,2024-11-16 18:29:48,DELIVERED,NORTH
O000266,C0164,2024-08-11 07:24:38,DELIVERED,SOUTH
O000267,C0455,2025-01-06 17:44:11,RETURNED,NORTH
O000268,C0174,2024-07-16 04:14:25,CANCELLED,NORTH
O000269,C0221,2024-11-07 23:27:00,CANCELLED,SOUTH
O000270,C0028,2026-07-14 02:55:25,SHIPPED,WEST
O000271,C0357,2026-02-05 12:03:17,RETURNED,EAST
O000272,C0339,2025-03-30 22:04:07,PLACED,WEST
O000273,C0293,2025-04-30 14:39:49,PLACED,EAST
O000274,C0002,2025-09-17 02:04:49,RETURNED,WEST
O000275,C0103,2025-07-29 04:01:14,DELIVERED,NORTH
O000276,C0243,2026-01-05 06:37:44,CANCELLED,WEST
O000277,C0251,2024-09-04 02:10:02,RETURNED,WEST
O000278,C0095,2024-09-19 19:56:55,SHIPPED,WEST
O000279,C0023,2025-02-08 18:48:45,SHIPPED,EAST
O000280,C0289,2026-03-14 02:14:32,PLACED,NORTH
O000281,C0343,2026-05-15 08:42:08,RETURNED,SOUTH
O000282,C0284,2025-03-27 05:50:34,RETURNED,WEST
O000283,C0495,2026-06-19 15:06:04,CANCELLED,CENTRAL
O000284,C0452,2025-02-02 22:48:25,CANCELLED,NORTH
O000285,C0258,2025-10-01 21:40:34,RETURNED,CENTRAL
O000286,C0076,2024-12-05 01:31:35,SHIPPED,SOUTH
O000287,C0498,2026-05-26 02:30:03,PLACED,WEST
O000288,C0041,2025-09-08 22:11:34,SHIPPED,CENTRAL
O000289,C0133,2025-01-22 16:48:56,PLACED,NORTH
O000290,C0199,2025-05-09 08:53:34,DELIVERED,CENTRAL
O000291,C0235,01-10-2024 17:41:48,RETURNED,CENTRAL
O000292,C0268,2024-09-06 20:14:24,SHIPPED,SOUTH
O000293,C0291,2025-02-15 21:53:09,PLACED,NORTH
O000294,C0289,2026-06-07 17:49:29,RETURNED,EAST
O000295,C0450,2026-02-22 12:00:07,CANCELLED,CENTRAL
O000296,C0312,2026-06-14 19:46:23,CANCELLED,SOUTH
O000297,C0317,2026-04-16 22:47:51,PLACED,WEST
O000298,C0456,2026-03-01 22:54:47,PLACED,WEST
O000299,C0472,2025-09-08 21:58:03,DELIVERED,EAST
O000300,C0160,2025-12-05 01:26:33,PLACED,SOUTH
O000301,C0069,2026-06-21 15:37:28,DELIVERED,EAST
O000302,C0374,2025-08-31 08:24:20,SHIPPED,WEST
O000303,C0109,2026-01-29 09:53:57,CANCELLED,CENTRAL
O000304,C0445,2026-01-20 06:51:43,SHIPPED,NORTH
O000305,C0160,2026-06-18 03:10:48,RETURNED,CENTRAL
O000306,C0015,2025-06-16 03:30:52,SHIPPED,NORTH
O000307,,2025-06-17 12:20:01,DELIVERED,SOUTH
O000308,C0141,2025-09-17 15:09:53,CANCELLED,NORTH
O000309,,2024-08-04 22:42:12,RETURNED,WEST
O000310,C0091,2024-10-08 21:33:51,RETURNED,EAST
O000311,C0177,2024-09-03 07:31:58,PLACED,EAST
O000312,C0015,2025-10-21 20:15:31,RETURNED,SOUTH
O000313,C0439,2026-07-12 05:00:24,SHIPPED,EAST
O000314,C0334,22-11-2025 10:31:03,PLACED,WEST
O000315,C0467,2024-12-30 22:13:44,PLACED,SOUTH
O000316,C0130,2025-03-03 14:26:35,DELIVERED,WEST
O000317,C0459,2026-06-13 21:37:09,DELIVERED,SOUTH
O000318,C0239,2025-07-28 06:18:29,RETURNED,WEST
O000319,C0300,2024-07-23 01:39:59,DELIVERED,CENTRAL
O000320,C0332,2026-03-15 20:31:57,PLACED,WEST
O000321,C0033,2025-01-13 07:32:14,DELIVERED,EAST
O000322,C0134,2024-09-21 21:48:03,DELIVERED,SOUTH
O000323,C0077,2025-11-20 02:09:09,PLACED,CENTRAL
O000324,C0207,2026-03-07 17:53:29,PLACED,WEST
O000325,C0152,2024-09-09 12:06:17,CANCELLED,NORTH
O000326,C0299,2026-05-27 07:59:45,SHIPPED,EAST
O000327,C0372,2025-06-29 01:56:44,CANCELLED,EAST
O000328,C0260,2025-03-31 05:15:41,RETURNED,SOUTH
O000329,C0151,2026-04-30 05:55:38,DELIVERED,CENTRAL
O000330,C0391,2025-01-28 12:30:41,DELIVERED,NORTH
O000331,C0114,2026-06-07 19:37:27,DELIVERED,WEST
O000332,C0404,2025-11-26 23:06:48,RETURNED,EAST
O000333,C0238,2026-05-11 15:36:56,RETURNED,CENTRAL
O000334,C0484,2025-07-15 11:25:15,SHIPPED,CENTRAL
O000335,C0062,2024-12-08 19:39:43,DELIVERED,WEST
O000336,C0028,2026-01-04 04:23:36,SHIPPED,EAST
O000337,C0210,2026-04-14 11:42:24,CANCELLED,SOUTH
O000338,C0162,2024-12-14 00:20:52,PLACED,WEST
O000339,C0171,2024-12-11 02:00:36,PLACED,NORTH
O000340,C0232,2025-01-14 08:44:40,SHIPPED,CENTRAL
O000341,C0392,2025-10-10 20:08:53,PLACED,SOUTH
O000342,C0315,2024-11-06 22:02:36,CANCELLED,WEST
O000343,,2024-10-01 21:37:46,DELIVERED,NORTH
O000344,C0457,2026-05-19 03:30:02,SHIPPED,NORTH
O000345,,2025-11-21 15:13:04,SHIPPED,EAST
O000346,C0160,2025-11-12 14:02:11,RETURNED,EAST
O000347,C0086,2025-10-07 08:31:26,DELIVERED,WEST
O000348,C0373,2026-01-25 05:34:00,CANCELLED,SOUTH
O000349,C0176,2025-08-15 12:03:56,SHIPPED,SOUTH
O000350,C0486,2024-08-15 20:08:27,PLACED,SOUTH
O000351,C0115,2025-07-03 06:31:02,PLACED,CENTRAL
O000352,C0259,2025-10-12 08:26:54,PLACED,WEST
O000353,C0449,2025-07-10 14:40:45,RETURNED,NORTH
O000354,C0305,2026-07-05 18:05:09,PLACED,NORTH
O000355,C0354,2026-05-02 04:58:25,PLACED,CENTRAL
O000356,C0130,2026-04-11 14:02:32,PLACED,EAST
O000357,C0216,2025-07-09 11:46:04,DELIVERED,CENTRAL
O000358,C0311,2026-07-05 01:08:21,PLACED,CENTRAL
O000359,C0369,2026-05-16 02:11:46,PLACED,WEST
O000360,C0102,2025-02-05 16:42:14,RETURNED,SOUTH
O000361,C0184,2024-12-25 04:49:41,PLACED,CENTRAL
O000362,C0255,2025-09-10 05:01:17,CANCELLED,EAST
O000363,,2024-08-24 12:30:14,PLACED,CENTRAL
O000364,C0343,2026-02-19 19:37:14,RETURNED,NORTH
O000365,C0371,2025-06-30 08:52:55,SHIPPED,WEST
O000366,C0152,2025-08-14 23:41:17,SHIPPED,NORTH
O000367,C0437,2025-07-18 00:21:30,DELIVERED,WEST
O000368,C0379,2025-04-29 13:39:36,PLACED,NORTH
O000369,C0437,2025-11-29 07:45:49,DELIVERED,EAST
O000370,C0458,2024-11-20 15:43:12,PLACED,EAST
O000371,C0418,2026-06-29 06:51:34,CANCELLED,WEST
O000372,C0140,2025-12-08 00:29:33,CANCELLED,WEST
O000373,C0333,2025-06-17 00:56:27,SHIPPED,NORTH
O000374,C0483,2025-12-01 10:06:45,RETURNED,WEST
O000375,C0411,2024-07-24 14:25:34,RETURNED,WEST
O000376,C0399,16-12-2024 22:00:49,SHIPPED,WEST
O000377,C0472,2025-09-13 09:09:40,CANCELLED,NORTH
O000378,C0033,2025-03-10 16:35:43,RETURNED,CENTRAL
O000379,C0371,2025-10-06 14:08:08,DELIVERED,CENTRAL
O000380,C0268,2025-01-21 16:09:12,CANCELLED,SOUTH
O000381,C0247,2025-08-20 16:21:15,CANCELLED,SOUTH
O000382,C0430,2025-01-05 04:36:50,RETURNED,NORTH
O000383,C0006,2025-06-25 06:36:17,CANCELLED,WEST
O000384,C0446,2025-10-06 19:29:57,DELIVERED,SOUTH
O000385,C0170,2025-04-09 06:24:38,SHIPPED,CENTRAL
O000386,C0330,2025-07-15 07:24:02,PLACED,WEST
O000387,C0228,2024-12-16 18:09:30,CANCELLED,WEST
O000388,C0162,2025-12-09 19:45:41,PLACED,NORTH
O000389,C0207,2025-04-13 22:21:28,PLACED,NORTH
O000390,C0406,2026-04-01 00:50:20,DELIVERED,CENTRAL
O000391,C0288,2025-02-05 05:32:05,DELIVERED,EAST
O000392,C0423,2024-11-24 08:56:08,CANCELLED,EAST
O000393,C0287,2024-10-19 18:16:23,DELIVERED,WEST
O000394,C0059,2025-09-09 15:28:44,PLACED,EAST
O000395,C0182,2024-12-29 22:19:36,DELIVERED,CENTRAL
O000396,C0268,2024-09-26 22:04:21,SHIPPED,WEST
O000397,C0072,2025-01-29 03:49:20,CANCELLED,NORTH
O000398,C0131,2025-01-04 05:13:38,CANCELLED,SOUTH
O000399,C0235,2025-05-27 16:39:21,DELIVERED,NORTH
O000400,C0388,2025-04-20 04:40:07,RETURNED,NORTH
O000401,C0396,2024-10-30 12:03:59,RETURNED,CENTRAL
O000402,C0069,16-06-2026 14:31:30,PLACED,CENTRAL
O000403,C0479,2024-11-02 05:00:32,RETURNED,SOUTH
O000404,C0355,2026-02-24 11:47:42,SHIPPED,NORTH
O000405,C0199,2024-11-21 23:23:53,DELIVERED,CENTRAL
O000406,C0452,2025-07-15 21:54:48,SHIPPED,EAST
O000407,C0204,2026-07-13 04:54:54,CANCELLED,SOUTH
O000408,C0071,2026-03-28 10:18:01,RETURNED,EAST
O000409,C0432,2025-07-28 15:07:20,RETURNED,SOUTH
O000410,C0103,2025-12-24 07:43:19,DELIVERED,SOUTH
O000411,C0364,2026-02-09 15:17:03,RETURNED,CENTRAL
O000412,C0356,2025-02-20 03:15:33,DELIVERED,CENTRAL
O000413,C0246,2025-08-30 14:20:44,CANCELLED,CENTRAL
O000414,C0147,2025-09-03 18:12:23,PLACED,CENTRAL
O000415,,2025-05-02 23:47:42,PLACED,SOUTH
O000416,C0137,2025-12-02 09:28:32,DELIVERED,EAST
O000417,C0075,2024-08-28 19:43:59,DELIVERED,SOUTH
O000418,C0386,2026-03-02 10:40:18,CANCELLED,NORTH
O000419,C0316,2025-06-29 01:39:52,SHIPPED,CENTRAL
O000420,C0200,2025-10-19 01:38:46,DELIVERED,NORTH
O000421,C0475,2025-06-09 13:50:34,DELIVERED,CENTRAL
O000422,,2025-03-17 10:14:31,RETURNED,WEST
O000423,C0425,2025-04-05 15:25:01,DELIVERED,CENTRAL
O000424,C0280,2025-08-29 06:59:31,SHIPPED,EAST
O000425,C0230,2026-05-27 15:51:21,SHIPPED,SOUTH
O000426,C0377,2025-01-20 05:20:12,CANCELLED,EAST
O000427,C0285,2024-07-30 10:56:51,DELIVERED,NORTH
O000428,C0170,2024-10-12 12:40:53,PLACED,SOUTH
O000429,C0476,2026-04-10 13:29:37,RETURNED,EAST
O000430,C0252,2026-06-19 12:06:05,PLACED,EAST
O000431,C0270,2024-12-08 07:14:32,PLACED,CENTRAL
O000432,C0082,2025-09-09 15:30:33,PLACED,EAST
O000433,C0114,2025-11-02 03:27:23,DELIVERED,EAST
O000434,C0151,2024-11-20 11:08:06,RETURNED,WEST
O000435,C0288,2026-02-05 23:12:31,PLACED,NORTH
O000436,C0343,2025-04-01 08:48:19,RETURNED,CENTRAL
O000437,C0125,2025-11-19 17:17:52,DELIVERED,WEST
O000438,C0469,2025-07-07 01:42:37,DELIVERED,CENTRAL
O000439,C0371,2026-01-04 23:37:38,DELIVERED,CENTRAL
O000440,C0412,2026-04-26 19:48:47,DELIVERED,SOUTH
O000441,C0165,2025-04-20 07:57:28,SHIPPED,CENTRAL
O000442,,2025-02-10 06:23:52,SHIPPED,WEST
O000443,C0428,2025-10-20 10:04:44,CANCELLED,NORTH
O000444,C0383,29-10-2024 18:36:56,DELIVERED,NORTH
O000445,C0045,2024-11-15 09:03:28,DELIVERED,CENTRAL
O000446,C0037,2026-02-25 23:42:48,DELIVERED,WEST
O000447,C0199,2025-03-19 10:08:02,DELIVERED,NORTH
O000448,C0200,2025-10-20 02:23:11,RETURNED,NORTH
O000449,C0388,2025-09-06 12:52:47,PLACED,EAST
O000450,C0476,2026-03-28 01:43:30,DELIVERED,CENTRAL
O000451,C0045,2024-09-06 01:58:27,CANCELLED,WEST
O000452,C0421,2024-11-11 07:18:05,RETURNED,SOUTH
O000453,C0070,2024-12-29 16:12:41,RETURNED,EAST
O000454,C0492,2025-03-04 10:33:41,DELIVERED,NORTH
O000455,C0284,2025-02-13 19:07:26,PLACED,NORTH
O000456,C0294,2025-01-27 08:24:06,PLACED,EAST
O000457,C0108,2025-10-29 20:47:54,DELIVERED,SOUTH
O000458,C0212,2025-01-30 02:35:44,SHIPPED,SOUTH
O000459,C0095,2025-06-05 22:56:56,SHIPPED,NORTH
O000460,C0093,2026-04-07 05:30:47,PLACED,CENTRAL
O000461,C0237,2025-04-07 06:02:08,PLACED,EAST
O000462,C0051,2025-09-17 16:47:59,DELIVERED,EAST
O000463,C0066,2026-06-21 06:20:35,DELIVERED,CENTRAL
O000464,C0036,2025-05-14 09:03:42,CANCELLED,EAST
O000465,C0316,2024-11-27 07:00:31,SHIPPED,CENTRAL
O000466,C0291,2024-08-01 20:12:05,CANCELLED,SOUTH
O000467,C0003,2025-12-29 14:09:39,CANCELLED,EAST
O000468,C0431,2025-11-11 13:27:56,DELIVERED,WEST
O000469,C0237,2026-06-02 22:30:00,CANCELLED,CENTRAL
O000470,C0056,2025-12-09 19:29:10,DELIVERED,SOUTH
O000471,C0457,2024-09-12 10:51:38,PLACED,NORTH
O000472,,2024-11-14 21:23:53,PLACED,CENTRAL
O000473,C0297,2024-09-29 05:06:50,PLACED,CENTRAL
O000474,C0134,2024-08-31 13:34:54,CANCELLED,SOUTH
O000475,C0188,2026-04-18 19:59:33,RETURNED,EAST
O000476,C0069,2025-08-20 14:04:52,CANCELLED,EAST
O000477,,2024-08-04 05:25:16,RETURNED,SOUTH
O000478,C0388,2025-05-01 23:26:13,SHIPPED,CENTRAL
O000479,C0486,2026-01-25 18:45:12,SHIPPED,WEST
O000480,C0481,2024-09-14 18:43:27,CANCELLED,SOUTH
O000481,C0033,2025-01-23 16:23:28,SHIPPED,CENTRAL
O000482,C0465,2024-11-06 09:23:59,CANCELLED,NORTH
O000483,C0021,2025-11-06 07:24:58,RETURNED,EAST
O000484,C0428,2026-04-23 18:51:44,RETURNED,SOUTH
O000485,C0193,2025-02-26 22:56:31,PLACED,CENTRAL
O000486,C0129,2025-01-12 16:26:28,RETURNED,WEST
O000487,C0181,2025-02-08 13:13:43,CANCELLED,CENTRAL
O000488,C0004,2025-10-16 14:21:46,SHIPPED,SOUTH
O000489,C0040,2024-10-19 20:41:29,SHIPPED,SOUTH
O000490,C0081,2026-03-20 11:41:43,PLACED,SOUTH
O000491,C0213,2024-08-05 20:06:08,CANCELLED,WEST
O000492,C0246,2025-11-12 16:13:44,CANCELLED,NORTH
O000493,,2026-04-05 10:46:38,SHIPPED,SOUTH
O000494,C0323,2025-03-10 12:28:39,SHIPPED,NORTH
O000495,C0086,2025-06-28 18:55:13,CANCELLED,CENTRAL
O000496,C0497,28-06-2026 04:06:45,DELIVERED,NORTH
O000497,C0111,2025-08-14 20:27:58,CANCELLED,SOUTH
O000498,C0113,2025-01-30 23:02:35,RETURNED,SOUTH
O000499,C0320,2025-06-05 22:00:43,DELIVERED,WEST
O000500,C0306,2026-06-24 04:45:13,CANCELLED,SOUTH
O000501,,2025-12-07 13:35:36,RETURNED,WEST
O000502,C0424,2024-11-22 06:55:32,CANCELLED,CENTRAL
O000503,,2025-09-25 11:45:48,RETURNED,NORTH
O000504,C0048,2025-10-19 22:25:35,RETURNED,CENTRAL
O000505,,2025-10-23 10:38:27,CANCELLED,CENTRAL
O000506,C0216,2025-08-31 22:42:34,RETURNED,WEST
O000507,C0118,2025-08-02 08:15:00,CANCELLED,EAST
O000508,C0302,2025-10-26 03:06:23,RETURNED,NORTH
O000509,C0218,2025-02-27 04:02:16,SHIPPED,NORTH
O000510,C0146,2025-03-26 13:35:31,DELIVERED,SOUTH
O000511,C0003,2025-08-14 04:24:23,RETURNED,CENTRAL
O000512,C0061,2026-02-23 18:57:16,SHIPPED,EAST
O000513,C0210,2025-06-03 17:41:13,RETURNED,EAST
O000514,C0134,2025-04-09 03:56:30,DELIVERED,CENTRAL
O000515,C0142,2025-01-21 18:00:59,SHIPPED,WEST
O000516,C0283,2025-02-22 17:17:55,DELIVERED,CENTRAL
O000517,C0285,2024-07-16 00:49:23,RETURNED,EAST
O000518,C0397,2026-03-03 14:03:04,PLACED,SOUTH
O000519,C0229,2026-03-27 08:59:41,PLACED,SOUTH
O000520,C0261,2025-03-24 04:01:46,RETURNED,CENTRAL
O000521,C0357,2025-06-23 16:57:27,CANCELLED,NORTH
O000522,C0412,2024-07-22 01:00:56,RETURNED,WEST
O000523,C0046,2026-05-20 12:48:55,PLACED,CENTRAL
O000524,C0020,2026-06-07 16:48:31,CANCELLED,CENTRAL
O000525,C0336,2025-06-29 10:54:54,RETURNED,NORTH
O000526,C0485,2024-07-22 15:18:45,CANCELLED,WEST
O000527,C0006,2025-05-26 09:23:22,RETURNED,EAST
O000528,,2025-02-14 22:34:58,RETURNED,SOUTH
O000529,C0315,2024-12-31 20:45:41,SHIPPED,NORTH
O000530,C0500,2024-07-21 05:44:47,CANCELLED,EAST
O000531,C0343,2025-04-14 21:44:57,RETURNED,NORTH
O000532,C0378,2025-05-12 17:33:35,RETURNED,EAST
O000533,C0372,2025-08-29 10:34:26,DELIVERED,EAST
O000534,C0494,2025-04-30 07:48:29,SHIPPED,WEST
O000535,C0477,12-11-2024 05:33:59,SHIPPED,WEST
O000536,C0260,2026-01-05 10:00:02,DELIVERED,EAST
O000537,C0485,2025-04-26 15:38:43,DELIVERED,CENTRAL
O000538,C0417,2025-04-18 08:23:45,CANCELLED,WEST
O000539,C0289,2025-01-24 01:38:53,DELIVERED,WEST
O000540,C0349,2025-05-20 09:42:08,PLACED,WEST
O000541,C0060,2025-01-06 23:05:12,SHIPPED,SOUTH
O000542,C0410,2026-01-25 10:43:21,RETURNED,CENTRAL
O000543,C0005,2026-05-11 16:05:16,DELIVERED,NORTH
O000544,C0205,2026-02-25 21:13:13,PLACED,CENTRAL
O000545,C0477,2025-11-28 01:59:20,SHIPPED,CENTRAL
O000546,C0138,2025-02-08 22:01:19,SHIPPED,WEST
O000547,C0378,2026-01-09 15:50:30,DELIVERED,SOUTH
O000548,C0118,2026-02-26 18:50:57,RETURNED,EAST
O000549,C0080,2025-05-13 14:02:12,PLACED,WEST
O000550,,2026-03-31 10:02:28,PLACED,WEST
O000551,C0191,2024-11-26 05:04:45,RETURNED,EAST
O000552,C0252,2025-02-12 12:14:59,RETURNED,EAST
O000553,C0204,2025-10-24 04:54:05,PLACED,CENTRAL
O000554,C0410,2025-10-10 04:56:23,PLACED,CENTRAL
O000555,C0178,2025-01-30 18:07:44,SHIPPED,WEST
O000556,C0500,2025-10-13 21:01:28,DELIVERED,NORTH
O000557,C0007,2024-11-30 03:26:18,PLACED,EAST
O000558,C0186,2024-07-30 03:14:05,RETURNED,EAST
O000559,C0122,2024-08-21 05:19:47,DELIVERED,EAST
O000560,C0095,2025-08-10 18:03:16,DELIVERED,EAST
O000561,C0438,2024-11-28 18:58:22,RETURNED,SOUTH
O000562,C0295,2024-09-28 16:12:49,DELIVERED,SOUTH
O000563,C0285,2025-01-28 14:36:14,SHIPPED,SOUTH
O000564,C0243,2025-12-20 09:40:34,CANCELLED,SOUTH
O000565,C0458,2025-12-29 02:29:46,DELIVERED,WEST
O000566,C0154,2025-01-02 00:43:33,PLACED,WEST
O000567,C0051,2024-11-03 00:55:06,DELIVERED,WEST
O000568,C0430,2025-07-11 12:24:14,DELIVERED,EAST
O000569,C0185,2025-03-22 17:27:22,DELIVERED,EAST
O000570,C0011,2025-02-28 13:37:01,RETURNED,SOUTH
O000571,C0296,2026-02-19 22:59:39,SHIPPED,EAST
O000572,C0182,2026-07-14 23:01:13,CANCELLED,NORTH
O000573,C0196,2025-06-19 16:17:51,SHIPPED,SOUTH
O000574,C0328,2026-02-14 02:04:56,RETURNED,CENTRAL
O000575,C0208,2025-03-14 04:57:53,SHIPPED,EAST
O000576,C0117,2026-03-24 03:51:10,DELIVERED,CENTRAL
O000577,C0331,2026-06-11 02:58:14,DELIVERED,CENTRAL
O000578,C0267,2024-08-25 21:38:29,SHIPPED,NORTH
O000579,C0065,2026-02-02 13:34:43,PLACED,SOUTH
O000580,C0086,2024-09-06 02:41:10,CANCELLED,CENTRAL
O000581,,2025-06-24 09:35:30,PLACED,NORTH
O000582,C0135,2024-12-03 08:37:37,CANCELLED,EAST
O000583,C0118,2026-03-22 16:40:01,SHIPPED,SOUTH
O000584,C0270,04-03-2026 22:51:05,DELIVERED,EAST
O000585,C0443,2026-03-12 23:43:17,RETURNED,EAST
O000586,C0281,2024-10-13 01:22:32,RETURNED,SOUTH
O000587,C0303,2026-01-28 01:57:55,RETURNED,WEST
O000588,C0269,2025-01-13 19:53:33,DELIVERED,WEST
O000589,C0277,2026-01-30 07:57:23,DELIVERED,EAST
O000590,C0212,2025-06-04 12:58:58,PLACED,CENTRAL
O000591,C0418,2026-01-05 18:47:11,DELIVERED,WEST
O000592,,2024-08-09 10:41:25,CANCELLED,EAST
O000593,C0005,2025-06-17 14:20:08,RETURNED,SOUTH
O000594,,2026-01-30 03:56:07,CANCELLED,CENTRAL
O000595,C0224,2025-07-31 15:33:54,CANCELLED,WEST
O000596,C0113,2026-07-03 09:11:16,SHIPPED,CENTRAL
O000597,C0392,2025-06-26 08:33:16,DELIVERED,EAST
O000598,C0333,2025-11-25 17:55:25,CANCELLED,SOUTH
O000599,C0437,2025-02-28 22:57:20,PLACED,WEST
O000600,C0317,2025-03-08 22:59:34,CANCELLED,SOUTH
O000601,,2025-10-18 13:24:35,RETURNED,NORTH
O000602,C0096,2024-08-15 18:47:14,SHIPPED,WEST
O000603,,2026-05-31 17:37:04,PLACED,WEST
O000604,C0112,2025-07-31 11:49:59,CANCELLED,EAST
O000605,C0238,2025-01-17 00:09:41,PLACED,SOUTH
O000606,C0029,2025-10-25 09:25:49,RETURNED,WEST
O000607,C0093,2024-12-08 03:07:53,CANCELLED,NORTH
O000608,C0063,2026-04-25 06:46:16,CANCELLED,WEST
O000609,C0127,2026-04-07 20:26:08,CANCELLED,NORTH
O000610,C0267,2024-12-22 01:21:47,CANCELLED,EAST
O000611,C0480,2024-10-06 11:00:42,PLACED,CENTRAL
O000612,C0267,2025-10-21 07:03:37,DELIVERED,SOUTH
O000613,C0185,2025-03-10 00:25:07,SHIPPED,NORTH
O000614,C0121,2024-11-15 05:17:08,SHIPPED,EAST
O000615,C0300,2025-02-02 15:39:27,PLACED,NORTH
O000616,C0298,2024-10-11 08:50:36,RETURNED,SOUTH
O000617,C0191,2026-02-12 10:05:38,CANCELLED,NORTH
O000618,C0352,2024-07-22 11:45:29,PLACED,NORTH
O000619,C0183,2024-08-15 15:24:42,PLACED,SOUTH
O000620,C0250,2026-02-08 06:42:57,DELIVERED,WEST
O000621,C0376,2025-06-28 03:25:17,DELIVERED,SOUTH
O000622,C0129,2025-09-24 11:42:42,CANCELLED,CENTRAL
O000623,C0151,2025-04-13 06:23:14,RETURNED,SOUTH
O000624,C0279,2024-09-19 07:55:22,DELIVERED,CENTRAL
O000625,C0469,2024-11-08 03:53:52,RETURNED,SOUTH
O000626,C0231,2024-09-20 17:36:44,DELIVERED,WEST
O000627,C0001,2025-10-10 20:59:19,SHIPPED,NORTH
O000628,C0318,2026-05-26 22:23:53,SHIPPED,EAST
O000629,C0370,2026-07-14 05:39:29,CANCELLED,SOUTH
O000630,C0269,2025-10-15 14:43:26,SHIPPED,CENTRAL
O000631,C0145,2024-08-28 15:09:11,PLACED,NORTH
O000632,C0268,2025-10-29 19:34:54,SHIPPED,SOUTH
O000633,,2025-12-10 06:33:08,SHIPPED,NORTH
O000634,C0017,2026-02-14 02:48:37,CANCELLED,CENTRAL
O000635,C0320,2024-10-15 21:09:02,DELIVERED,SOUTH
O000636,C0311,01-01-2025 22:20:38,SHIPPED,WEST
O000637,C0476,2026-07-03 01:28:17,PLACED,EAST
O000638,C0286,2026-02-11 23:53:29,DELIVERED,NORTH
O000639,C0422,2026-01-19 17:15:42,PLACED,EAST
O000640,C0040,2026-02-24 09:17:18,PLACED,NORTH
O000641,C0372,2025-06-01 10:36:47,SHIPPED,CENTRAL
O000642,C0337,2024-12-03 22:10:44,SHIPPED,CENTRAL
O000643,C0384,2025-12-01 10:48:14,RETURNED,EAST
O000644,C0346,2025-04-03 14:25:29,PLACED,SOUTH
O000645,C0406,2024-10-22 09:15:50,DELIVERED,SOUTH
O000646,C0274,2026-05-03 10:07:59,DELIVERED,EAST
O000647,C0282,2025-07-05 11:17:17,DELIVERED,WEST
O000648,C0392,2025-05-31 13:14:39,DELIVERED,CENTRAL
O000649,C0124,2025-02-16 05:59:56,RETURNED,EAST
O000650,C0185,2025-12-07 03:20:09,CANCELLED,NORTH
O000651,,2024-12-01 14:15:46,PLACED,CENTRAL
O000652,C0070,2024-11-29 07:03:15,DELIVERED,SOUTH
O000653,C0110,26-03-2025 22:17:39,DELIVERED,CENTRAL
O000654,C0262,2026-01-01 23:19:54,SHIPPED,NORTH
O000655,C0020,2025-02-02 02:03:37,DELIVERED,EAST
O000656,C0456,2026-03-15 06:01:34,DELIVERED,NORTH
O000657,C0293,2026-05-14 23:19:24,PLACED,EAST
O000658,C0406,2025-08-25 00:47:17,RETURNED,NORTH
O000659,C0305,2024-09-04 06:42:55,RETURNED,WEST
O000660,C0041,2024-11-06 05:02:11,DELIVERED,EAST
O000661,C0451,2025-02-16 22:47:43,PLACED,SOUTH
O000662,C0383,2025-01-24 08:07:01,PLACED,WEST
O000663,C0028,2025-04-10 03:14:52,RETURNED,CENTRAL
O000664,C0077,2024-07-16 11:49:25,SHIPPED,NORTH
O000665,C0345,2025-10-25 00:46:15,CANCELLED,CENTRAL
O000666,C0295,2025-04-18 20:24:50,DELIVERED,WEST
O000667,C0076,2024-11-28 11:54:08,RETURNED,NORTH
O000668,C0281,2024-07-29 15:23:30,RETURNED,WEST
O000669,C0397,2026-04-02 20:43:26,CANCELLED,CENTRAL
O000670,C0102,2026-02-02 19:57:14,SHIPPED,CENTRAL
O000671,C0316,2025-01-06 09:29:43,SHIPPED,NORTH
O000672,C0137,2025-12-24 15:29:33,RETURNED,NORTH
O000673,C0058,2025-11-08 20:01:05,DELIVERED,SOUTH
O000674,C0165,2025-08-13 15:55:52,DELIVERED,SOUTH
O000675,C0180,2025-04-25 00:30:27,CANCELLED,CENTRAL
O000676,C0075,2025-08-02 18:56:37,SHIPPED,SOUTH
O000677,C0351,2025-07-14 09:59:49,PLACED,NORTH
O000678,C0379,2025-08-22 19:16:23,SHIPPED,EAST
O000679,C0008,2025-10-06 18:42:50,DELIVERED,WEST
O000680,,2025-03-08 14:52:23,RETURNED,SOUTH
O000681,C0105,2025-10-27 03:13:27,RETURNED,WEST
O000682,C0319,2024-10-04 15:48:30,PLACED,WEST
O000683,C0299,2025-08-02 03:42:17,DELIVERED,SOUTH
O000684,C0031,2024-09-02 16:12:11,RETURNED,EAST
O000685,C0028,2026-03-18 01:24:47,PLACED,WEST
O000686,C0339,2024-10-18 18:20:39,DELIVERED,NORTH
O000687,C0010,2026-04-15 00:51:36,CANCELLED,SOUTH
O000688,C0195,2024-12-10 13:57:24,DELIVERED,WEST
O000689,C0444,2025-07-05 12:28:59,SHIPPED,CENTRAL
O000690,C0495,2024-09-26 02:30:16,PLACED,NORTH
O000691,C0127,2025-09-06 01:54:56,CANCELLED,WEST
O000692,C0382,2026-03-18 20:48:21,DELIVERED,EAST
O000693,C0321,2025-11-08 13:33:49,RETURNED,EAST
O000694,C0416,2025-08-04 01:39:06,CANCELLED,NORTH
O000695,C0484,2025-12-10 06:18:17,SHIPPED,EAST
O000696,C0460,2025-01-18 22:11:44,CANCELLED,CENTRAL
O000697,C0492,2025-04-09 13:56:49,SHIPPED,WEST
O000698,C0124,2025-10-01 14:29:32,DELIVERED,CENTRAL
O000699,C0169,2024-09-05 17:43:56,SHIPPED,CENTRAL
O000700,C0278,2026-05-26 11:13:03,SHIPPED,EAST
O000701,C0353,2024-12-15 10:42:00,SHIPPED,WEST
O000702,C0466,2025-07-09 22:17:22,RETURNED,SOUTH
O000703,C0163,2026-04-26 22:10:40,PLACED,SOUTH
O000704,C0163,2024-09-12 08:58:06,PLACED,EAST
O000705,C0451,2026-02-21 02:18:05,DELIVERED,WEST
O000706,C0382,2024-08-29 07:22:14,DELIVERED,SOUTH
O000707,C0399,2025-08-27 14:08:27,PLACED,CENTRAL
O000708,C0316,2026-06-01 08:02:42,SHIPPED,CENTRAL
O000709,C0119,15-05-2025 19:29:45,PLACED,WEST
O000710,C0069,2025-04-11 13:32:18,DELIVERED,SOUTH
O000711,C0437,2025-12-15 11:07:30,SHIPPED,SOUTH
O000712,,2026-03-09 14:55:02,PLACED,EAST
O000713,C0487,2025-01-26 03:21:22,SHIPPED,SOUTH
O000714,C0034,2024-08-14 15:54:56,CANCELLED,CENTRAL
O000715,C0251,2024-09-05 09:12:54,SHIPPED,WEST
O000716,C0208,2025-02-22 23:06:46,CANCELLED,EAST
O000717,C0202,2026-06-05 23:32:20,RETURNED,CENTRAL
O000718,C0269,2026-06-17 15:44:59,PLACED,CENTRAL
O000719,C0056,2024-09-24 21:51:08,PLACED,SOUTH
O000720,C0266,2025-12-27 16:34:13,PLACED,CENTRAL
O000721,C0199,2025-08-08 08:01:49,PLACED,SOUTH
O000722,C0150,2024-12-01 08:43:59,DELIVERED,WEST
O000723,C0086,2025-08-04 08:09:00,PLACED,CENTRAL
O000724,C0463,2025-01-13 16:23:53,CANCELLED,NORTH
O000725,C0370,2025-10-15 18:06:10,RETURNED,CENTRAL
O000726,C0070,2024-11-23 15:33:22,PLACED,SOUTH
O000727,C0233,2026-01-14 05:43:12,SHIPPED,WEST
O000728,C0047,2025-05-15 06:01:16,SHIPPED,NORTH
O000729,C0047,2024-10-01 01:01:41,DELIVERED,NORTH
O000730,C0269,2025-10-25 11:15:31,RETURNED,CENTRAL
O000731,C0487,2025-04-03 10:50:45,PLACED,SOUTH
O000732,C0468,2025-06-16 01:16:24,SHIPPED,SOUTH
O000733,C0445,2025-11-13 21:54:49,PLACED,WEST
O000734,C0158,2026-04-21 20:27:04,CANCELLED,EAST
O000735,C0321,2024-11-14 19:37:30,SHIPPED,NORTH
O000736,C0319,24-11-2024 17:49:46,CANCELLED,WEST
O000737,C0279,2025-05-05 07:06:42,CANCELLED,SOUTH
O000738,C0112,2025-03-19 12:19:04,CANCELLED,WEST
O000739,C0041,08-11-2024 12:16:40,RETURNED,EAST
O000740,C0318,2026-07-15 07:15:44,SHIPPED,NORTH
O000741,C0095,2025-06-04 13:52:51,PLACED,SOUTH
O000742,,2025-03-30 07:58:50,RETURNED,EAST
O000743,C0170,2025-03-03 04:21:01,CANCELLED,SOUTH
O000744,C0083,2026-07-10 05:03:26,RETURNED,CENTRAL
O000745,C0404,2025-03-10 02:53:02,RETURNED,EAST
O000746,,2025-04-13 12:00:44,DELIVERED,EAST
O000747,C0460,2026-01-25 04:31:03,CANCELLED,CENTRAL
O000748,C0034,2025-05-26 12:04:03,DELIVERED,EAST
O000749,C0270,2025-12-28 04:46:04,SHIPPED,CENTRAL
O000750,C0030,2025-10-03 09:36:55,RETURNED,NORTH
O000751,C0248,2025-08-31 07:59:12,DELIVERED,WEST
O000752,C0312,2024-12-19 05:41:22,RETURNED,CENTRAL
O000753,C0182,2026-01-26 07:13:59,CANCELLED,CENTRAL
O000754,C0374,2026-05-23 11:58:02,SHIPPED,CENTRAL
O000755,C0120,2025-01-17 13:46:22,PLACED,NORTH
O000756,C0013,2026-06-18 10:25:17,SHIPPED,CENTRAL
O000757,C0213,2025-06-07 20:33:20,RETURNED,SOUTH
O000758,C0006,2025-05-02 00:48:19,DELIVERED,NORTH
O000759,C0158,2025-12-28 12:34:47,PLACED,NORTH
O000760,C0352,2026-07-03 23:55:30,RETURNED,CENTRAL
O000761,,2025-09-24 03:49:55,DELIVERED,EAST
O000762,C0473,2025-07-29 01:40:58,PLACED,SOUTH
O000763,C0247,2026-07-11 15:13:36,RETURNED,EAST
O000764,C0237,2025-02-21 10:56:49,PLACED,CENTRAL
O000765,C0154,2025-02-20 08:30:54,RETURNED,CENTRAL
O000766,C0010,2024-12-25 01:12:55,DELIVERED,NORTH
O000767,C0497,2026-04-02 01:17:02,DELIVERED,WEST
O000768,C0321,2024-07-31 19:39:43,RETURNED,WEST
O000769,C0096,2026-03-08 09:03:37,DELIVERED,EAST
O000770,,2025-12-01 19:01:47,CANCELLED,SOUTH
O000771,C0191,2025-02-02 13:09:08,SHIPPED,CENTRAL
O000772,C0155,2025-08-24 09:45:38,PLACED,SOUTH
O000773,C0468,2025-08-26 08:23:36,CANCELLED,CENTRAL
O000774,C0079,2026-05-23 08:01:55,RETURNED,EAST
O000775,C0398,2024-11-05 23:35:22,PLACED,CENTRAL
O000776,C0347,2024-08-12 12:46:43,PLACED,WEST
O000777,C0199,2025-04-01 18:23:24,PLACED,EAST
O000778,,2024-10-25 01:42:36,PLACED,EAST
O000779,C0240,2025-04-10 02:43:30,DELIVERED,NORTH
O000780,C0296,2025-09-14 05:16:42,SHIPPED,EAST
O000781,C0103,2025-01-02 03:56:44,DELIVERED,WEST
O000782,C0344,2026-02-28 10:34:06,DELIVERED,NORTH
O000783,C0008,2024-09-21 02:26:26,PLACED,SOUTH
O000784,C0278,2025-05-04 00:16:30,SHIPPED,EAST
O000785,C0294,2026-05-17 11:04:02,RETURNED,EAST
O000786,C0277,2026-01-03 08:00:08,CANCELLED,NORTH
O000787,C0055,2025-12-26 12:40:14,CANCELLED,SOUTH
O000788,C0361,2026-02-15 04:01:11,CANCELLED,CENTRAL
O000789,C0183,2024-11-19 06:26:51,RETURNED,NORTH
O000790,C0499,2026-03-11 03:04:19,RETURNED,SOUTH
O000791,C0048,2025-12-01 16:51:16,CANCELLED,NORTH
O000792,C0234,2025-09-09 21:26:06,CANCELLED,WEST
O000793,C0119,2026-05-09 23:47:13,RETURNED,EAST
O000794,C0468,2025-09-23 18:30:42,DELIVERED,EAST
O000795,C0233,2025-02-20 09:33:16,PLACED,EAST
O000796,C0246,2025-12-31 19:03:08,DELIVERED,CENTRAL
O000797,C0295,2025-09-09 22:19:59,PLACED,EAST
O000798,C0285,2024-09-11 07:01:55,RETURNED,WEST
O000799,C0206,2024-08-25 19:36:51,SHIPPED,CENTRAL
O000800,C0082,2026-01-30 02:16:45,DELIVERED,SOUTH
O000801,C0417,2025-03-27 02:56:58,CANCELLED,CENTRAL
O000802,C0404,2026-03-04 20:56:24,SHIPPED,NORTH
O000803,C0379,2025-05-16 05:27:46,CANCELLED,NORTH
O000804,C0304,2026-04-10 21:36:08,PLACED,WEST
O000805,C0091,2026-04-12 07:53:01,RETURNED,NORTH
O000806,C0351,2024-12-28 13:54:34,CANCELLED,EAST
O000807,C0254,2025-11-04 19:24:55,SHIPPED,SOUTH
O000808,C0455,2025-09-28 22:28:02,PLACED,SOUTH
O000809,C0339,2024-07-24 07:39:58,CANCELLED,CENTRAL
O000810,C0296,2026-02-03 20:32:03,DELIVERED,EAST
O000811,C0292,2025-04-21 08:46:55,CANCELLED,EAST
O000812,C0046,2025-02-23 14:31:13,RETURNED,WEST
O000813,C0434,2024-08-15 01:11:29,DELIVERED,CENTRAL
O000814,C0496,2025-08-14 08:59:34,DELIVERED,NORTH
O000815,C0441,2024-11-02 05:34:09,CANCELLED,CENTRAL
O000816,C0202,2025-07-17 23:04:04,CANCELLED,WEST
O000817,C0223,2024-12-24 06:06:51,CANCELLED,SOUTH
O000818,C0097,2024-08-21 20:53:35,DELIVERED,WEST
O000819,C0079,2026-01-01 08:53:18,SHIPPED,SOUTH
O000820,C0006,28-04-2025 23:02:06,CANCELLED,WEST
O000821,C0500,2025-06-06 11:32:02,CANCELLED,WEST
O000822,C0458,2025-09-23 16:46:33,CANCELLED,CENTRAL
O000823,C0093,2025-07-19 15:52:36,CANCELLED,WEST
O000824,C0182,2024-12-25 04:42:10,PLACED,CENTRAL
O000825,C0256,2025-02-12 15:32:28,RETURNED,EAST
O000826,C0211,2025-04-30 00:16:30,PLACED,NORTH
O000827,C0291,2024-10-20 12:40:44,RETURNED,WEST
O000828,C0493,2024-09-14 06:20:43,RETURNED,EAST
O000829,C0239,2025-09-06 09:25:34,RETURNED,NORTH
O000830,C0126,2024-08-20 23:42:09,PLACED,CENTRAL
O000831,C0409,2025-05-03 13:38:03,DELIVERED,CENTRAL
O000832,,2024-09-16 02:46:05,CANCELLED,CENTRAL
O000833,C0376,2025-07-17 12:55:34,DELIVERED,EAST
O000834,,2026-02-01 05:32:06,DELIVERED,CENTRAL
O000835,C0134,2024-10-19 04:52:44,SHIPPED,CENTRAL
O000836,C0027,2024-10-22 11:41:37,RETURNED,NORTH
O000837,C0147,2025-08-28 12:30:58,PLACED,EAST
O000838,C0130,2025-07-07 08:09:02,DELIVERED,NORTH
O000839,C0380,2025-11-04 10:06:38,RETURNED,SOUTH
O000840,C0338,2024-12-06 05:07:22,DELIVERED,SOUTH
O000841,C0249,2025-10-08 22:33:54,PLACED,EAST
O000842,C0044,2026-01-04 08:34:41,SHIPPED,WEST
O000843,C0386,2025-01-11 20:16:04,SHIPPED,WEST
O000844,C0372,2024-09-06 07:13:55,DELIVERED,NORTH
O000845,C0329,2026-02-03 09:11:46,PLACED,SOUTH
O000846,C0238,2025-03-09 05:06:06,RETURNED,SOUTH
O000847,C0195,2026-05-22 00:44:57,DELIVERED,SOUTH
O000848,C0272,19-09-2024 09:56:04,CANCELLED,WEST
O000849,C0348,2025-11-18 15:57:35,PLACED,NORTH
O000850,C0470,2025-05-21 08:30:52,CANCELLED,CENTRAL
O000851,C0471,2025-03-27 09:34:13,DELIVERED,EAST
O000852,C0411,2025-03-07 06:14:06,CANCELLED,WEST
O000853,C0396,2025-09-22 18:46:23,RETURNED,SOUTH
O000854,C0267,2024-08-02 15:35:12,SHIPPED,EAST
O000855,,23-02-2025 15:08:30,PLACED,NORTH
O000856,C0211,2026-07-07 10:14:36,CANCELLED,EAST
O000857,C0113,2025-10-09 02:29:41,PLACED,NORTH
O000858,C0318,2026-07-09 06:11:58,SHIPPED,CENTRAL
O000859,C0327,2025-06-03 23:49:10,PLACED,CENTRAL
O000860,C0067,2024-10-30 11:37:25,RETURNED,SOUTH
O000861,C0459,2024-08-17 17:58:33,DELIVERED,WEST
O000862,C0339,2026-03-05 15:00:05,DELIVERED,WEST
O000863,C0355,2024-12-08 19:59:22,DELIVERED,EAST
O000864,C0083,2025-04-15 00:51:02,PLACED,WEST
O000865,C0199,2026-01-20 11:25:44,DELIVERED,SOUTH
O000866,C0226,2026-03-30 21:27:20,SHIPPED,CENTRAL
O000867,C0202,2024-10-06 01:15:05,SHIPPED,CENTRAL
O000868,C0394,2024-08-24 19:20:18,PLACED,WEST
O000869,C0367,2026-06-09 03:34:50,PLACED,CENTRAL
O000870,C0373,2026-05-23 22:11:03,CANCELLED,SOUTH
O000871,C0335,2026-04-11 13:45:12,CANCELLED,EAST
O000872,C0078,2026-03-07 01:23:56,RETURNED,NORTH
O000873,C0264,2024-07-25 23:58:10,CANCELLED,WEST
O000874,C0207,2025-12-04 18:29:20,PLACED,CENTRAL
O000875,,2024-10-05 06:04:35,CANCELLED,NORTH
O000876,C0291,2025-06-09 17:28:03,DELIVERED,EAST
O000877,C0206,2024-08-01 14:00:47,PLACED,EAST
O000878,C0274,2024-12-15 15:27:32,CANCELLED,EAST
O000879,C0332,2025-08-12 23:15:27,CANCELLED,SOUTH
O000880,C0154,2024-12-11 20:09:05,DELIVERED,WEST
O000881,C0044,2025-08-02 04:51:01,SHIPPED,SOUTH
O000882,C0019,2025-01-20 21:52:19,RETURNED,SOUTH
O000883,C0251,2025-07-03 19:23:23,DELIVERED,WEST
O000884,C0274,2025-12-31 03:52:26,PLACED,NORTH
O000885,C0174,2024-10-27 05:14:21,PLACED,WEST
O000886,C0061,2025-12-08 09:26:43,RETURNED,WEST
O000887,C0482,2024-07-29 09:34:57,SHIPPED,CENTRAL
O000888,C0120,2025-09-14 20:10:01,SHIPPED,WEST
O000889,,2025-11-12 15:51:52,RETURNED,NORTH
O000890,C0125,2024-08-16 17:30:35,SHIPPED,NORTH
O000891,C0464,2024-11-17 09:09:59,CANCELLED,CENTRAL
O000892,C0088,2025-02-08 10:23:35,PLACED,NORTH
O000893,C0255,2026-02-12 10:52:40,PLACED,SOUTH
O000894,C0219,2025-10-10 09:03:57,CANCELLED,EAST
O000895,C0062,2024-08-23 17:52:09,SHIPPED,EAST
O000896,C0429,2025-11-06 06:06:17,PLACED,CENTRAL
O000897,C0089,2024-07-22 01:18:53,SHIPPED,WEST
O000898,C0087,2025-04-25 20:44:39,CANCELLED,SOUTH
O000899,C0474,2025-01-30 03:41:15,RETURNED,WEST
O000900,C0399,2026-03-30 09:30:48,PLACED,NORTH
O000901,C0004,2025-11-10 03:46:01,RETURNED,EAST
O000902,C0214,2026-04-08 07:23:10,CANCELLED,SOUTH
O000903,C0106,2024-07-29 21:40:34,CANCELLED,WEST
O000904,C0123,2026-04-10 14:13:39,PLACED,CENTRAL
O000905,C0093,2025-11-02 08:22:07,PLACED,EAST
O000906,C0179,2024-12-31 19:56:29,SHIPPED,NORTH
O000907,C0272,2025-04-20 01:28:29,RETURNED,CENTRAL
O000908,C0113,2026-06-29 08:41:45,SHIPPED,EAST
O000909,C0028,2024-09-26 17:24:31,CANCELLED,WEST
O000910,C0091,2025-03-03 09:37:36,PLACED,EAST
O000911,C0146,2026-04-10 03:02:52,RETURNED,WEST
O000912,C0023,2025-08-08 06:16:12,RETURNED,SOUTH
O000913,C0081,2024-11-29 03:23:03,PLACED,NORTH
O000914,C0459,2025-07-16 16:22:26,RETURNED,EAST
O000915,C0215,2025-06-15 12:23:58,DELIVERED,SOUTH
O000916,C0399,2026-05-23 15:31:38,SHIPPED,WEST
O000917,C0446,2024-07-31 15:55:46,PLACED,WEST
O000918,C0300,2025-01-12 16:21:51,SHIPPED,SOUTH
O000919,C0476,2025-08-06 16:39:36,DELIVERED,SOUTH
O000920,C0235,2025-03-16 15:11:12,DELIVERED,SOUTH
O000921,C0172,2025-04-29 08:06:03,PLACED,EAST
O000922,C0070,2024-11-07 15:44:41,CANCELLED,SOUTH
O000923,C0390,2025-03-26 06:46:58,RETURNED,SOUTH
O000924,C0405,2025-03-30 00:46:31,SHIPPED,CENTRAL
O000925,C0497,2025-10-15 16:27:12,CANCELLED,CENTRAL
O000926,C0251,2025-01-04 12:13:57,CANCELLED,WEST
O000927,,2026-06-30 13:18:47,SHIPPED,SOUTH
O000928,C0168,2025-07-17 02:54:15,RETURNED,SOUTH
O000929,C0468,01-03-2026 00:55:12,PLACED,NORTH
O000930,C0241,2025-10-16 02:17:43,CANCELLED,CENTRAL
O000931,C0202,2026-04-18 19:45:08,PLACED,WEST
O000932,C0254,2026-04-27 09:18:22,PLACED,WEST
O000933,C0487,2026-03-03 04:54:52,SHIPPED,NORTH
O000934,C0009,2024-08-06 11:47:10,CANCELLED,CENTRAL
O000935,C0383,2025-08-25 08:08:04,CANCELLED,SOUTH
O000936,C0448,2025-02-05 15:25:41,DELIVERED,WEST
O000937,C0361,2024-11-03 18:52:45,PLACED,WEST
O000938,C0458,2026-05-02 08:03:04,DELIVERED,WEST
O000939,C0386,2025-11-07 20:12:59,RETURNED,CENTRAL
O000940,C0407,2024-09-18 02:23:03,RETURNED,EAST
O000941,C0377,2025-04-21 03:52:33,DELIVERED,NORTH
O000942,C0057,2026-06-17 16:04:55,PLACED,EAST
O000943,C0188,2025-10-06 08:21:19,PLACED,CENTRAL
O000944,C0364,2025-10-15 21:36:04,DELIVERED,SOUTH
O000945,C0277,2024-12-29 02:21:44,RETURNED,SOUTH
O000946,C0386,2025-01-07 13:05:40,DELIVERED,EAST
O000947,C0258,2024-11-04 13:07:44,PLACED,EAST
O000948,C0177,2026-06-24 22:11:45,PLACED,WEST
O000949,C0364,2026-05-11 12:14:54,DELIVERED,WEST
O000950,C0318,2025-03-13 12:03:58,PLACED,SOUTH
O000951,C0457,2025-08-16 01:23:09,CANCELLED,SOUTH
O000952,C0148,2024-12-13 23:58:24,SHIPPED,EAST
O000953,C0058,2024-10-25 04:39:40,SHIPPED,CENTRAL
O000954,C0488,2025-08-15 09:57:34,RETURNED,SOUTH
O000955,C0243,2026-02-20 10:15:43,PLACED,EAST
O000956,C0097,2026-04-07 01:40:37,SHIPPED,CENTRAL
O000957,C0331,2025-02-26 16:24:56,DELIVERED,WEST
O000958,C0304,2025-12-13 01:19:00,RETURNED,WEST
O000959,C0235,2025-08-02 14:18:37,DELIVERED,SOUTH
O000960,C0405,2024-10-22 18:23:09,DELIVERED,NORTH
O000961,C0076,2026-07-13 07:05:22,SHIPPED,CENTRAL
O000962,C0474,2026-06-28 18:03:23,SHIPPED,SOUTH
O000963,C0430,2024-10-29 23:56:46,SHIPPED,SOUTH
O000964,C0122,2026-05-28 12:38:14,RETURNED,SOUTH
O000965,C0226,2026-05-16 21:34:25,RETURNED,NORTH
O000966,C0341,2025-03-04 21:23:43,DELIVERED,WEST
O000967,C0277,2025-08-27 02:13:36,PLACED,NORTH
O000968,C0208,2026-06-08 21:37:53,CANCELLED,EAST
O000969,,2024-10-10 10:42:47,RETURNED,EAST
O000970,C0332,2025-03-04 23:10:21,DELIVERED,CENTRAL
O000971,C0342,2026-04-19 12:35:50,CANCELLED,EAST
O000972,C0353,2025-12-29 02:00:48,PLACED,SOUTH
O000973,C0348,2026-01-26 02:26:36,CANCELLED,CENTRAL
O000974,C0431,2026-04-19 21:15:15,DELIVERED,NORTH
O000975,C0312,2025-05-14 09:57:26,SHIPPED,EAST
O000976,,2025-05-12 09:04:21,CANCELLED,NORTH
O000977,C0500,2025-06-04 13:44:46,DELIVERED,CENTRAL
O000978,C0310,2026-05-29 01:35:08,DELIVERED,WEST
O000979,C0076,2026-04-30 02:39:49,CANCELLED,EAST
O000980,C0007,2026-05-28 16:29:44,CANCELLED,CENTRAL
O000981,C0045,2025-01-31 23:16:01,CANCELLED,WEST
O000982,C0148,2026-02-05 02:08:58,CANCELLED,WEST
O000983,C0072,2024-10-01 23:04:10,SHIPPED,SOUTH
O000984,C0156,2024-11-27 22:05:27,DELIVERED,NORTH
O000985,C0478,2026-01-23 22:04:02,PLACED,NORTH
O000986,C0210,2025-10-06 00:10:18,SHIPPED,CENTRAL
O000987,C0237,2025-01-26 21:42:41,SHIPPED,SOUTH
O000988,C0096,2025-09-03 04:19:53,CANCELLED,NORTH
O000989,C0422,2024-12-31 15:25:51,DELIVERED,WEST
O000990,C0287,2025-01-01 13:43:00,PLACED,SOUTH
O000991,C0135,2025-11-30 01:58:59,CANCELLED,NORTH
O000992,C0335,2025-04-04 09:36:05,SHIPPED,WEST
O000993,C0465,2025-11-30 15:22:00,PLACED,EAST
O000994,C0253,2025-06-29 02:45:55,DELIVERED,CENTRAL
O000995,C0247,2025-07-17 21:43:03,CANCELLED,NORTH
O000996,C0192,2025-09-30 16:43:13,DELIVERED,SOUTH
O000997,C0298,2025-12-18 01:58:54,SHIPPED,EAST
O000998,C0084,2025-04-15 03:16:51,DELIVERED,NORTH
O000999,C0149,2026-03-30 10:19:42,PLACED,CENTRAL
O001000,C0100,2025-07-09 22:59:32,PLACED,CENTRAL
