Cust_ID,Full_Name,Email_Address,Contact_No,Town,Membership,Signup_Date
CB1001,Urvashi Kadakia,aarnavkata@example.org,2705102876,Khammam,Regular,2024-10-16
CB1002,Prisha Devi,sarmajacob@example.net,+91 6033190368,Kanpur,Silver,2025-01-29
CB1003,Daniel Tak,nisha45@example.org,6043878753,Karawal Nagar,Regular,2023-08-17
CB1004,Nicholas Mitter,,+91-4910740650,Durgapur,Regular,2024-11-23
CB1005,Gaurav Sheth,omaharaj@example.net,+91 1117830999,Bareilly,Regular,2024-08-27
CB1006,Saumya Naidu,matthew71@example.com,0581477005,Mysore,Silver,2023-01-31
CB1007,Anjali Korpal,,+91-9700268768,Siwan,Regular,2023-08-27
CB1008,Jasmit Dhawan,yashodhararatti@example.net,5787298259,Singrauli,VIP,2024-07-28
CB1009,Wridesh Ramaswamy,trajan@example.com,+91 8193242687,Jamshedpur,Gold,2023-08-14
CB1010,Dev Kannan,ganesholiver@example.org,5839386613,Raurkela Industrial Township,Silver,2025-04-08
CB1011,Yatan Radhakrishnan,charan41@example.org,+91 7911244211,Dhule,Gold,2024-12-15
CB1012,Wazir Kalla,,3849830220,Vadodara,Silver,2023-10-12
CB1013,Avi Mitra,zarnaupadhyay@example.org,+91 7613791805,Munger,Regular,2025-02-20
CB1014,Ekanta Kala,,+91 2582739021,Sangli-Miraj & Kupwad,Regular,2023-04-05
CB1015,Sanaya Dutta,madhavsule@example.com,+91 1453038567,Thane,Gold,2024-01-03
CB1016,Samar Prabhakar,odika09@example.org,9964235369,Jamalpur,VIP,2025-04-06
CB1017,Anusha Handa,waliazayyan@example.net,5664187758,Rajahmundry,VIP,2024-07-03
CB1018,Meghana Sarma,darluke@example.com,+91-1535396136,Alwar,Gold,2023-03-22
CB1019,Yadavi Shanker,saksham02@example.com,+91-8597779014,Sri Ganganagar,Gold,2025-04-29
CB1020,Nimrat Borah,edhithaborah@example.com,8922680182,Nanded,Regular,2024-08-14
CB1021,Dominic Mody,nazarethomkaar@example.org,+91-,North Dumdum,Silver,2023-02-16
CB1022,Zaid Borra,dchaudhari@example.net,+91 6773602606,Baranagar,Regular,2025-03-02
CB1023,Abhimanyu Gola,manderomaja@example.net,4876329092,Pudukkottai,Regular,2025-05-25
CB1024,Hema Mishra,rushilpalla@example.com,+91 6596089319,North Dumdum,VIP,2024-01-25
CB1025,Suhani Tak,prakashharshil@example.org,+91 1563213580,Rampur,SILVER,2024-10-12
CB1026,Chasmum Peri,yash84@example.com,,Serampore,Silver,2024-01-15
CB1027,Nidhi Kala,ladurmi@example.net,+91 9427881658,Srikakulam,Regular,2024-11-17
CB1028,Omaja Kara,cseshadri@example.com,+91-0913341232,Sangli-Miraj & Kupwad,Silver,2024-09-15
CB1029,Kai Madan,chawlabalendra@example.com,+91-4300038960,Faridabad,Silver,2024-06-30
CB1030,Champak Padmanabhan,,+91 6287334270,Erode,VIP,2023-06-17
CB1031,Karan Choudhary,bailjonathan@example.org,+91-0569067447,Shahjahanpur,Silver,2023-10-04
CB1032,Saksham De,peter50@example.org,+91 8515691545,Junagadh,regular,2024-12-02
CB1033,Jonathan Venkatesh,hredhaanrana@example.org,3772942095,Panipat,Gold,2023-08-23
CB1034,Mohini De,yutika81@example.com,+91 7321046963,Gangtok,Regular,2024-02-15
CB1035,Bhavna Atwal,indrajit47@example.com,+91-3388487920,Rohtak,Gold,2023-08-05
CB1036,Ekansh Hari,yashodharakunda@example.com,+91-2320024968,Bijapur,VIP,2023-08-06
CB1037,Veda Saraf,jeremiah15@example.org,+91-8887189813,Bokaro,VIP,2024-02-10
CB1038,Oliver Saran,oviya47@example.org,+91 9937124065,Ozhukarai,SILVER,2023-05-27
CB1039,Maya Sachdev,shravya02@example.com,+91-5211175186,Burhanpur,Gold,2023-09-10
CB1040,Nandini Ratta,ymagar@example.net,+91-2021697972,Secunderabad,VIP,2025-02-03
CB1041,Turvi Sachdev,vermachandani@example.net,+91 ,Aurangabad,Gold,2024-08-20
CB1042,Yachana Mohan,pallavidugar@example.com,3690362891,Morena,VIP,2023-08-13
CB1043,Bishakha Sanghvi,panditwridesh@example.net,5188888067,Dindigul,Regular,2023-04-04
CB1044,Ekaraj Bath,bimalabuch@example.org,+91-5255341928,Ujjain,Silver,2023-06-06
CB1045,Pavani Divan,mandertanvi@example.org,+91-0970527740,Orai,VIP,2025-03-22
CB1046,Raghav Soman,,8209702316,Muzaffarpur,VIP,2024-09-02
CB1047,Baljiwan Andra,hredhaan54@example.com,+91-4315274205,Akola,VIP,2024-01-26
CB1048,Aahana Keer,hkhare@example.org,+91 7786603242,Alwar,Regular,2024-06-25
CB1049,Odika Sampath,ijaya35@example.com,+91-9792703352,Gorakhpur,Regular,2024-11-27
CB1050,Naksh Wason,skarnik@example.org,+91-8300081867,Ichalkaranji,Gold,2024-11-29
CB1051,Maanav Sinha,echakrabarti@example.com,+91-0669849027,Panihati,Gold,2025-02-26
CB1052,Yashica Upadhyay,emistry@example.org,+91 9409749930,Tirunelveli,VIP,2023-04-25
CB1053,Pranit Ganguly,simon90@example.net,+91 7150416591,Bhopal,Regular,2023-06-11
CB1054,Ria Setty,bailwishi@example.org,+91-4104967066,Rajahmundry,Gold,2025-01-09
CB1055,Aarna D’Alia,xthakkar@example.com,2686120594,Raebareli,Regular,2024-05-27
CB1056,Upkaar Chanda,chaman15@example.net,+91-7030376371,Gudivada,Gold,2025-06-10
CB1057,Arunima Golla,fswamy@example.com,+91-1256746807,Nizamabad,Silver,2025-05-11
CB1058,Hema Pandya,veda33@example.com,+91 3757584419,Tenali,Silver,2023-06-06
CB1059,Aachal Dara,ayushmanwason@example.org,+91-3052312447,Karnal,Regular,2024-07-06
CB1060,Aarna Reddy,oseshadri@example.com,+91 1809190158,Barasat,VIP,2024-09-05
CB1061,Aryan Maharaj,udantdewan@example.net,6001338908,Lucknow,Gold,2023-01-20
CB1062,Oni Kannan,zmall@example.org,2351161559,Pune,regular,2023-09-03
CB1063,Caleb Sharaf,radhakrishnanfarhan@example.net,+91-3103413164,Bhopal,Regular,2023-03-29
CB1064,Janya Gaba,isha34@example.net,+91-3276483503,Mumbai,Silver,2025-02-17
CB1065,Diya Rattan,dominic39@example.net,+91 7242388496,Surat,Silver,2024-11-06
CB1066,Janaki Kanda,yashodharatak@example.org,+91-6916697848,Nagpur,VIP,2023-09-29
CB1067,Ishwar Yadav,harini14@example.com,+91-8281489325,Udaipur,SILVER,2023-08-05
CB1068,Aadi Naik,,+91 9117182278,Indore,Gold,2024-12-31
CB1069,Alka Wable,ikakar@example.net,,Bhopal,Regular,2024-03-24
CB1070,Thomas Amble,bhargavaveer@example.org,,Delhi,Gold,2023-09-11
CB1071,Niharika Gupta,chatterjeeraagini@example.com,+91-1065133387,Surat,Silver,2023-01-22
CB1072,Pahal Goswami,turvi31@example.com,1326773602,Jaipur,Regular,2024-08-25
CB1073,Aarnav Ramakrishnan,suhani46@example.net,+91-3098050097,Jaipur,Silver,2024-12-25
CB1074,Dakshesh Trivedi,grewalekapad@example.net,9399091699,Lucknow,Regular,2023-03-11
CB1075,Advika Jayaraman,william46@example.org,0799118384,Ahmedabad,VIP,2024-06-10
CB1076,Ikshita Biswas,kalamane@example.org,+91-8084124118,Mumbai,VIP,2023-08-08
CB1077,Anita Manda,hemaljani@example.net,+91 0164005242,Indore,Silver,2023-09-06
CB1078,Prisha Andra,borramanthan@example.net,2620450533,Kota,VIP,2023-04-07
CB1079,Irya Ray,warjasgaba@example.org,+91 6342160733,Indore,VIP,2023-12-29
CB1080,Inaya Mody,udantbajwa@example.net,+91-1458685014,Jaipur,Regular,2025-06-03
CB1081,Alka Barad,sarafhemani@example.net,+91 1693406088,Udaipur,Gold,2023-03-04
CB1082,Januja Sankar,narayanandipta@example.net,6564823662,Pune,Silver,2025-03-30
CB1083,Nidra Acharya,bhavini36@example.net,+91-3872148951,Bhopal,Silver,2023-07-14
CB1084,Dayita Kar,mananbakshi@example.org,7693676320,Ahmedabad,VIP,2024-03-08
CB1085,Pavani Kanda,zarnashetty@example.org,,Bhopal,REGULAR,2023-09-13
CB1086,Nathan Soman,wlad@example.org,+91-4714345581,Surat,Regular,2023-02-21
CB1087,Matthew Kashyap,tdua@example.org,8760366909,Mumbai,VIP,2023-04-06
CB1088,Vansha Ahuja,chanchal66@example.net,+91 6706562729,Pune,VIP,2024-05-12
CB1089,Meera Bala,sanghakrishna@example.com,5375564641,Indore,Regular,2023-03-02
CB1090,Anirudh Zacharia,pallaudarsh@example.net,+91 3092327193,Bhopal,Gold,2024-02-04
CB1091,Aahana Pillay,,+91-9663193149,Udaipur,VIP,2024-03-09
CB1092,Benjamin Palan,eprabhakar@example.net,1657262849,Ahmedabad,Silver,2023-06-08
CB1093,Udyati Sarin,ekantika31@example.com,+91-9650752735,Udaipur,Regular,2023-03-01
CB1094,Harini Mammen,advaith83@example.org,+91 3777014363,Jaipur,Regular,2025-02-04
CB1095,Jyoti Solanki,pavani85@example.com,+91 3135182337,Surat,Silver,2024-08-21
CB1096,Barkha Chaudhry,chamankaran@example.com,+91-2400842710,Delhi,Silver,2023-02-28
CB1097,Upasna Srinivas,loak@example.org,+91-6719022941,Delhi,Silver,2023-03-12
CB1098,Jagat Saha,lajitaseshadri@example.com,9909133412,Nagpur,Silver,2024-02-18
CB1099,Oscar Borde,aarnavrege@example.com,+91-4471349361,Jaipur,Regular,2024-08-15
CB1100,Manthan Lata,ekbalbhasin@example.org,+91-7174648877,Nagpur,Gold,2024-03-05
CB1101,Balveer Sankaran,zashil01@example.org,2787429671,Kota,Gold,2023-09-25
CB1102,Ijaya Rege,ekani12@example.com,+91 8071545168,Indore,silver,2023-09-02
CB1103,Turvi Sachdev,,+91-4824771093,Ahmedabad,VIP,2024-11-18
CB1104,Deepa Atwal,ochander@example.org,4846773782,Jaipur,VIP,2023-11-20
CB1105,Rayaan Trivedi,ekarajmajumdar@example.com,+91-4499727875,Delhi,Regular,2024-09-28
CB1106,Krishna Shah,ranbir39@example.com,7662702895,Surat,Gold,2024-07-04
CB1107,Ria Chaudhry,uaurora@example.org,+91 4596158657,Delhi,Silver,2023-05-16
CB1108,Ekapad Keer,utkarsh16@example.org,+91 0050455623,Mumbai,VIP,2024-01-14
CB1109,Pranit Garde,farhanraja@example.net,+91-3747407482,Udaipur,Gold,2025-05-03
CB1110,Riya Pai,panini47@example.com,+91-3695944064,Surat,Regular,2024-09-18
CB1111,Chandran Taneja,victor95@example.org,+91-1047095214,Ahmedabad,Regular,2024-11-14
CB1112,Ojasvi Gill,kevinzacharia@example.com,4517123685,Ahmedabad,Regular,2025-06-18
CB1113,Megha Atwal,,+91-1370985931,Surat,Silver,2023-04-20
CB1114,Chasmum Rege,deychakradev@example.org,+91 3826758692,Nagpur,Silver,2023-10-06
CB1115,Hardik Suri,cmammen@example.net,+91 3515850643,Pune,Gold,2025-01-04
CB1116,Suhani Chand,anshbedi@example.com,+91 1839335290,Ahmedabad,Regular,2024-06-01
CB1117,Maanav De,owen10@example.org,+91-5024026811,Indore,Gold,2023-04-05
CB1118,Saumya Pathak,sethyahvi@example.org,0076617711,Lucknow,Silver,2023-02-15
CB1119,Manbir Bhatti,anvinair@example.com,+91 6118367365,Mumbai,VIP,2024-10-14
CB1120,Mohini Sagar,munshiprisha@example.com,+91-1111615280,Indore,Regular,2024-07-18
CB1121,Jason Roy,pallavi04@example.net,8327315851,Udaipur,Silver,2023-04-25
CB1122,Upkaar Sanghvi,lokeayush@example.org,0229612018,Lucknow,Silver,2024-07-12
CB1123,Krisha Saini,kom@example.com,1022901476,Jaipur,Gold,2024-03-16
CB1124,Riya Sachdeva,,7840369003,Lucknow,Silver,2024-01-09
CB1125,Siddharth Devan,bimala51@example.org,6838851606,Kota,Regular,2024-11-29
CB1126,Tripti Brahmbhatt,pushti96@example.net,+91-0529751613,Indore,Silver,2023-12-29
CB1127,Nandini Viswanathan,randhawadayita@example.net,1818835523,Mumbai,VIP,2023-08-31
CB1128,Madhav Kunda,oscardua@example.net,9979955271,Udaipur,Gold,2023-01-26
CB1129,Riya Mitter,daksh58@example.org,+91 0541199867,Kota,Silver,2025-03-12
CB1130,Shivani Guha,vamakshi82@example.org,8203778892,Udaipur,Regular,2023-10-01
CB1131,Kashish Mandal,xrege@example.com,1864492519,Bhopal,Silver,2024-01-27
CB1132,Inaya Mukherjee,mdayal@example.net,+91 5281685054,Lucknow,Gold,2023-07-24
CB1133,Tanish Om,ohanda@example.org,8880592962,Pune,Regular,2025-04-20
CB1134,Pratyush Gandhi,abassi@example.com,7383473597,Indore,Gold,2024-11-06
CB1135,Baghyawati Raja,medwin@example.net,5818141247,Ahmedabad,Gold,2023-10-13
CB1136,Rajeshri Chand,shravyapalla@example.org,+91-5361530515,Indore,Gold,2024-10-18
CB1137,Laksh Barad,urmi27@example.com,3289861434,Ahmedabad,Silver,2023-01-29
CB1138,Champak Khare,eshankar@example.org,+91 8932460953,Jaipur,Regular,2024-08-17
CB1139,Rachit Chada,ekansh88@example.net,+91 6540515319,Lucknow,Gold,2024-09-02
CB1140,Kiaan Basu,hamsini27@example.net,+91-7043030548,Surat,Regular,2024-03-22
CB1141,Urvashi Kulkarni,halderbhavika@example.com,+91-5667652775,Pune,Gold,2024-01-30
CB1142,Fitan Samra,sanipranit@example.net,+91-5447962757,Indore,Regular,2023-02-15
CB1143,Ira Saran,dakshesh16@example.com,+91-7021355690,Kota,silver,2024-06-16
CB1144,Shivani Prabhakar,sachi19@example.org,+91 3102786814,Delhi,Gold,2024-01-08
CB1145,Sanaya Kala,vritti31@example.org,+91 1551884422,Kota,Regular,2024-09-30
CB1146,Yashoda Kapur,iyerliam@example.org,+91 9578291146,Surat,Gold,2025-01-07
CB1147,Nirja Rout,dassedhitha@example.net,+91 5289226801,Lucknow,VIP,2024-11-13
CB1148,Daksha Gala,ekantikakar@example.com,+91 8424981829,Surat,Silver,2024-12-14
CB1149,Onveer Nazareth,balakrishnanfinn@example.org,+91 9078447364,Kota,VIP,2023-07-16
CB1150,Elijah Bhasin,riasagar@example.com,+91-2555625881,Mumbai,Gold,2024-11-24
CB1151,Wyatt Shukla,lokeshivani@example.org,+91-6963259532,Jaipur,Gold,2024-02-20
CB1152,Yutika Sibal,fmorar@example.org,3395004797,Indore,Gold,2023-10-21
CB1153,Abhiram Chokshi,qdesai@example.net,+91 6098358416,Bhopal,Silver,2024-04-21
CB1154,Ati Dani,gunbirramesh@example.com,+91 3986800025,Udaipur,silver,2024-06-07
CB1155,Zilmil Shan,yutikadey@example.com,4958887947,Ahmedabad,Gold,2024-11-05
CB1156,Jyoti Narula,sahadarika@example.net,9930972896,Kota,Gold,2023-04-06
CB1157,Xavier Balay,halderanirudh@example.com,3689702838,Mumbai,Regular,2023-08-19
CB1158,Vanya Vora,lmurthy@example.com,9733484344,Bhopal,Regular,2023-02-17
CB1159,Vrinda Nadig,,+91 8665240415,Kota,Silver,2024-04-11
CB1160,Aahana Srinivas,sakshamyohannan@example.com,+91-9330833016,Indore,VIP,2025-01-05
CB1161,Urmi Chaudhry,abduldugar@example.com,5401938026,Mumbai,Regular,2024-02-14
CB1162,Balhaar Ranganathan,vgrewal@example.com,9154788728,Indore,Silver,2025-02-07
CB1163,Anjali Hans,narayanannicholas@example.net,+91-5493296685,Surat,VIP,2023-06-30
CB1164,Nandini Chandran,,+91-3745499045,Pune,Regular,2023-02-21
CB1165,David Dani,kmohanty@example.com,9332727956,Bhopal,Gold,2024-04-12
CB1166,Tejas Kota,vorasanya@example.net,+91 0883982258,Nagpur,VIP,2025-02-12
CB1167,Jackson Jha,gchand@example.com,+91-6790874064,Bhopal,Silver,2025-04-30
CB1168,Tejas Bora,sampathhemangini@example.net,+91 7046226567,Bhopal,Gold,2025-01-31
CB1169,Keya Buch,ijayadani@example.org,0047868633,Kota,Gold,2025-02-08
CB1170,Hiral Dubey,,+91-3119079030,Bhopal,Silver,2025-02-23
CB1171,Reva Kaur,dakshdey@example.net,+91 9953428364,Delhi,Gold,2023-10-09
CB1172,Darsh Gill,dtandon@example.com,+91 6246287334,Lucknow,Gold,2023-08-29
CB1173,Ubika Bhardwaj,jsaha@example.net,3517518304,Mumbai,Silver,2024-07-07
CB1174,Balveer Bora,,+91 3173936385,Udaipur,Silver,2023-08-25
CB1175,Lajita Shukla,darika45@example.net,5355609320,Delhi,VIP,2024-12-24
CB1176,Omisha Merchant,rohannarayan@example.org,+91 8547772522,Surat,VIP,2024-02-22
CB1177,Qarin Bhargava,bordechanakya@example.org,2038750997,Pune,VIP,2024-03-01
CB1178,Amol Ahuja,barora@example.net,+91-8621182339,Udaipur,Regular,2024-02-03
CB1179,Irya Loke,xbrar@example.com,+91-4101666870,Indore,VIP,2025-05-27
CB1180,Onveer Butala,psaraf@example.com,+91 3974014890,Ahmedabad,VIP,2023-01-07
CB1181,Divya Babu,maanasrao@example.org,+91 9685621850,Surat,Silver,2025-05-23
CB1182,Rajeshri Kata,oakmekhala@example.com,3586629619,Ahmedabad,VIP,2024-05-14
CB1183,Yatin Borah,loyalmitesh@example.com,1104754121,Indore,Gold,2024-05-12
CB1184,Raagini Sen,bchauhan@example.org,+91-9560466183,Indore,Silver,2024-11-15
CB1185,Lajita Gara,amrutamitra@example.com,+91 6464715437,Mumbai,Regular,2025-05-10
CB1186,Tanvi Chhabra,dakshaahuja@example.com,+91-7569245937,Nagpur,Regular,2024-02-08
CB1187,Peter Rao,bishakha79@example.org,+91-5193982807,Indore,Silver,2023-03-27
CB1188,Raksha Manne,regexalak@example.org,+91 6617979688,Mumbai,Regular,2025-06-06
CB1189,Balhaar Parsa,choprayuvraj@example.net,+91 9656101438,Lucknow,Silver,2023-09-24
CB1190,Sanaya Prasad,xsheth@example.net,+91 1461125457,Lucknow,VIP,2024-04-10
CB1191,Vasudha Pall,cchatterjee@example.net,+91 0105123828,Ahmedabad,regular,2023-10-12
CB1192,Ganga Sandhu,zkata@example.com,0937966033,Udaipur,Regular,2024-04-26
CB1193,Dev Chaudry,,8596969155,Kota,Regular,2023-12-25
CB1194,Orinder Mishra,desaidhriti@example.org,+91-5286692966,Jaipur,Regular,2025-03-10
CB1195,Vidhi Yogi,ojassuri@example.com,9050723688,Jaipur,Silver,2023-09-11
CB1196,Nilima Swamy,fsawhney@example.org,4043842797,Bhopal,Regular,2023-09-02
CB1197,Ishaan Loyal,benjamin78@example.org,0745171339,Bhopal,Gold,2024-07-31
CB1198,Priya Gandhi,samueljhaveri@example.org,+91 8254494812,Mumbai,Regular,2025-02-24
CB1199,Daniel Malhotra,kevinkrish@example.org,2946671168,Ahmedabad,Regular,2025-03-07
CB1200,Jyoti Sha,lnarang@example.org,8636374545,Ahmedabad,VIP,2024-08-15
CB1201,Vedhika Oza,batrahardik@example.net,+91-7706324241,Pune,Regular,2024-02-11
CB1202,Zashil Butala,,+91-1037129387,Kota,Silver,2024-08-29
CB1203,Abhiram Oza,samikevin@example.com,+91-1155426221,Ahmedabad,Regular,2023-04-15
CB1204,Nitesh Sarraf,tanay26@example.net,+91-2196565234,Jaipur,Gold,2025-03-26
CB1205,Yuvraj Mane,mitrasamesh@example.net,+91 3761379180,Kota,Gold,2024-06-29
CB1206,Edhitha Deo,xsalvi@example.net,+91-9104300684,Kota,gold,2023-03-12
CB1207,Pallavi Ratti,yadavmichael@example.com,+91 3285691463,Bhopal,Regular,2023-01-13
CB1208,Yash Chadha,ddalia@example.net,+91 0202758842,Kota,VIP,2024-03-19
CB1209,Jonathan Luthra,balangautami@example.com,9177850792,Indore,Silver,2024-12-25
CB1210,Nakul Kumer,daliavedant@example.net,+91-0756220863,Kota,Gold,2025-01-21
CB1211,Yuvraj Saha,anika19@example.com,+91-3806174451,Bhopal,VIP,2024-09-22
CB1212,Abhiram Pillay,bishakhamodi@example.net,+91-7383206038,Nagpur,Gold,2024-03-22
CB1213,Aditya Nayak,puridamyanti@example.org,7024103865,Delhi,Gold,2023-11-27
CB1214,Frado Chandran,meeraborde@example.net,4456557431,Bhopal,VIP,2024-04-06
CB1215,Laban Chopra,hiteshgala@example.com,8537474112,Bhopal,Gold,2023-12-11
CB1216,Banjeet Kale,manbir13@example.com,+91 4206788317,Pune,Gold,2023-07-06
CB1217,Logan Dara,bhatiatristan@example.org,+91 9941013721,Lucknow,Gold,2025-03-27
CB1218,Jason Basak,kbedi@example.net,+91-6625324472,Ahmedabad,REGULAR,2024-09-02
CB1219,Yatan Merchant,jsabharwal@example.com,2638380657,Delhi,Silver,2024-06-13
CB1220,Hemangini Thakkar,lipika42@example.org,+91 4078593213,Bhopal,Silver,2025-01-07
CB1221,Amaira Walla,kandalipika@example.com,+91 5590599293,Kota,VIP,2024-12-08
CB1222,Dayamai Gill,fbarad@example.org,8705932525,Delhi,Gold,2024-04-03
CB1223,Anthony Divan,indrajitvora@example.com,+91 1545226752,Udaipur,Silver,2023-08-15
CB1224,Udant Gill,umohanty@example.net,+91-9690295939,Nagpur,Gold,2023-11-10
CB1225,Watika Dhaliwal,faras35@example.com,+91-0433154100,Surat,Gold,2024-04-29
CB1226,Raksha Saini,odikatailor@example.com,+91-7932710405,Surat,Gold,2024-03-11
CB1227,Henry Borah,onkar62@example.net,+91-9970629620,Bhopal,Gold,2023-12-27
CB1228,Garima Jha,nimratzachariah@example.com,+91 0698720506,Pune,REGULAR,2023-11-10
CB1229,Chaitaly Srinivasan,gunbirbal@example.org,1467741862,Lucknow,Regular,2025-01-08
CB1230,Lakshmi Pingle,sanayabasu@example.com,+91-4902115869,Udaipur,Silver,2025-01-30
CB1231,Darsh Ram,rwason@example.com,,Udaipur,VIP,2023-07-16
CB1232,Oliver Kakar,jonathanbasak@example.com,+91-9451168685,Nagpur,Gold,2023-10-11
CB1233,Zinal Shanker,virkoni@example.org,9911914856,Ahmedabad,Silver,2023-04-13
CB1234,Leela Sunder,lbarad@example.com,6065307450,Ahmedabad,Regular,2024-01-05
CB1235,Chavvi Mukhopadhyay,vyanjana13@example.org,+91-6913736785,Mumbai,Gold,2024-12-26
CB1236,Yutika Dutt,mukhopadhyayyashawini@example.com,2330307053,Surat,Gold,2023-02-16
CB1237,Jyoti Shetty,rdasgupta@example.org,7279855241,Kota,VIP,2024-12-15
CB1238,Ayaan Raju,gabatanish@example.org,8007229034,Nagpur,Gold,2023-04-16
CB1239,Anvi Sampath,dpalla@example.com,+91 9691085899,Bhopal,Gold,2024-04-25
CB1240,Chanchal Chokshi,vbhatt@example.com,3283096520,Ahmedabad,VIP,2023-07-08
CB1241,Chakrika Lad,yravel@example.net,5387584282,Indore,VIP,2023-04-27
CB1242,Gunbir Sinha,aarnagoswami@example.net,+91-3465549471,Kota,Regular,2023-03-17
CB1243,Chatresh Bobal,ghayer@example.org,0223569725,Nagpur,Gold,2023-06-05
CB1244,Faris Sura,peter50@example.org,,Delhi,VIP,2023-03-29
CB1245,Leela Agrawal,,+91-3003354216,Nagpur,Silver,2024-09-12
CB1246,Oliver Bhattacharyya,misrabina@example.com,+91-7532603323,Indore,VIP,2025-03-05
CB1247,Yamini Gara,peribaljiwan@example.com,+91 9010016761,Nagpur,VIP,2024-03-29
CB1248,Urvi Dua,adityamitra@example.com,+91-9261891411,Nagpur,Regular,2023-11-09
CB1249,Rushil Iyengar,saksham56@example.com,+91-3753001197,Delhi,Silver,2024-09-16
CB1250,Gautam Vaidya,chaudhuriaahana@example.net,7012045561,Ahmedabad,Regular,2024-10-02
CB1251,Chakradev Andra,onkarnarasimhan@example.com,5521667467,Mumbai,REGULAR,2023-06-10
CB1252,Ojas Chowdhury,danieldutta@example.org,7296590277,Indore,VIP,2023-06-10
CB1253,Nisha Sastry,bhatnagaradvika@example.net,+91-9358891637,Bhopal,Gold,2024-12-06
CB1254,Lekha Dixit,aptenaksh@example.net,7535408386,Ahmedabad,Gold,2023-02-03
CB1255,Wahab Brar,zsawhney@example.net,+91 5170166088,Delhi,Silver,2024-12-20
CB1256,Gavin Modi,tanmayiom@example.com,+91-8997571130,Nagpur,Silver,2023-09-28
CB1257,Isha Manne,,9331637351,Surat,Silver,2024-03-11
CB1258,Chakradhar Dasgupta,qshankar@example.net,0869782922,Ahmedabad,Silver,2024-10-25
CB1259,Lila Nagy,msahota@example.net,4722698485,Mumbai,Gold,2023-03-15
CB1260,Sai Kadakia,hemani22@example.net,+91-7996846081,Nagpur,Gold,2024-09-01
CB1261,Lakshmi Dhillon,bhallaryan@example.com,0438057198,Bhopal,Gold,2024-03-25
CB1262,Lopa Khanna,champak66@example.com,+91 4397359893,Ahmedabad,VIP,2024-12-17
CB1263,Chaitaly Sen,falangrover@example.org,4842294057,Nagpur,Regular,2024-03-24
CB1264,Balveer Dube,charan94@example.com,+91-3281826886,Lucknow,Gold,2024-03-18
CB1265,Ikshita Kant,garimanarula@example.com,7801573993,Pune,Regular,2023-01-27
CB1266,Ekani Raj,rajuaahana@example.net,+91-8877043581,Ahmedabad,Regular,2025-02-22
CB1267,Oliver Yogi,bhattishivansh@example.net,,Bhopal,VIP,2025-02-20
CB1268,Pranav Krishnamurthy,,,Nagpur,VIP,2023-10-12
CB1269,Ishita Thakkar,manncharvi@example.net,+91 6072832684,Delhi,VIP,2024-10-12
CB1270,Chanchal Prakash,,+91 8814353682,Lucknow,Gold,2023-12-23
CB1271,Qarin Kant,rishi12@example.net,1414139755,Mumbai,Gold,2024-11-17
CB1272,Wahab Chaudhry,ekaraj35@example.com,+91-9299556205,Bhopal,Gold,2024-02-26
CB1273,Timothy Sarin,jagvi25@example.com,+91 7812914283,Surat,Regular,2024-11-09
CB1274,Faraj Borra,tripathiazaan@example.net,8488725639,Lucknow,Gold,2024-04-10
CB1275,Krish Shetty,,8272299275,Indore,Regular,2023-11-28
CB1276,Theodore Sura,devlalla@example.com,+91-5677005184,Bhopal,VIP,2024-11-04
CB1277,Owen Puri,lpau@example.net,3865577908,Surat,Gold,2023-02-25
CB1278,Ria Gandhi,farajvarkey@example.net,+91 2591365177,Kota,VIP,2024-09-29
CB1279,Shivansh Edwin,pbains@example.org,2809202428,Pune,gold,2025-02-17
CB1280,Anirudh Mander,kalitasaumya@example.net,6929298425,Ahmedabad,VIP,2024-07-16
CB1281,Ekapad Karpe,irajan@example.org,+91 6291279908,Delhi,Regular,2024-12-16
CB1282,Girik Subramaniam,aaravsankar@example.net,+91-6376599162,Pune,Silver,2024-10-07
CB1283,Vansha Kaul,mandernilima@example.com,+91-8180635651,Jaipur,vip,2023-11-15
CB1284,Pooja Kulkarni,pallavi95@example.net,8872588744,Delhi,VIP,2023-04-06
CB1285,Mitali Devi,karpesanya@example.net,+91-6589026012,Mumbai,VIP,2023-05-01
CB1286,Radhika Chakrabarti,lalltristan@example.com,+91 6984902770,Surat,Gold,2025-01-03
CB1287,Zarna Mangal,bahadurjituppal@example.net,+91 5302146566,Bhopal,Silver,2024-03-01
CB1288,Zarna Aurora,chanabhavani@example.net,+91-9376904268,Mumbai,VIP,2024-04-12
CB1289,Elijah Thakur,harini18@example.com,+91-7357790714,Surat,Silver,2023-07-15
CB1290,Lavanya Kannan,diyasachar@example.com,1651827553,Ahmedabad,VIP,2025-06-03
CB1291,Qadim Gupta,piyengar@example.net,+91-3395211179,Ahmedabad,Regular,2023-12-15
CB1292,Brijesh Subramaniam,divya79@example.com,+91-6392086780,Ahmedabad,VIP,2023-10-17
CB1293,Meera Ghosh,sdara@example.net,3691559428,Bhopal,VIP,2025-06-05
CB1294,Warjas Luthra,xoza@example.org,+91 5564729293,Surat,VIP,2023-12-20
CB1295,Anamika Keer,mraj@example.org,+91 6728857448,Pune,Silver,2024-04-11
CB1296,Mitali Chaudhary,darpankale@example.com,+91 4558845061,Pune,VIP,2024-08-08
CB1297,Rushil Yohannan,bhavanipant@example.com,+91 9472256996,Udaipur,VIP,2023-02-14
CB1298,Fariq Edwin,vedant55@example.net,+91 4759876220,Indore,Silver,2024-12-23
CB1299,Wahab Krishnamurthy,kadeojas@example.com,8006811492,Mumbai,Gold,2024-05-22
CB1300,Madhavi More,yugmander@example.com,0055778487,Bhopal,Regular,2025-06-09
CB1301,Peter Shan,oviswanathan@example.net,+91 3174564240,Jaipur,Silver,2024-06-22
CB1302,Laban Padmanabhan,upasna80@example.net,+91-6493085368,Mumbai,Regular,2024-02-24
CB1303,Megha Krish,madhaviradhakrishnan@example.org,+91 8944846312,Lucknow,VIP,2024-04-25
CB1304,Bimala Choudhry,rsethi@example.net,2080214427,Lucknow,VIP,2024-10-27
CB1305,Viraj Chana,alexandertak@example.org,+91-5705120461,Udaipur,VIP,2023-11-21
CB1306,Pratyush Handa,lakshmi01@example.net,+91-0371837645,Jaipur,Regular,2025-06-12
CB1307,Brijesh Verma,kulkarnivasana@example.net,+91-3136502491,Kota,Gold,2023-08-29
CB1308,Xavier Andra,somanmohammed@example.com,+91-1950052812,Delhi,VIP,2023-08-21
CB1309,Viraj Nadig,reva30@example.net,+91-0778487392,Udaipur,Regular,2023-04-11
CB1310,Ekiya Sidhu,naveen18@example.org,5708620959,Udaipur,Gold,2024-03-30
CB1311,Ekani Bhatnagar,hgupta@example.net,4565118102,Lucknow,Regular,2023-01-30
CB1312,Azad Jaggi,sunderrehaan@example.org,+91 8994053910,Lucknow,VIP,2023-10-28
CB1313,Vyanjana Buch,xbhat@example.net,4801413811,Surat,VIP,2023-05-30
CB1314,Lekha Gupta,yuvrajgola@example.net,+91-7612286852,Mumbai,Silver,2024-08-02
CB1315,Indira Murty,kamya66@example.net,8368457760,Nagpur,VIP,2023-06-29
CB1316,Bhavani Babu,chasmumahuja@example.com,+91-4888992107,Pune,VIP,2024-09-26
CB1317,Nachiket Devi,jeevika93@example.org,6931572791,Pune,VIP,2024-08-20
CB1318,Baljiwan Raj,bhallagaurika@example.com,+91 9060480589,Bhopal,Gold,2024-10-15
CB1319,Eta Thakkar,michaelbedi@example.net,,Bhopal,Gold,2024-11-13
CB1320,Chandran Rastogi,frederick68@example.com,+91-3769389833,Mumbai,Regular,2024-11-24
CB1321,Amaira Sani,gaurav16@example.com,+91 5904259792,Nagpur,Gold,2024-03-28
CB1322,Chaitanya Kaur,kashvidugal@example.net,+91 9240514770,Udaipur,Gold,2024-10-16
CB1323,Shaurya Yogi,samarvirk@example.com,+91 6980420439,Pune,VIP,2024-04-12
CB1324,Chatresh Shroff,bhavsarlipika@example.net,+91 4636815798,Delhi,Silver,2025-05-23
CB1325,Quincy Issac,cbains@example.org,+91-2055543840,Lucknow,Gold,2024-01-26
CB1326,Lila Balan,umang25@example.com,+91 9363926495,Jaipur,VIP,2024-12-17
CB1327,Karan Jhaveri,samakshdevi@example.com,2518812520,Nagpur,Regular,2023-10-09
CB1328,Odika Sabharwal,saanvi42@example.org,+91-9949993933,Bhopal,Gold,2024-09-12
CB1329,Jagrati Buch,gdesai@example.net,7722330604,Nagpur,Gold,2025-03-05
CB1330,Tristan Jain,dominicgoel@example.com,+91-6609656999,Pune,Gold,2023-08-13
CB1331,Ikbal Seth,pbasak@example.net,,Kota,Silver,2024-11-25
CB1332,Chaitaly Bhagat,ubikaseth@example.org,2665702793,Kota,Regular,2024-10-05
CB1333,Gautam Krishna,nihal11@example.org,+91 6892686025,Jaipur,Gold,2023-11-13
CB1334,Nicholas Dhillon,charansaini@example.com,1230940777,Delhi,Gold,2025-01-19
CB1335,Wakeeta Khanna,vamakshisetty@example.com,+91-0384983022,Indore,Silver,2023-12-01
CB1336,Ikshita Bansal,bachittarmisra@example.com,2249998279,Surat,Gold,2023-07-25
CB1337,Balendra Chander,ekantika56@example.org,+91-7214586833,Ahmedabad,Silver,2024-06-27
CB1338,Ikbal Wadhwa,sulebhavna@example.com,+91 9529978772,Ahmedabad,Gold,2023-09-21
CB1339,Bina Hari,daniarjun@example.com,6055830344,Bhopal,Regular,2025-04-03
CB1340,Darika Mital,,2355770272,Kota,VIP,2023-05-25
CB1341,Gautami Shere,hbhalla@example.com,+91-3955124056,Lucknow,Regular,2025-05-16
CB1342,Lopa Grover,morardivya@example.net,+91 7357438421,Jaipur,Gold,2025-03-20
CB1343,Baljiwan Jaggi,sawhneyyashawini@example.org,5784521823,Bhopal,Gold,2024-07-03
CB1344,Tripti Ram,agrawaldeepa@example.org,+91-1840943533,Kota,Gold,2024-11-19
CB1345,Aradhana Walia,ridhi14@example.org,+91 9881385854,Kota,gold,2024-08-21
CB1346,Bhanumati Konda,ekavirmukhopadhyay@example.net,+91-2070160166,Pune,VIP,2023-04-21
CB1347,Sanaya Parekh,gaurangi38@example.org,+91-7174773329,Surat,Gold,2023-01-26
CB1348,Januja Ramanathan,ganganair@example.com,1577245992,Kota,Regular,2024-09-16
CB1349,Nidra Chhabra,ekavir48@example.com,+91 9382761539,Udaipur,Gold,2024-10-12
CB1350,Radhika Oommen,oscarbrahmbhatt@example.net,+91 7581724619,Delhi,Silver,2024-10-26
CB1063,Caleb Sharaf,radhakrishnanfarhan@example.net,+91-3103413164,Bhopal,Regular,2023-03-29
CB1128,Madhav Kunda,oscardua@example.net,9979955271,Udaipur,Gold,2023-01-26
