AddressID,AddressLine1,City,StateProvince,PostalCode,username,email,age,subscription,raw_timestamp
1,1825 Street 13,Delhi,Delhi,877572,user1,user1@example.com,24,Premium,2025-01-01 09:00:00
2,2287 Street 53,Delhi,Delhi,809570,user2,user2@example.com,39,Standard,2025-01-01 10:00:00
3,1425 Street 217,Delhi,Delhi,133326,user3,user3@example.com,16,Premium,2025-01-01 11:00:00
4,3812 Street 259,Delhi,Delhi,731262,user4,user4@example.com,16,Basic,2025-01-01 12:00:00
5,8929 Street 215,Delhi,Delhi,331148,user5,user5@example.com,30,Basic,2025-01-01 13:00:00
6,107 Street 82,Delhi,Delhi,832052,user6,user6@example.com,29,Premium,2025-01-01 14:00:00
7,2548 Street 111,Delhi,Delhi,900581,user7,user7@example.com,26,Premium,2025-01-01 15:00:00
8,6225 Street 50,Delhi,Delhi,476417,user8,user8@example.com,43,Premium,2025-01-01 16:00:00
9,4334 Street 23,Delhi,Delhi,865179,user9,user9@example.com,30,Basic,2025-01-01 17:00:00
10,6202 Street 41,Delhi,Delhi,678856,user10,user10@example.com,25,Standard,2025-01-01 18:00:00
11,5926 Street 296,Delhi,Delhi,301629,user11,user11@example.com,38,Premium,2025-01-01 19:00:00
12,3734 Street 149,Delhi,Delhi,183667,user12,user12@example.com,43,Premium,2025-01-01 20:00:00
13,1655 Street 195,Delhi,Delhi,391476,user13,user13@example.com,30,Basic,2025-01-01 21:00:00
14,5978 Street 84,Delhi,Delhi,488162,user14,user14@example.com,27,Premium,2025-01-01 22:00:00
15,4375 Street 37,Delhi,Delhi,738720,user15,user15@example.com,36,Premium,2025-01-01 23:00:00
16,4011 Street 84,Delhi,Delhi,584714,user16,user16@example.com,28,Premium,2025-01-02 00:00:00
17,9126 Street 113,Delhi,Delhi,817870,user17,user17@example.com,26,Standard,2025-01-02 01:00:00
18,917 Street 118,Delhi,Delhi,961722,user18,user18@example.com,17,Standard,2025-01-02 02:00:00
19,6573 Street 138,Delhi,Delhi,169403,user19,user19@example.com,22,Standard,2025-01-02 03:00:00
20,9293 Street 162,Delhi,Delhi,322955,user20,user20@example.com,36,Basic,2025-01-02 04:00:00
21,7518 Street 74,Delhi,Delhi,377746,user21,user21@example.com,20,Premium,2025-01-02 05:00:00
22,9198 Street 276,Delhi,Delhi,375504,user22,user22@example.com,39,Basic,2025-01-02 06:00:00
23,9561 Street 205,Delhi,Delhi,479580,user23,user23@example.com,23,Standard,2025-01-02 07:00:00
24,2267 Street 261,Delhi,Delhi,617488,user24,user24@example.com,18,Standard,2025-01-02 08:00:00
25,1797 Street 79,Delhi,Delhi,757924,user25,user25@example.com,21,Standard,2025-01-02 09:00:00
26,6917 Street 33,Delhi,Delhi,503457,user26,user26@example.com,28,Basic,2025-01-02 10:00:00
27,7669 Street 271,Delhi,Delhi,363626,user27,user27@example.com,33,Standard,2025-01-02 11:00:00
28,189 Street 59,Delhi,Delhi,814825,user28,user28@example.com,44,Basic,2025-01-02 12:00:00
29,4372 Street 175,Delhi,Delhi,216970,user29,user29@example.com,25,Premium,2025-01-02 13:00:00
30,7434 Street 2,Delhi,Delhi,857168,user30,user30@example.com,44,Basic,2025-01-02 14:00:00
31,8202 Street 92,Delhi,Delhi,632342,user31,user31@example.com,45,Premium,2025-01-02 15:00:00
32,4890 Street 260,Delhi,Delhi,738551,user32,user32@example.com,22,Premium,2025-01-02 16:00:00
33,2647 Street 277,Delhi,Delhi,916449,user33,user33@example.com,45,Basic,2025-01-02 17:00:00
34,10 Street 166,Delhi,Delhi,612340,user34,user34@example.com,16,Premium,2025-01-02 18:00:00
35,5948 Street 158,Delhi,Delhi,351083,user35,user35@example.com,17,Premium,2025-01-02 19:00:00
36,9296 Street 41,Delhi,Delhi,189814,user36,user36@example.com,39,Basic,2025-01-02 20:00:00
37,1134 Street 273,Delhi,Delhi,903035,user37,user37@example.com,20,Premium,2025-01-02 21:00:00
38,7788 Street 282,Delhi,Delhi,273148,user38,user38@example.com,24,Basic,2025-01-02 22:00:00
39,9939 Street 217,Delhi,Delhi,322086,user39,user39@example.com,45,Basic,2025-01-02 23:00:00
40,3296 Street 160,Delhi,Delhi,518373,user40,,37,Basic,2025-01-03 00:00:00
41,7178 Street 265,Delhi,Delhi,573417,user41,user41@example.com,19,Premium,2025-01-03 01:00:00
42,1050 Street 174,Delhi,Delhi,122056,user42,user42@example.com,34,Basic,2025-01-03 02:00:00
43,9642 Street 113,Delhi,Delhi,107540,user43,user43@example.com,18,Basic,2025-01-03 03:00:00
44,965 Street 118,Delhi,Delhi,170674,user44,user44@example.com,44,Premium,2025-01-03 04:00:00
45,5414 Street 37,Delhi,Delhi,639131,user45,user45@example.com,23,Premium,2025-01-03 05:00:00
46,7954 Street 110,Delhi,Delhi,665427,user46,user46@example.com,20,Basic,2025-01-03 06:00:00
47,9356 Street 296,Delhi,Delhi,595631,user47,user47@example.com,23,Standard,2025-01-03 07:00:00
48,6670 Street 98,Delhi,Delhi,198907,user48,user48@example.com,19,Basic,2025-01-03 08:00:00
49,5805 Street 217,Delhi,Delhi,531071,user49,user49@example.com,30,Standard,2025-01-03 09:00:00
50,888 Street 51,Delhi,Delhi,163556,user50,user50@example.com,28,Basic,2025-01-03 10:00:00
51,1791 Street 128,Delhi,Delhi,300896,user51,user51@example.com,22,Basic,2025-01-03 11:00:00
52,2297 Street 217,Delhi,Delhi,292401,user52,user52@example.com,24,Basic,2025-01-03 12:00:00
53,1236 Street 227,Delhi,Delhi,947272,user53,user53@example.com,43,Standard,2025-01-03 13:00:00
54,1605 Street 26,Delhi,Delhi,783823,user54,user54@example.com,33,Standard,2025-01-03 14:00:00
55,1529 Street 122,Delhi,Delhi,274389,,user55@example.com,29,Basic,2025-01-03 15:00:00
56,3503 Street 206,Delhi,Delhi,161483,user56,user56@example.com,21,Premium,2025-01-03 16:00:00
57,6397 Street 136,Delhi,Delhi,922157,user57,user57@example.com,41,Basic,2025-01-03 17:00:00
58,6931 Street 285,Delhi,Delhi,794022,user58,user58@example.com,38,Basic,2025-01-03 18:00:00
59,3112 Street 152,Delhi,Delhi,328275,user59,user59@example.com,17,Basic,2025-01-03 19:00:00
60,8884 Street 32,Delhi,Delhi,884309,user60,user60@example.com,26,Premium,2025-01-03 20:00:00
61,9572 Street 245,Delhi,Delhi,627276,user61,user61@example.com,45,Standard,2025-01-03 21:00:00
62,2580 Street 30,Delhi,Delhi,632496,user62,user62@example.com,18,Standard,2025-01-03 22:00:00
63,1123 Street 35,Delhi,Delhi,808011,user63,user63@example.com,43,Premium,2025-01-03 23:00:00
64,1965 Street 292,Delhi,Delhi,358175,user64,user64@example.com,34,Basic,2025-01-04 00:00:00
65,1344 Street 215,Delhi,Delhi,789305,user65,user65@example.com,34,Basic,2025-01-04 01:00:00
66,5184 Street 134,Delhi,Delhi,314181,user66,user66@example.com,37,Basic,2025-01-04 02:00:00
67,3911 Street 136,Delhi,Delhi,515011,user67,user67@example.com,20,Basic,2025-01-04 03:00:00
68,4916 Street 235,Delhi,Delhi,431535,user68,user68@example.com,45,Standard,2025-01-04 04:00:00
69,1189 Street 5,Delhi,Delhi,580547,user69,user69@example.com,35,Standard,2025-01-04 05:00:00
70,1639 Street 38,Delhi,Delhi,663750,user70,user70@example.com,22,Basic,2025-01-04 06:00:00
71,2171 Street 179,Delhi,Delhi,172132,user71,user71@example.com,44,Premium,2025-01-04 07:00:00
72,4670 Street 81,Delhi,Delhi,559469,user72,user72@example.com,42,Basic,2025-01-04 08:00:00
73,4957 Street 271,Delhi,Delhi,108203,user73,user73@example.com,37,Standard,2025-01-04 09:00:00
74,4906 Street 54,Delhi,Delhi,240814,user74,user74@example.com,24,Premium,2025-01-04 10:00:00
75,1754 Street 284,Delhi,Delhi,262998,user75,user75@example.com,24,Premium,2025-01-04 11:00:00
76,3451 Street 176,Delhi,Delhi,313487,user76,user76@example.com,37,Basic,2025-01-04 12:00:00
77,4326 Street 259,Delhi,Delhi,612262,user77,user77@example.com,24,Standard,2025-01-04 13:00:00
78,833 Street 48,Delhi,Delhi,765095,user78,user78@example.com,29,Standard,2025-01-04 14:00:00
79,723 Street 2,Delhi,Delhi,449759,user79,user79@example.com,40,Premium,2025-01-04 15:00:00
80,4292 Street 83,Delhi,Delhi,877236,user80,,30,Basic,2025-01-04 16:00:00
81,7008 Street 288,Delhi,Delhi,110139,user81,user81@example.com,19,Premium,2025-01-04 17:00:00
82,2443 Street 280,Delhi,Delhi,137778,user82,user82@example.com,42,Premium,2025-01-04 18:00:00
83,9053 Street 76,Delhi,Delhi,550664,user83,user83@example.com,20,Premium,2025-01-04 19:00:00
84,5975 Street 21,Delhi,Delhi,475190,user84,user84@example.com,22,Basic,2025-01-04 20:00:00
85,1685 Street 182,Delhi,Delhi,918011,user85,user85@example.com,33,Standard,2025-01-04 21:00:00
86,6659 Street 80,Delhi,Delhi,348237,user86,user86@example.com,43,Premium,2025-01-04 22:00:00
87,2901 Street 212,Delhi,Delhi,125990,user87,user87@example.com,21,Basic,2025-01-04 23:00:00
88,5443 Street 211,Delhi,Delhi,941204,user88,user88@example.com,37,Standard,2025-01-05 00:00:00
89,4066 Street 137,Delhi,Delhi,266931,user89,user89@example.com,41,Basic,2025-01-05 01:00:00
90,6268 Street 20,Delhi,Delhi,593554,user90,user90@example.com,23,Premium,2025-01-05 02:00:00
91,7542 Street 180,Delhi,Delhi,420015,user91,user91@example.com,42,Standard,2025-01-05 03:00:00
92,3729 Street 115,Delhi,Delhi,124813,user92,user92@example.com,37,Premium,2025-01-05 04:00:00
93,5379 Street 143,Delhi,Delhi,172792,user93,user93@example.com,40,Premium,2025-01-05 05:00:00
94,8347 Street 205,Delhi,Delhi,812526,user94,user94@example.com,42,Basic,2025-01-05 06:00:00
95,453 Street 60,Delhi,Delhi,373903,user95,user95@example.com,21,Basic,2025-01-05 07:00:00
96,4350 Street 20,Delhi,Delhi,213668,user96,user96@example.com,35,Premium,2025-01-05 08:00:00
97,5140 Street 224,Delhi,Delhi,735656,user97,user97@example.com,32,Premium,2025-01-05 09:00:00
98,9447 Street 98,Delhi,Delhi,367095,user98,user98@example.com,17,Basic,2025-01-05 10:00:00
99,28 Street 267,Delhi,Delhi,945687,user99,user99@example.com,33,Basic,2025-01-05 11:00:00
100,3229 Street 187,Delhi,Delhi,552248,user100,user100@example.com,18,Standard,2025-01-05 12:00:00
101,5410 Street 161,Delhi,Delhi,795612,user101,user101@example.com,43,Premium,2025-01-05 13:00:00
102,4921 Street 260,Delhi,Delhi,424308,user102,user102@example.com,37,Premium,2025-01-05 14:00:00
103,6593 Street 152,Delhi,Delhi,681343,user103,user103@example.com,20,Premium,2025-01-05 15:00:00
104,6212 Street 90,Delhi,Delhi,745414,user104,user104@example.com,34,Premium,2025-01-05 16:00:00
105,8978 Street 1,Delhi,Delhi,418635,user105,user105@example.com,25,Premium,2025-01-05 17:00:00
106,9503 Street 165,Delhi,Delhi,587575,user106,user106@example.com,30,Premium,2025-01-05 18:00:00
107,3502 Street 262,Delhi,Delhi,596171,user107,user107@example.com,41,Standard,2025-01-05 19:00:00
108,2781 Street 44,Delhi,Delhi,397571,user108,user108@example.com,32,Basic,2025-01-05 20:00:00
109,5492 Street 48,Delhi,Delhi,958179,user109,user109@example.com,40,Premium,2025-01-05 21:00:00
110,5086 Street 116,Delhi,Delhi,945742,,user110@example.com,22,Premium,2025-01-05 22:00:00
111,758 Street 126,Delhi,Delhi,598216,user111,user111@example.com,35,Standard,2025-01-05 23:00:00
112,1194 Street 234,Delhi,Delhi,534572,user112,user112@example.com,44,Basic,2025-01-06 00:00:00
113,3186 Street 197,Delhi,Delhi,618392,user113,user113@example.com,28,Premium,2025-01-06 01:00:00
114,91 Street 55,Delhi,Delhi,916232,user114,user114@example.com,29,Premium,2025-01-06 02:00:00
115,8487 Street 238,Delhi,Delhi,152657,user115,user115@example.com,33,Premium,2025-01-06 03:00:00
116,1989 Street 234,Delhi,Delhi,239816,user116,user116@example.com,41,Basic,2025-01-06 04:00:00
117,8703 Street 287,Delhi,Delhi,724377,user117,user117@example.com,26,Standard,2025-01-06 05:00:00
118,7252 Street 259,Delhi,Delhi,547470,user118,user118@example.com,42,Standard,2025-01-06 06:00:00
119,7306 Street 82,Delhi,Delhi,879779,user119,user119@example.com,43,Basic,2025-01-06 07:00:00
120,4247 Street 127,Delhi,Delhi,980660,user120,,36,Premium,2025-01-06 08:00:00
121,8541 Street 249,Delhi,Delhi,757193,user121,user121@example.com,23,Premium,2025-01-06 09:00:00
122,1270 Street 147,Delhi,Delhi,345884,user122,user122@example.com,24,Premium,2025-01-06 10:00:00
123,8850 Street 42,Delhi,Delhi,245095,user123,user123@example.com,20,Premium,2025-01-06 11:00:00
124,2504 Street 110,Delhi,Delhi,167348,user124,user124@example.com,29,Premium,2025-01-06 12:00:00
125,8891 Street 239,Delhi,Delhi,535970,user125,user125@example.com,17,Premium,2025-01-06 13:00:00
126,6884 Street 200,Delhi,Delhi,907189,user126,user126@example.com,34,Standard,2025-01-06 14:00:00
127,321 Street 295,Delhi,Delhi,498858,user127,user127@example.com,31,Premium,2025-01-06 15:00:00
128,5764 Street 153,Delhi,Delhi,890075,user128,user128@example.com,28,Standard,2025-01-06 16:00:00
129,6866 Street 276,Delhi,Delhi,883826,user129,user129@example.com,39,Basic,2025-01-06 17:00:00
130,9884 Street 113,Delhi,Delhi,611945,user130,user130@example.com,23,Premium,2025-01-06 18:00:00
131,7957 Street 15,Delhi,Delhi,507746,user131,user131@example.com,26,Basic,2025-01-06 19:00:00
132,6625 Street 85,Delhi,Delhi,981334,user132,user132@example.com,30,Standard,2025-01-06 20:00:00
133,8752 Street 14,Delhi,Delhi,513160,user133,user133@example.com,34,Basic,2025-01-06 21:00:00
134,445 Street 43,Delhi,Delhi,773971,user134,user134@example.com,29,Premium,2025-01-06 22:00:00
135,7565 Street 94,Delhi,Delhi,152727,user135,user135@example.com,24,Premium,2025-01-06 23:00:00
136,3468 Street 233,Delhi,Delhi,442722,user136,user136@example.com,26,Standard,2025-01-07 00:00:00
137,6212 Street 143,Delhi,Delhi,888539,user137,user137@example.com,42,Premium,2025-01-07 01:00:00
138,1342 Street 241,Delhi,Delhi,120324,user138,user138@example.com,39,Basic,2025-01-07 02:00:00
139,5734 Street 115,Delhi,Delhi,781725,user139,user139@example.com,18,Standard,2025-01-07 03:00:00
140,660 Street 16,Delhi,Delhi,359295,user140,user140@example.com,22,Standard,2025-01-07 04:00:00
141,2497 Street 123,Delhi,Delhi,232352,user141,user141@example.com,31,Basic,2025-01-07 05:00:00
142,9241 Street 112,Delhi,Delhi,587623,user142,user142@example.com,38,Premium,2025-01-07 06:00:00
143,6044 Street 86,Delhi,Delhi,735324,user143,user143@example.com,35,Standard,2025-01-07 07:00:00
144,1877 Street 84,Delhi,Delhi,426147,user144,user144@example.com,19,Basic,2025-01-07 08:00:00
145,5112 Street 295,Delhi,Delhi,810250,user145,user145@example.com,45,Standard,2025-01-07 09:00:00
146,6499 Street 102,Delhi,Delhi,179688,user146,user146@example.com,34,Basic,2025-01-07 10:00:00
147,3979 Street 53,Delhi,Delhi,831059,user147,user147@example.com,40,Premium,2025-01-07 11:00:00
148,9838 Street 62,Delhi,Delhi,934904,user148,user148@example.com,34,Standard,2025-01-07 12:00:00
149,5689 Street 273,Delhi,Delhi,549186,user149,user149@example.com,37,Premium,2025-01-07 13:00:00
150,8290 Street 175,Delhi,Delhi,113266,user150,user150@example.com,43,Premium,2025-01-07 14:00:00
151,8032 Street 55,Delhi,Delhi,554582,user151,user151@example.com,27,Basic,2025-01-07 15:00:00
152,7533 Street 79,Delhi,Delhi,556641,user152,user152@example.com,21,Basic,2025-01-07 16:00:00
153,4426 Street 276,Delhi,Delhi,912270,user153,user153@example.com,31,Basic,2025-01-07 17:00:00
154,9708 Street 138,Delhi,Delhi,437960,user154,user154@example.com,43,Premium,2025-01-07 18:00:00
155,1420 Street 143,Delhi,Delhi,572700,user155,user155@example.com,23,Standard,2025-01-07 19:00:00
156,9337 Street 195,Delhi,Delhi,452737,user156,user156@example.com,16,Basic,2025-01-07 20:00:00
157,5326 Street 94,Delhi,Delhi,611233,user157,user157@example.com,22,Premium,2025-01-07 21:00:00
158,4233 Street 175,Delhi,Delhi,393243,user158,user158@example.com,44,Basic,2025-01-07 22:00:00
159,4527 Street 285,Delhi,Delhi,110644,user159,user159@example.com,32,Standard,2025-01-07 23:00:00
160,1403 Street 124,Delhi,Delhi,855053,user160,,29,Basic,2025-01-08 00:00:00
161,3938 Street 244,Delhi,Delhi,777278,user161,user161@example.com,38,Basic,2025-01-08 01:00:00
162,283 Street 48,Delhi,Delhi,408528,user162,user162@example.com,23,Premium,2025-01-08 02:00:00
163,3987 Street 157,Delhi,Delhi,796212,user163,user163@example.com,34,Premium,2025-01-08 03:00:00
164,9069 Street 272,Delhi,Delhi,460455,user164,user164@example.com,29,Standard,2025-01-08 04:00:00
165,9018 Street 170,Delhi,Delhi,468900,,user165@example.com,38,Basic,2025-01-08 05:00:00
166,5024 Street 129,Delhi,Delhi,341736,user166,user166@example.com,19,Basic,2025-01-08 06:00:00
167,5170 Street 62,Delhi,Delhi,878967,user167,user167@example.com,33,Standard,2025-01-08 07:00:00
168,3034 Street 99,Delhi,Delhi,326895,user168,user168@example.com,39,Basic,2025-01-08 08:00:00
169,9660 Street 269,Delhi,Delhi,725780,user169,user169@example.com,25,Standard,2025-01-08 09:00:00
170,3181 Street 152,Delhi,Delhi,338533,user170,user170@example.com,27,Premium,2025-01-08 10:00:00
171,232 Street 274,Delhi,Delhi,232731,user171,user171@example.com,24,Premium,2025-01-08 11:00:00
172,894 Street 284,Delhi,Delhi,406327,user172,user172@example.com,38,Standard,2025-01-08 12:00:00
173,8043 Street 53,Delhi,Delhi,112861,user173,user173@example.com,34,Premium,2025-01-08 13:00:00
174,7844 Street 226,Delhi,Delhi,457256,user174,user174@example.com,21,Standard,2025-01-08 14:00:00
175,4137 Street 245,Delhi,Delhi,219629,user175,user175@example.com,42,Premium,2025-01-08 15:00:00
176,8057 Street 38,Delhi,Delhi,705050,user176,user176@example.com,36,Basic,2025-01-08 16:00:00
177,2486 Street 77,Delhi,Delhi,950544,user177,user177@example.com,34,Standard,2025-01-08 17:00:00
178,1396 Street 128,Delhi,Delhi,224205,user178,user178@example.com,33,Standard,2025-01-08 18:00:00
179,9934 Street 116,Delhi,Delhi,913373,user179,user179@example.com,32,Premium,2025-01-08 19:00:00
180,7254 Street 153,Delhi,Delhi,717113,user180,user180@example.com,29,Premium,2025-01-08 20:00:00
181,987 Street 51,Mumbai,Maharashtra,899787,user181,user181@example.com,22,Basic,2025-01-08 21:00:00
182,4336 Street 42,Mumbai,Maharashtra,264686,user182,user182@example.com,23,Premium,2025-01-08 22:00:00
183,1230 Street 81,Mumbai,Maharashtra,102805,user183,user183@example.com,29,Basic,2025-01-08 23:00:00
184,9730 Street 241,Mumbai,Maharashtra,405407,user184,user184@example.com,17,Premium,2025-01-09 00:00:00
185,4633 Street 233,Mumbai,Maharashtra,174637,user185,user185@example.com,37,Premium,2025-01-09 01:00:00
186,4335 Street 102,Mumbai,Maharashtra,545790,user186,user186@example.com,19,Basic,2025-01-09 02:00:00
187,2442 Street 137,Mumbai,Maharashtra,966785,user187,user187@example.com,20,Premium,2025-01-09 03:00:00
188,2719 Street 158,Mumbai,Maharashtra,723948,user188,user188@example.com,39,Standard,2025-01-09 04:00:00
189,4729 Street 225,Mumbai,Maharashtra,230394,user189,user189@example.com,30,Basic,2025-01-09 05:00:00
190,6595 Street 140,Mumbai,Maharashtra,624783,user190,user190@example.com,33,Basic,2025-01-09 06:00:00
191,1318 Street 21,Mumbai,Maharashtra,553014,user191,user191@example.com,39,Premium,2025-01-09 07:00:00
192,4103 Street 14,Mumbai,Maharashtra,195763,user192,user192@example.com,23,Standard,2025-01-09 08:00:00
193,9425 Street 11,Mumbai,Maharashtra,901909,user193,user193@example.com,37,Standard,2025-01-09 09:00:00
194,9442 Street 21,Mumbai,Maharashtra,900177,user194,user194@example.com,40,Premium,2025-01-09 10:00:00
195,8503 Street 227,Mumbai,Maharashtra,391668,user195,user195@example.com,21,Standard,2025-01-09 11:00:00
196,7142 Street 252,Mumbai,Maharashtra,195674,user196,user196@example.com,31,Premium,2025-01-09 12:00:00
197,5461 Street 165,Mumbai,Maharashtra,802685,user197,user197@example.com,19,Standard,2025-01-09 13:00:00
198,5404 Street 211,Mumbai,Maharashtra,827369,user198,user198@example.com,31,Premium,2025-01-09 14:00:00
199,6562 Street 282,Mumbai,Maharashtra,138479,user199,user199@example.com,30,Premium,2025-01-09 15:00:00
200,4136 Street 166,Mumbai,Maharashtra,221552,user200,,40,Premium,2025-01-09 16:00:00
201,8432 Street 1,Mumbai,Maharashtra,789606,user201,user201@example.com,43,Basic,2025-01-09 17:00:00
202,6771 Street 28,Mumbai,Maharashtra,296694,user202,user202@example.com,32,Premium,2025-01-09 18:00:00
203,8168 Street 227,Mumbai,Maharashtra,896907,user203,user203@example.com,17,Premium,2025-01-09 19:00:00
204,8999 Street 68,Mumbai,Maharashtra,402020,user204,user204@example.com,30,Standard,2025-01-09 20:00:00
205,7942 Street 63,Mumbai,Maharashtra,130271,user205,user205@example.com,36,Basic,2025-01-09 21:00:00
206,3921 Street 82,Mumbai,Maharashtra,425845,user206,user206@example.com,33,Premium,2025-01-09 22:00:00
207,6685 Street 48,Mumbai,Maharashtra,335615,user207,user207@example.com,42,Standard,2025-01-09 23:00:00
208,7561 Street 61,Mumbai,Maharashtra,779172,user208,user208@example.com,42,Premium,2025-01-10 00:00:00
209,4782 Street 261,Mumbai,Maharashtra,839677,user209,user209@example.com,24,Premium,2025-01-10 01:00:00
210,7906 Street 242,Mumbai,Maharashtra,355570,user210,user210@example.com,30,Basic,2025-01-10 02:00:00
211,6285 Street 98,Mumbai,Maharashtra,728492,user211,user211@example.com,32,Basic,2025-01-10 03:00:00
212,2237 Street 36,Mumbai,Maharashtra,389666,user212,user212@example.com,40,Standard,2025-01-10 04:00:00
213,6799 Street 175,Mumbai,Maharashtra,925981,user213,user213@example.com,32,Premium,2025-01-10 05:00:00
214,43 Street 145,Mumbai,Maharashtra,861319,user214,user214@example.com,25,Standard,2025-01-10 06:00:00
215,9502 Street 251,Mumbai,Maharashtra,255813,user215,user215@example.com,30,Basic,2025-01-10 07:00:00
216,5655 Street 171,Mumbai,Maharashtra,678727,user216,user216@example.com,40,Basic,2025-01-10 08:00:00
217,7461 Street 165,Mumbai,Maharashtra,297816,user217,user217@example.com,38,Premium,2025-01-10 09:00:00
218,6275 Street 120,Mumbai,Maharashtra,997594,user218,user218@example.com,40,Premium,2025-01-10 10:00:00
219,5214 Street 243,Mumbai,Maharashtra,839485,user219,user219@example.com,45,Standard,2025-01-10 11:00:00
220,6326 Street 78,Mumbai,Maharashtra,619389,,user220@example.com,17,Premium,2025-01-10 12:00:00
221,9670 Street 170,Mumbai,Maharashtra,205239,user221,user221@example.com,43,Standard,2025-01-10 13:00:00
222,1634 Street 270,Mumbai,Maharashtra,579123,user222,user222@example.com,16,Basic,2025-01-10 14:00:00
223,6718 Street 80,Mumbai,Maharashtra,178463,user223,user223@example.com,31,Standard,2025-01-10 15:00:00
224,4343 Street 174,Mumbai,Maharashtra,753534,user224,user224@example.com,38,Premium,2025-01-10 16:00:00
225,1316 Street 169,Mumbai,Maharashtra,993744,user225,user225@example.com,37,Standard,2025-01-10 17:00:00
226,6227 Street 163,Mumbai,Maharashtra,757246,user226,user226@example.com,38,Standard,2025-01-10 18:00:00
227,7995 Street 278,Mumbai,Maharashtra,137642,user227,user227@example.com,35,Premium,2025-01-10 19:00:00
228,4709 Street 117,Mumbai,Maharashtra,883041,user228,user228@example.com,18,Premium,2025-01-10 20:00:00
229,1613 Street 52,Mumbai,Maharashtra,565230,user229,user229@example.com,21,Basic,2025-01-10 21:00:00
230,475 Street 24,Mumbai,Maharashtra,440131,user230,user230@example.com,41,Premium,2025-01-10 22:00:00
231,5874 Street 192,Mumbai,Maharashtra,551607,user231,user231@example.com,20,Premium,2025-01-10 23:00:00
232,6752 Street 290,Mumbai,Maharashtra,814919,user232,user232@example.com,41,Premium,2025-01-11 00:00:00
233,2869 Street 41,Mumbai,Maharashtra,739098,user233,user233@example.com,43,Premium,2025-01-11 01:00:00
234,3946 Street 255,Mumbai,Maharashtra,711484,user234,user234@example.com,20,Premium,2025-01-11 02:00:00
235,4162 Street 236,Mumbai,Maharashtra,367729,user235,user235@example.com,37,Premium,2025-01-11 03:00:00
236,7623 Street 148,Mumbai,Maharashtra,810526,user236,user236@example.com,33,Premium,2025-01-11 04:00:00
237,7238 Street 177,Mumbai,Maharashtra,716113,user237,user237@example.com,25,Basic,2025-01-11 05:00:00
238,6952 Street 129,Mumbai,Maharashtra,579027,user238,user238@example.com,43,Premium,2025-01-11 06:00:00
239,6303 Street 248,Mumbai,Maharashtra,211834,user239,user239@example.com,23,Premium,2025-01-11 07:00:00
240,5882 Street 295,Mumbai,Maharashtra,410244,user240,,38,Premium,2025-01-11 08:00:00
241,6485 Street 141,Mumbai,Maharashtra,108491,user241,user241@example.com,34,Standard,2025-01-11 09:00:00
242,804 Street 255,Mumbai,Maharashtra,973294,user242,user242@example.com,44,Standard,2025-01-11 10:00:00
243,3771 Street 181,Mumbai,Maharashtra,329642,user243,user243@example.com,36,Premium,2025-01-11 11:00:00
244,4107 Street 71,Mumbai,Maharashtra,758765,user244,user244@example.com,19,Standard,2025-01-11 12:00:00
245,646 Street 159,Mumbai,Maharashtra,926918,user245,user245@example.com,30,Premium,2025-01-11 13:00:00
246,5978 Street 68,Mumbai,Maharashtra,194511,user246,user246@example.com,45,Premium,2025-01-11 14:00:00
247,6808 Street 90,Mumbai,Maharashtra,310548,user247,user247@example.com,20,Standard,2025-01-11 15:00:00
248,5995 Street 272,Mumbai,Maharashtra,626169,user248,user248@example.com,45,Premium,2025-01-11 16:00:00
249,2696 Street 132,Mumbai,Maharashtra,964749,user249,user249@example.com,31,Standard,2025-01-11 17:00:00
250,4836 Street 174,Mumbai,Maharashtra,943298,user250,user250@example.com,19,Basic,2025-01-11 18:00:00
251,1234 Street 73,Mumbai,Maharashtra,890785,user251,user251@example.com,23,Standard,2025-01-11 19:00:00
252,6512 Street 286,Mumbai,Maharashtra,483542,user252,user252@example.com,18,Standard,2025-01-11 20:00:00
253,229 Street 136,Mumbai,Maharashtra,662636,user253,user253@example.com,19,Basic,2025-01-11 21:00:00
254,4296 Street 300,Mumbai,Maharashtra,499534,user254,user254@example.com,42,Basic,2025-01-11 22:00:00
255,6087 Street 56,Mumbai,Maharashtra,807617,user255,user255@example.com,23,Basic,2025-01-11 23:00:00
256,9199 Street 168,Mumbai,Maharashtra,739717,user256,user256@example.com,23,Basic,2025-01-12 00:00:00
257,7607 Street 155,Mumbai,Maharashtra,780776,user257,user257@example.com,29,Premium,2025-01-12 01:00:00
258,743 Street 20,Mumbai,Maharashtra,419149,user258,user258@example.com,31,Premium,2025-01-12 02:00:00
259,3847 Street 276,Mumbai,Maharashtra,242254,user259,user259@example.com,28,Basic,2025-01-12 03:00:00
260,8851 Street 215,Mumbai,Maharashtra,715870,user260,user260@example.com,39,Basic,2025-01-12 04:00:00
261,6798 Street 51,Mumbai,Maharashtra,974190,user261,user261@example.com,31,Basic,2025-01-12 05:00:00
262,4584 Street 17,Mumbai,Maharashtra,823811,user262,user262@example.com,27,Premium,2025-01-12 06:00:00
263,7286 Street 121,Mumbai,Maharashtra,997004,user263,user263@example.com,27,Premium,2025-01-12 07:00:00
264,6019 Street 279,Mumbai,Maharashtra,776149,user264,user264@example.com,27,Premium,2025-01-12 08:00:00
265,4521 Street 98,Mumbai,Maharashtra,228093,user265,user265@example.com,43,Standard,2025-01-12 09:00:00
266,1502 Street 109,Mumbai,Maharashtra,772875,user266,user266@example.com,36,Basic,2025-01-12 10:00:00
267,350 Street 26,Mumbai,Maharashtra,925013,user267,user267@example.com,26,Premium,2025-01-12 11:00:00
268,2064 Street 290,Mumbai,Maharashtra,315173,user268,user268@example.com,18,Standard,2025-01-12 12:00:00
269,9081 Street 107,Mumbai,Maharashtra,714867,user269,user269@example.com,22,Standard,2025-01-12 13:00:00
270,3818 Street 169,Mumbai,Maharashtra,911984,user270,user270@example.com,20,Standard,2025-01-12 14:00:00
271,9765 Street 2,Mumbai,Maharashtra,390743,user271,user271@example.com,43,Standard,2025-01-12 15:00:00
272,2130 Street 277,Mumbai,Maharashtra,362829,user272,user272@example.com,41,Premium,2025-01-12 16:00:00
273,423 Street 68,Mumbai,Maharashtra,115582,user273,user273@example.com,27,Standard,2025-01-12 17:00:00
274,3899 Street 166,Mumbai,Maharashtra,116547,user274,user274@example.com,21,Premium,2025-01-12 18:00:00
275,2077 Street 216,Mumbai,Maharashtra,651640,,user275@example.com,19,Basic,2025-01-12 19:00:00
276,7803 Street 230,Mumbai,Maharashtra,915809,user276,user276@example.com,27,Basic,2025-01-12 20:00:00
277,1787 Street 232,Mumbai,Maharashtra,628313,user277,user277@example.com,23,Standard,2025-01-12 21:00:00
278,711 Street 267,Mumbai,Maharashtra,416282,user278,user278@example.com,30,Basic,2025-01-12 22:00:00
279,511 Street 32,Mumbai,Maharashtra,602248,user279,user279@example.com,43,Premium,2025-01-12 23:00:00
280,1769 Street 252,Mumbai,Maharashtra,847006,user280,,45,Premium,2025-01-13 00:00:00
281,1324 Street 165,Mumbai,Maharashtra,737846,user281,user281@example.com,20,Premium,2025-01-13 01:00:00
282,4506 Street 300,Mumbai,Maharashtra,674993,user282,user282@example.com,38,Premium,2025-01-13 02:00:00
283,9788 Street 272,Mumbai,Maharashtra,409222,user283,user283@example.com,30,Basic,2025-01-13 03:00:00
284,7049 Street 51,Mumbai,Maharashtra,931621,user284,user284@example.com,38,Premium,2025-01-13 04:00:00
285,9034 Street 111,Mumbai,Maharashtra,550961,user285,user285@example.com,30,Standard,2025-01-13 05:00:00
286,6780 Street 174,Mumbai,Maharashtra,967611,user286,user286@example.com,30,Premium,2025-01-13 06:00:00
287,1558 Street 161,Mumbai,Maharashtra,547494,user287,user287@example.com,26,Basic,2025-01-13 07:00:00
288,6133 Street 79,Mumbai,Maharashtra,820184,user288,user288@example.com,45,Basic,2025-01-13 08:00:00
289,1495 Street 44,Mumbai,Maharashtra,197758,user289,user289@example.com,29,Premium,2025-01-13 09:00:00
290,6106 Street 67,Mumbai,Maharashtra,683397,user290,user290@example.com,17,Basic,2025-01-13 10:00:00
291,9202 Street 288,Mumbai,Maharashtra,445658,user291,user291@example.com,37,Premium,2025-01-13 11:00:00
292,5794 Street 217,Mumbai,Maharashtra,856086,user292,user292@example.com,17,Standard,2025-01-13 12:00:00
293,9838 Street 160,Mumbai,Maharashtra,468727,user293,user293@example.com,19,Basic,2025-01-13 13:00:00
294,3486 Street 80,Mumbai,Maharashtra,788637,user294,user294@example.com,31,Premium,2025-01-13 14:00:00
295,1774 Street 180,Mumbai,Maharashtra,986438,user295,user295@example.com,33,Premium,2025-01-13 15:00:00
296,4565 Street 294,Mumbai,Maharashtra,337144,user296,user296@example.com,41,Premium,2025-01-13 16:00:00
297,9191 Street 286,Mumbai,Maharashtra,127529,user297,user297@example.com,35,Standard,2025-01-13 17:00:00
298,4382 Street 15,Mumbai,Maharashtra,289179,user298,user298@example.com,24,Basic,2025-01-13 18:00:00
299,5063 Street 174,Mumbai,Maharashtra,468074,user299,user299@example.com,16,Premium,2025-01-13 19:00:00
300,2348 Street 290,Mumbai,Maharashtra,789275,user300,user300@example.com,28,Premium,2025-01-13 20:00:00
301,503 Street 47,Mumbai,Maharashtra,882354,user301,user301@example.com,32,Premium,2025-01-13 21:00:00
302,6879 Street 233,Mumbai,Maharashtra,457455,user302,user302@example.com,21,Premium,2025-01-13 22:00:00
303,5315 Street 291,Mumbai,Maharashtra,725185,user303,user303@example.com,18,Standard,2025-01-13 23:00:00
304,2550 Street 81,Mumbai,Maharashtra,891083,user304,user304@example.com,35,Premium,2025-01-14 00:00:00
305,1337 Street 140,Mumbai,Maharashtra,564637,user305,user305@example.com,37,Premium,2025-01-14 01:00:00
306,9947 Street 227,Mumbai,Maharashtra,534303,user306,user306@example.com,24,Premium,2025-01-14 02:00:00
307,8395 Street 59,Mumbai,Maharashtra,461939,user307,user307@example.com,29,Premium,2025-01-14 03:00:00
308,9718 Street 250,Mumbai,Maharashtra,652530,user308,user308@example.com,37,Premium,2025-01-14 04:00:00
309,3613 Street 203,Mumbai,Maharashtra,728437,user309,user309@example.com,17,Premium,2025-01-14 05:00:00
310,4939 Street 109,Mumbai,Maharashtra,904624,user310,user310@example.com,20,Standard,2025-01-14 06:00:00
311,4743 Street 168,Mumbai,Maharashtra,225812,user311,user311@example.com,16,Basic,2025-01-14 07:00:00
312,7056 Street 90,Mumbai,Maharashtra,235461,user312,user312@example.com,28,Basic,2025-01-14 08:00:00
313,3771 Street 257,Mumbai,Maharashtra,685864,user313,user313@example.com,42,Basic,2025-01-14 09:00:00
314,5803 Street 37,Mumbai,Maharashtra,516359,user314,user314@example.com,43,Basic,2025-01-14 10:00:00
315,7148 Street 10,Mumbai,Maharashtra,582087,user315,user315@example.com,45,Premium,2025-01-14 11:00:00
316,5130 Street 295,Mumbai,Maharashtra,550137,user316,user316@example.com,34,Premium,2025-01-14 12:00:00
317,6844 Street 149,Mumbai,Maharashtra,220768,user317,user317@example.com,28,Premium,2025-01-14 13:00:00
318,5322 Street 88,Mumbai,Maharashtra,940247,user318,user318@example.com,35,Basic,2025-01-14 14:00:00
319,5929 Street 46,Mumbai,Maharashtra,557925,user319,user319@example.com,43,Premium,2025-01-14 15:00:00
320,7139 Street 206,Mumbai,Maharashtra,649414,user320,,18,Premium,2025-01-14 16:00:00
321,5084 Street 174,Mumbai,Maharashtra,332335,user321,user321@example.com,26,Standard,2025-01-14 17:00:00
322,1252 Street 262,Mumbai,Maharashtra,763984,user322,user322@example.com,19,Basic,2025-01-14 18:00:00
323,3177 Street 179,Mumbai,Maharashtra,468154,user323,user323@example.com,39,Standard,2025-01-14 19:00:00
324,2420 Street 121,Mumbai,Maharashtra,207798,user324,user324@example.com,20,Premium,2025-01-14 20:00:00
325,2843 Street 79,Mumbai,Maharashtra,897143,user325,user325@example.com,40,Basic,2025-01-14 21:00:00
326,2903 Street 253,Mumbai,Maharashtra,586490,user326,user326@example.com,40,Basic,2025-01-14 22:00:00
327,9495 Street 230,Mumbai,Maharashtra,814220,user327,user327@example.com,45,Standard,2025-01-14 23:00:00
328,5296 Street 162,Mumbai,Maharashtra,258290,user328,user328@example.com,30,Premium,2025-01-15 00:00:00
329,7246 Street 156,Mumbai,Maharashtra,935012,user329,user329@example.com,24,Basic,2025-01-15 01:00:00
330,5767 Street 260,Mumbai,Maharashtra,177794,,user330@example.com,25,Basic,2025-01-15 02:00:00
331,617 Street 30,Pune,Maharashtra,486649,user331,user331@example.com,42,Premium,2025-01-15 03:00:00
332,1480 Street 260,Pune,Maharashtra,503159,user332,user332@example.com,30,Basic,2025-01-15 04:00:00
333,673 Street 231,Pune,Maharashtra,949153,user333,user333@example.com,34,Basic,2025-01-15 05:00:00
334,5268 Street 244,Pune,Maharashtra,625721,user334,user334@example.com,20,Standard,2025-01-15 06:00:00
335,7382 Street 53,Pune,Maharashtra,950360,user335,user335@example.com,44,Standard,2025-01-15 07:00:00
336,1382 Street 259,Pune,Maharashtra,777513,user336,user336@example.com,21,Premium,2025-01-15 08:00:00
337,7173 Street 225,Pune,Maharashtra,649525,user337,user337@example.com,32,Basic,2025-01-15 09:00:00
338,5963 Street 191,Pune,Maharashtra,396635,user338,user338@example.com,28,Premium,2025-01-15 10:00:00
339,5544 Street 27,Pune,Maharashtra,927564,user339,user339@example.com,36,Basic,2025-01-15 11:00:00
340,1080 Street 169,Pune,Maharashtra,199096,user340,user340@example.com,33,Basic,2025-01-15 12:00:00
341,4656 Street 130,Pune,Maharashtra,858889,user341,user341@example.com,43,Basic,2025-01-15 13:00:00
342,9875 Street 77,Pune,Maharashtra,449555,user342,user342@example.com,18,Basic,2025-01-15 14:00:00
343,2318 Street 180,Pune,Maharashtra,425301,user343,user343@example.com,36,Basic,2025-01-15 15:00:00
344,6422 Street 67,Pune,Maharashtra,723945,user344,user344@example.com,38,Standard,2025-01-15 16:00:00
345,5073 Street 287,Pune,Maharashtra,494976,user345,user345@example.com,36,Standard,2025-01-15 17:00:00
346,2094 Street 270,Pune,Maharashtra,197992,user346,user346@example.com,36,Basic,2025-01-15 18:00:00
347,8332 Street 186,Pune,Maharashtra,119116,user347,user347@example.com,27,Premium,2025-01-15 19:00:00
348,3510 Street 175,Pune,Maharashtra,903373,user348,user348@example.com,31,Premium,2025-01-15 20:00:00
349,2254 Street 80,Pune,Maharashtra,180913,user349,user349@example.com,25,Standard,2025-01-15 21:00:00
350,1658 Street 260,Pune,Maharashtra,908320,user350,user350@example.com,33,Standard,2025-01-15 22:00:00
351,8627 Street 20,Pune,Maharashtra,794083,user351,user351@example.com,26,Standard,2025-01-15 23:00:00
352,2148 Street 193,Pune,Maharashtra,261745,user352,user352@example.com,21,Premium,2025-01-16 00:00:00
353,2713 Street 225,Pune,Maharashtra,145814,user353,user353@example.com,29,Premium,2025-01-16 01:00:00
354,3892 Street 228,Pune,Maharashtra,740255,user354,user354@example.com,25,Standard,2025-01-16 02:00:00
355,7356 Street 120,Pune,Maharashtra,659951,user355,user355@example.com,23,Premium,2025-01-16 03:00:00
356,7685 Street 100,Pune,Maharashtra,485709,user356,user356@example.com,37,Standard,2025-01-16 04:00:00
357,7219 Street 237,Pune,Maharashtra,906814,user357,user357@example.com,25,Standard,2025-01-16 05:00:00
358,8240 Street 271,Pune,Maharashtra,538997,user358,user358@example.com,21,Standard,2025-01-16 06:00:00
359,9907 Street 71,Pune,Maharashtra,362147,user359,user359@example.com,17,Basic,2025-01-16 07:00:00
360,6082 Street 284,Pune,Maharashtra,207573,user360,,38,Standard,2025-01-16 08:00:00
361,2043 Street 146,Pune,Maharashtra,187949,user361,user361@example.com,40,Premium,2025-01-16 09:00:00
362,7362 Street 263,Pune,Maharashtra,254506,user362,user362@example.com,42,Premium,2025-01-16 10:00:00
363,3638 Street 231,Pune,Maharashtra,466566,user363,user363@example.com,45,Premium,2025-01-16 11:00:00
364,873 Street 203,Pune,Maharashtra,626392,user364,user364@example.com,27,Premium,2025-01-16 12:00:00
365,1338 Street 192,Pune,Maharashtra,335445,user365,user365@example.com,16,Premium,2025-01-16 13:00:00
366,1624 Street 172,Pune,Maharashtra,929822,user366,user366@example.com,20,Premium,2025-01-16 14:00:00
367,4701 Street 242,Pune,Maharashtra,829884,user367,user367@example.com,42,Premium,2025-01-16 15:00:00
368,7686 Street 230,Pune,Maharashtra,745239,user368,user368@example.com,16,Standard,2025-01-16 16:00:00
369,312 Street 132,Pune,Maharashtra,326130,user369,user369@example.com,42,Premium,2025-01-16 17:00:00
370,9976 Street 271,Pune,Maharashtra,543814,user370,user370@example.com,19,Standard,2025-01-16 18:00:00
371,3894 Street 155,Pune,Maharashtra,227767,user371,user371@example.com,17,Premium,2025-01-16 19:00:00
372,7490 Street 33,Pune,Maharashtra,216242,user372,user372@example.com,42,Standard,2025-01-16 20:00:00
373,9777 Street 275,Pune,Maharashtra,117233,user373,user373@example.com,36,Basic,2025-01-16 21:00:00
374,3964 Street 74,Pune,Maharashtra,405420,user374,user374@example.com,29,Premium,2025-01-16 22:00:00
375,5781 Street 124,Pune,Maharashtra,698384,user375,user375@example.com,29,Premium,2025-01-16 23:00:00
376,1403 Street 269,Pune,Maharashtra,478120,user376,user376@example.com,18,Standard,2025-01-17 00:00:00
377,8915 Street 260,Pune,Maharashtra,924613,user377,user377@example.com,32,Basic,2025-01-17 01:00:00
378,6398 Street 241,Pune,Maharashtra,145649,user378,user378@example.com,36,Premium,2025-01-17 02:00:00
379,6117 Street 130,Pune,Maharashtra,883618,user379,user379@example.com,16,Premium,2025-01-17 03:00:00
380,1107 Street 177,Pune,Maharashtra,352838,user380,user380@example.com,39,Basic,2025-01-17 04:00:00
381,1699 Street 298,Pune,Maharashtra,870899,user381,user381@example.com,40,Premium,2025-01-17 05:00:00
382,727 Street 181,Pune,Maharashtra,672536,user382,user382@example.com,26,Standard,2025-01-17 06:00:00
383,2869 Street 238,Pune,Maharashtra,829168,user383,user383@example.com,31,Basic,2025-01-17 07:00:00
384,2210 Street 33,Pune,Maharashtra,850827,user384,user384@example.com,40,Standard,2025-01-17 08:00:00
385,606 Street 151,Pune,Maharashtra,311383,,user385@example.com,17,Standard,2025-01-17 09:00:00
386,687 Street 162,Pune,Maharashtra,425138,user386,user386@example.com,32,Premium,2025-01-17 10:00:00
387,8898 Street 243,Pune,Maharashtra,365618,user387,user387@example.com,17,Standard,2025-01-17 11:00:00
388,3132 Street 147,Pune,Maharashtra,474314,user388,user388@example.com,43,Standard,2025-01-17 12:00:00
389,5439 Street 140,Pune,Maharashtra,230521,user389,user389@example.com,41,Premium,2025-01-17 13:00:00
390,6554 Street 226,Pune,Maharashtra,505426,user390,user390@example.com,26,Standard,2025-01-17 14:00:00
391,8130 Street 255,Pune,Maharashtra,485191,user391,user391@example.com,45,Standard,2025-01-17 15:00:00
392,4370 Street 43,Pune,Maharashtra,862400,user392,user392@example.com,29,Premium,2025-01-17 16:00:00
393,9871 Street 93,Pune,Maharashtra,671971,user393,user393@example.com,25,Premium,2025-01-17 17:00:00
394,1312 Street 168,Pune,Maharashtra,793024,user394,user394@example.com,25,Premium,2025-01-17 18:00:00
395,9874 Street 219,Pune,Maharashtra,274739,user395,user395@example.com,38,Premium,2025-01-17 19:00:00
396,7326 Street 22,Pune,Maharashtra,862120,user396,user396@example.com,43,Standard,2025-01-17 20:00:00
397,7127 Street 141,Pune,Maharashtra,770532,user397,user397@example.com,41,Standard,2025-01-17 21:00:00
398,1230 Street 208,Pune,Maharashtra,480959,user398,user398@example.com,32,Standard,2025-01-17 22:00:00
399,2622 Street 16,Pune,Maharashtra,249715,user399,user399@example.com,43,Basic,2025-01-17 23:00:00
400,7180 Street 18,Pune,Maharashtra,232361,user400,,18,Premium,2025-01-18 00:00:00
401,6002 Street 186,Pune,Maharashtra,501451,user401,user401@example.com,34,Premium,2025-01-18 01:00:00
402,2514 Street 231,Pune,Maharashtra,488984,user402,user402@example.com,27,Premium,2025-01-18 02:00:00
403,1260 Street 294,Pune,Maharashtra,244383,user403,user403@example.com,32,Premium,2025-01-18 03:00:00
404,5151 Street 143,Pune,Maharashtra,361736,user404,user404@example.com,19,Premium,2025-01-18 04:00:00
405,3049 Street 256,Pune,Maharashtra,642895,user405,user405@example.com,28,Standard,2025-01-18 05:00:00
406,1930 Street 135,Pune,Maharashtra,912609,user406,user406@example.com,24,Basic,2025-01-18 06:00:00
407,3516 Street 147,Pune,Maharashtra,827691,user407,user407@example.com,45,Standard,2025-01-18 07:00:00
408,3280 Street 63,Pune,Maharashtra,242321,user408,user408@example.com,43,Premium,2025-01-18 08:00:00
409,2829 Street 228,Pune,Maharashtra,192055,user409,user409@example.com,41,Basic,2025-01-18 09:00:00
410,5237 Street 178,Pune,Maharashtra,844007,user410,user410@example.com,18,Basic,2025-01-18 10:00:00
411,4758 Street 154,Pune,Maharashtra,992717,user411,user411@example.com,21,Basic,2025-01-18 11:00:00
412,2853 Street 186,Pune,Maharashtra,633469,user412,user412@example.com,23,Premium,2025-01-18 12:00:00
413,3293 Street 72,Pune,Maharashtra,348235,user413,user413@example.com,41,Basic,2025-01-18 13:00:00
414,5913 Street 284,Pune,Maharashtra,700076,user414,user414@example.com,27,Basic,2025-01-18 14:00:00
415,9039 Street 67,Pune,Maharashtra,741674,user415,user415@example.com,44,Premium,2025-01-18 15:00:00
416,5068 Street 204,Pune,Maharashtra,851759,user416,user416@example.com,39,Basic,2025-01-18 16:00:00
417,6731 Street 210,Pune,Maharashtra,963333,user417,user417@example.com,34,Premium,2025-01-18 17:00:00
418,5195 Street 38,Pune,Maharashtra,571832,user418,user418@example.com,30,Basic,2025-01-18 18:00:00
419,5645 Street 66,Pune,Maharashtra,969325,user419,user419@example.com,40,Basic,2025-01-18 19:00:00
420,9631 Street 94,Pune,Maharashtra,905077,user420,user420@example.com,20,Premium,2025-01-18 20:00:00
421,908 Street 64,Pune,Maharashtra,643269,user421,user421@example.com,20,Premium,2025-01-18 21:00:00
422,2654 Street 166,Pune,Maharashtra,843788,user422,user422@example.com,23,Premium,2025-01-18 22:00:00
423,8502 Street 146,Pune,Maharashtra,987025,user423,user423@example.com,18,Premium,2025-01-18 23:00:00
424,9025 Street 141,Pune,Maharashtra,231250,user424,user424@example.com,36,Premium,2025-01-19 00:00:00
425,8741 Street 48,Pune,Maharashtra,626986,user425,user425@example.com,36,Premium,2025-01-19 01:00:00
426,9514 Street 79,Pune,Maharashtra,279516,user426,user426@example.com,37,Basic,2025-01-19 02:00:00
427,9915 Street 173,Pune,Maharashtra,983456,user427,user427@example.com,45,Basic,2025-01-19 03:00:00
428,465 Street 42,Pune,Maharashtra,147670,user428,user428@example.com,36,Standard,2025-01-19 04:00:00
429,4337 Street 108,Pune,Maharashtra,904214,user429,user429@example.com,34,Premium,2025-01-19 05:00:00
430,497 Street 255,Pune,Maharashtra,757629,user430,user430@example.com,33,Premium,2025-01-19 06:00:00
431,4950 Street 248,Pune,Maharashtra,356773,user431,user431@example.com,41,Standard,2025-01-19 07:00:00
432,6654 Street 153,Pune,Maharashtra,575575,user432,user432@example.com,18,Basic,2025-01-19 08:00:00
433,2590 Street 226,Pune,Maharashtra,535810,user433,user433@example.com,31,Basic,2025-01-19 09:00:00
434,5574 Street 74,Pune,Maharashtra,427766,user434,user434@example.com,43,Basic,2025-01-19 10:00:00
435,5659 Street 205,Pune,Maharashtra,237118,user435,user435@example.com,40,Premium,2025-01-19 11:00:00
436,9203 Street 55,Pune,Maharashtra,434617,user436,user436@example.com,23,Basic,2025-01-19 12:00:00
437,4383 Street 231,Pune,Maharashtra,359961,user437,user437@example.com,20,Premium,2025-01-19 13:00:00
438,4755 Street 197,Pune,Maharashtra,745270,user438,user438@example.com,29,Premium,2025-01-19 14:00:00
439,2617 Street 168,Pune,Maharashtra,705748,user439,user439@example.com,39,Premium,2025-01-19 15:00:00
440,2611 Street 256,Pune,Maharashtra,639728,,,30,Basic,2025-01-19 16:00:00
441,5056 Street 255,Jaipur,Rajasthan,124302,user441,user441@example.com,18,Standard,2025-01-19 17:00:00
442,8282 Street 235,Jaipur,Rajasthan,352422,user442,user442@example.com,22,Basic,2025-01-19 18:00:00
443,798 Street 26,Jaipur,Rajasthan,395023,user443,user443@example.com,31,Basic,2025-01-19 19:00:00
444,7711 Street 147,Jaipur,Rajasthan,662761,user444,user444@example.com,16,Standard,2025-01-19 20:00:00
445,7061 Street 69,Jaipur,Rajasthan,377319,user445,user445@example.com,39,Premium,2025-01-19 21:00:00
446,6607 Street 188,Jaipur,Rajasthan,147440,user446,user446@example.com,28,Premium,2025-01-19 22:00:00
447,9205 Street 100,Jaipur,Rajasthan,480133,user447,user447@example.com,33,Premium,2025-01-19 23:00:00
448,6330 Street 259,Jaipur,Rajasthan,572230,user448,user448@example.com,40,Basic,2025-01-20 00:00:00
449,1947 Street 66,Jaipur,Rajasthan,201377,user449,user449@example.com,28,Premium,2025-01-20 01:00:00
450,5556 Street 286,Jaipur,Rajasthan,483366,user450,user450@example.com,40,Premium,2025-01-20 02:00:00
451,9871 Street 261,Jaipur,Rajasthan,520884,user451,user451@example.com,32,Premium,2025-01-20 03:00:00
452,638 Street 71,Jaipur,Rajasthan,848255,user452,user452@example.com,26,Standard,2025-01-20 04:00:00
453,8509 Street 234,Jaipur,Rajasthan,256175,user453,user453@example.com,35,Standard,2025-01-20 05:00:00
454,2291 Street 168,Jaipur,Rajasthan,742848,user454,user454@example.com,26,Premium,2025-01-20 06:00:00
455,4903 Street 173,Jaipur,Rajasthan,631958,user455,user455@example.com,42,Basic,2025-01-20 07:00:00
456,8026 Street 289,Jaipur,Rajasthan,414353,user456,user456@example.com,31,Standard,2025-01-20 08:00:00
457,6036 Street 170,Jaipur,Rajasthan,806537,user457,user457@example.com,19,Standard,2025-01-20 09:00:00
458,9564 Street 158,Jaipur,Rajasthan,935457,user458,user458@example.com,44,Basic,2025-01-20 10:00:00
459,437 Street 243,Jaipur,Rajasthan,378428,user459,user459@example.com,36,Standard,2025-01-20 11:00:00
460,9478 Street 296,Jaipur,Rajasthan,338596,user460,user460@example.com,39,Premium,2025-01-20 12:00:00
461,7872 Street 88,Jaipur,Rajasthan,649697,user461,user461@example.com,36,Basic,2025-01-20 13:00:00
462,6230 Street 76,Jaipur,Rajasthan,961574,user462,user462@example.com,37,Premium,2025-01-20 14:00:00
463,9381 Street 57,Jaipur,Rajasthan,300051,user463,user463@example.com,16,Premium,2025-01-20 15:00:00
464,6862 Street 78,Jaipur,Rajasthan,533020,user464,user464@example.com,38,Premium,2025-01-20 16:00:00
465,8222 Street 242,Jaipur,Rajasthan,989587,user465,user465@example.com,39,Basic,2025-01-20 17:00:00
466,2263 Street 266,Jaipur,Rajasthan,317413,user466,user466@example.com,33,Premium,2025-01-20 18:00:00
467,7838 Street 270,Jaipur,Rajasthan,495129,user467,user467@example.com,26,Standard,2025-01-20 19:00:00
468,7532 Street 273,Jaipur,Rajasthan,458955,user468,user468@example.com,33,Premium,2025-01-20 20:00:00
469,4332 Street 248,Jaipur,Rajasthan,301603,user469,user469@example.com,23,Premium,2025-01-20 21:00:00
470,4891 Street 116,Jaipur,Rajasthan,412071,user470,user470@example.com,40,Premium,2025-01-20 22:00:00
471,3397 Street 251,Jaipur,Rajasthan,432441,user471,user471@example.com,31,Premium,2025-01-20 23:00:00
472,4481 Street 148,Jaipur,Rajasthan,227794,user472,user472@example.com,34,Basic,2025-01-21 00:00:00
473,6221 Street 203,Jaipur,Rajasthan,958130,user473,user473@example.com,27,Standard,2025-01-21 01:00:00
474,2400 Street 149,Jaipur,Rajasthan,144109,user474,user474@example.com,25,Standard,2025-01-21 02:00:00
475,1295 Street 178,Jaipur,Rajasthan,563864,user475,user475@example.com,36,Premium,2025-01-21 03:00:00
476,7850 Street 110,Jaipur,Rajasthan,311883,user476,user476@example.com,42,Basic,2025-01-21 04:00:00
477,9209 Street 140,Jaipur,Rajasthan,243941,user477,user477@example.com,19,Basic,2025-01-21 05:00:00
478,9615 Street 123,Jaipur,Rajasthan,354235,user478,user478@example.com,17,Basic,2025-01-21 06:00:00
479,8701 Street 116,Jaipur,Rajasthan,768933,user479,user479@example.com,23,Premium,2025-01-21 07:00:00
480,6772 Street 170,Jaipur,Rajasthan,852204,user480,,31,Premium,2025-01-21 08:00:00
481,2253 Street 3,Jaipur,Rajasthan,677086,user481,user481@example.com,45,Premium,2025-01-21 09:00:00
482,7794 Street 245,Jaipur,Rajasthan,782139,user482,user482@example.com,22,Standard,2025-01-21 10:00:00
483,4707 Street 165,Jaipur,Rajasthan,399279,user483,user483@example.com,36,Premium,2025-01-21 11:00:00
484,1466 Street 294,Jaipur,Rajasthan,343500,user484,user484@example.com,33,Basic,2025-01-21 12:00:00
485,612 Street 90,Jaipur,Rajasthan,538184,user485,user485@example.com,44,Standard,2025-01-21 13:00:00
486,596 Street 204,Jaipur,Rajasthan,926236,user486,user486@example.com,31,Premium,2025-01-21 14:00:00
487,4743 Street 20,Jaipur,Rajasthan,109717,user487,user487@example.com,25,Basic,2025-01-21 15:00:00
488,1759 Street 172,Jaipur,Rajasthan,398384,user488,user488@example.com,30,Standard,2025-01-21 16:00:00
489,8902 Street 269,Jaipur,Rajasthan,617904,user489,user489@example.com,44,Standard,2025-01-21 17:00:00
490,8262 Street 240,Jaipur,Rajasthan,386090,user490,user490@example.com,22,Standard,2025-01-21 18:00:00
491,5418 Street 84,Jaipur,Rajasthan,866634,user491,user491@example.com,30,Basic,2025-01-21 19:00:00
492,3051 Street 8,Jaipur,Rajasthan,872399,user492,user492@example.com,26,Standard,2025-01-21 20:00:00
493,9303 Street 99,Jaipur,Rajasthan,284019,user493,user493@example.com,35,Standard,2025-01-21 21:00:00
494,6644 Street 219,Jaipur,Rajasthan,640310,user494,user494@example.com,26,Premium,2025-01-21 22:00:00
495,1563 Street 95,Jaipur,Rajasthan,247442,,user495@example.com,31,Premium,2025-01-21 23:00:00
496,4065 Street 4,Jaipur,Rajasthan,373453,user496,user496@example.com,28,Premium,2025-01-22 00:00:00
497,4375 Street 169,Jaipur,Rajasthan,416613,user497,user497@example.com,34,Basic,2025-01-22 01:00:00
498,188 Street 134,Jaipur,Rajasthan,785436,user498,user498@example.com,27,Basic,2025-01-22 02:00:00
499,1018 Street 61,Jaipur,Rajasthan,588002,user499,user499@example.com,25,Premium,2025-01-22 03:00:00
500,8234 Street 160,Jaipur,Rajasthan,823821,user500,user500@example.com,19,Basic,2025-01-22 04:00:00
501,4834 Street 189,Jaipur,Rajasthan,744481,user501,user501@example.com,23,Premium,2025-01-22 05:00:00
502,2189 Street 245,Jaipur,Rajasthan,260626,user502,user502@example.com,30,Basic,2025-01-22 06:00:00
503,9925 Street 192,Jaipur,Rajasthan,536045,user503,user503@example.com,38,Basic,2025-01-22 07:00:00
504,7715 Street 276,Jaipur,Rajasthan,940952,user504,user504@example.com,37,Standard,2025-01-22 08:00:00
505,4055 Street 42,Jaipur,Rajasthan,651033,user505,user505@example.com,30,Basic,2025-01-22 09:00:00
506,5928 Street 40,Jaipur,Rajasthan,691573,user506,user506@example.com,19,Premium,2025-01-22 10:00:00
507,8973 Street 259,Jaipur,Rajasthan,311976,user507,user507@example.com,34,Basic,2025-01-22 11:00:00
508,2696 Street 168,Jaipur,Rajasthan,995993,user508,user508@example.com,32,Premium,2025-01-22 12:00:00
509,3366 Street 299,Jaipur,Rajasthan,612573,user509,user509@example.com,18,Standard,2025-01-22 13:00:00
510,7299 Street 29,Jaipur,Rajasthan,575458,user510,user510@example.com,20,Basic,2025-01-22 14:00:00
511,7485 Street 289,Bengaluru,Karnataka,160541,user511,user511@example.com,33,Basic,2025-01-22 15:00:00
512,5050 Street 12,Bengaluru,Karnataka,515182,user512,user512@example.com,24,Standard,2025-01-22 16:00:00
513,3571 Street 297,Bengaluru,Karnataka,176577,user513,user513@example.com,17,Premium,2025-01-22 17:00:00
514,1045 Street 278,Bengaluru,Karnataka,163182,user514,user514@example.com,45,Standard,2025-01-22 18:00:00
515,7735 Street 17,Bengaluru,Karnataka,401036,user515,user515@example.com,29,Premium,2025-01-22 19:00:00
516,2219 Street 216,Bengaluru,Karnataka,492650,user516,user516@example.com,44,Premium,2025-01-22 20:00:00
517,6185 Street 193,Bengaluru,Karnataka,184148,user517,user517@example.com,37,Standard,2025-01-22 21:00:00
518,8836 Street 69,Bengaluru,Karnataka,785280,user518,user518@example.com,43,Premium,2025-01-22 22:00:00
519,2925 Street 276,Bengaluru,Karnataka,512151,user519,user519@example.com,32,Premium,2025-01-22 23:00:00
520,3649 Street 2,Bengaluru,Karnataka,892911,user520,,16,Standard,2025-01-23 00:00:00
521,7586 Street 279,Bengaluru,Karnataka,544730,user521,user521@example.com,33,Premium,2025-01-23 01:00:00
522,3763 Street 127,Bengaluru,Karnataka,583000,user522,user522@example.com,27,Premium,2025-01-23 02:00:00
523,3089 Street 58,Bengaluru,Karnataka,133782,user523,user523@example.com,41,Basic,2025-01-23 03:00:00
524,257 Street 124,Bengaluru,Karnataka,316092,user524,user524@example.com,18,Premium,2025-01-23 04:00:00
525,551 Street 229,Bengaluru,Karnataka,726822,user525,user525@example.com,37,Basic,2025-01-23 05:00:00
526,798 Street 126,Bengaluru,Karnataka,876513,user526,user526@example.com,17,Premium,2025-01-23 06:00:00
527,3840 Street 277,Bengaluru,Karnataka,327823,user527,user527@example.com,40,Standard,2025-01-23 07:00:00
528,925 Street 72,Bengaluru,Karnataka,628373,user528,user528@example.com,25,Premium,2025-01-23 08:00:00
529,9439 Street 164,Bengaluru,Karnataka,705526,user529,user529@example.com,35,Standard,2025-01-23 09:00:00
530,5254 Street 122,Bengaluru,Karnataka,416422,user530,user530@example.com,44,Premium,2025-01-23 10:00:00
531,8541 Street 114,Bengaluru,Karnataka,533649,user531,user531@example.com,25,Premium,2025-01-23 11:00:00
532,9122 Street 90,Bengaluru,Karnataka,756401,user532,user532@example.com,37,Premium,2025-01-23 12:00:00
533,8121 Street 25,Bengaluru,Karnataka,461145,user533,user533@example.com,36,Basic,2025-01-23 13:00:00
534,8593 Street 164,Bengaluru,Karnataka,830132,user534,user534@example.com,29,Premium,2025-01-23 14:00:00
535,4914 Street 193,Bengaluru,Karnataka,292811,user535,user535@example.com,40,Basic,2025-01-23 15:00:00
536,3949 Street 116,Bengaluru,Karnataka,415344,user536,user536@example.com,43,Basic,2025-01-23 16:00:00
537,7587 Street 30,Bengaluru,Karnataka,689704,user537,user537@example.com,29,Standard,2025-01-23 17:00:00
538,9131 Street 272,Bengaluru,Karnataka,240606,user538,user538@example.com,28,Premium,2025-01-23 18:00:00
539,3332 Street 170,Bengaluru,Karnataka,778120,user539,user539@example.com,18,Standard,2025-01-23 19:00:00
540,6080 Street 48,Bengaluru,Karnataka,661654,user540,user540@example.com,39,Standard,2025-01-23 20:00:00
541,845 Street 138,Bengaluru,Karnataka,495489,user541,user541@example.com,37,Basic,2025-01-23 21:00:00
542,648 Street 38,Bengaluru,Karnataka,297303,user542,user542@example.com,41,Standard,2025-01-23 22:00:00
543,9157 Street 112,Bengaluru,Karnataka,602681,user543,user543@example.com,22,Standard,2025-01-23 23:00:00
544,5456 Street 156,Bengaluru,Karnataka,116078,user544,user544@example.com,22,Standard,2025-01-24 00:00:00
545,1923 Street 246,Bengaluru,Karnataka,354377,user545,user545@example.com,38,Basic,2025-01-24 01:00:00
546,3351 Street 204,Bengaluru,Karnataka,350956,user546,user546@example.com,33,Premium,2025-01-24 02:00:00
547,4638 Street 195,Bengaluru,Karnataka,588899,user547,user547@example.com,33,Basic,2025-01-24 03:00:00
548,5054 Street 134,Bengaluru,Karnataka,477114,user548,user548@example.com,32,Standard,2025-01-24 04:00:00
549,7636 Street 51,Bengaluru,Karnataka,941814,user549,user549@example.com,39,Basic,2025-01-24 05:00:00
550,5247 Street 105,Bengaluru,Karnataka,488712,,user550@example.com,26,Premium,2025-01-24 06:00:00
551,9217 Street 114,Bengaluru,Karnataka,877259,user551,user551@example.com,20,Premium,2025-01-24 07:00:00
552,9066 Street 300,Bengaluru,Karnataka,707275,user552,user552@example.com,39,Premium,2025-01-24 08:00:00
553,2498 Street 101,Bengaluru,Karnataka,445888,user553,user553@example.com,23,Premium,2025-01-24 09:00:00
554,4027 Street 256,Bengaluru,Karnataka,677390,user554,user554@example.com,36,Standard,2025-01-24 10:00:00
555,5531 Street 132,Bengaluru,Karnataka,900441,user555,user555@example.com,42,Basic,2025-01-24 11:00:00
556,8038 Street 236,Bengaluru,Karnataka,276405,user556,user556@example.com,39,Standard,2025-01-24 12:00:00
557,2774 Street 72,Bengaluru,Karnataka,855303,user557,user557@example.com,33,Basic,2025-01-24 13:00:00
558,8883 Street 31,Bengaluru,Karnataka,649395,user558,user558@example.com,17,Standard,2025-01-24 14:00:00
559,1218 Street 25,Bengaluru,Karnataka,901467,user559,user559@example.com,16,Premium,2025-01-24 15:00:00
560,3792 Street 35,Bengaluru,Karnataka,841521,user560,,20,Premium,2025-01-24 16:00:00
561,8286 Street 234,Chennai,Tamil Nadu,491329,user561,user561@example.com,17,Basic,2025-01-24 17:00:00
562,7917 Street 250,Chennai,Tamil Nadu,116495,user562,user562@example.com,16,Basic,2025-01-24 18:00:00
563,6740 Street 7,Chennai,Tamil Nadu,117538,user563,user563@example.com,32,Basic,2025-01-24 19:00:00
564,8778 Street 147,Chennai,Tamil Nadu,117975,user564,user564@example.com,32,Standard,2025-01-24 20:00:00
565,7055 Street 92,Chennai,Tamil Nadu,212214,user565,user565@example.com,45,Premium,2025-01-24 21:00:00
566,2440 Street 124,Chennai,Tamil Nadu,301255,user566,user566@example.com,35,Basic,2025-01-24 22:00:00
567,5808 Street 137,Chennai,Tamil Nadu,933551,user567,user567@example.com,28,Premium,2025-01-24 23:00:00
568,6653 Street 236,Chennai,Tamil Nadu,692447,user568,user568@example.com,23,Standard,2025-01-25 00:00:00
569,3701 Street 154,Chennai,Tamil Nadu,817269,user569,user569@example.com,42,Standard,2025-01-25 01:00:00
570,520 Street 48,Chennai,Tamil Nadu,524965,user570,user570@example.com,28,Premium,2025-01-25 02:00:00
571,7799 Street 29,Chennai,Tamil Nadu,767678,user571,user571@example.com,16,Basic,2025-01-25 03:00:00
572,1355 Street 256,Chennai,Tamil Nadu,986392,user572,user572@example.com,29,Basic,2025-01-25 04:00:00
573,5428 Street 290,Chennai,Tamil Nadu,999636,user573,user573@example.com,19,Standard,2025-01-25 05:00:00
574,698 Street 118,Chennai,Tamil Nadu,321686,user574,user574@example.com,44,Standard,2025-01-25 06:00:00
575,9287 Street 244,Chennai,Tamil Nadu,384263,user575,user575@example.com,17,Standard,2025-01-25 07:00:00
576,4594 Street 279,Chennai,Tamil Nadu,690882,user576,user576@example.com,37,Premium,2025-01-25 08:00:00
577,5153 Street 9,Chennai,Tamil Nadu,317221,user577,user577@example.com,34,Premium,2025-01-25 09:00:00
578,6526 Street 40,Chennai,Tamil Nadu,413814,user578,user578@example.com,21,Basic,2025-01-25 10:00:00
579,9285 Street 200,Chennai,Tamil Nadu,809922,user579,user579@example.com,44,Basic,2025-01-25 11:00:00
580,6289 Street 72,Chennai,Tamil Nadu,928897,user580,user580@example.com,38,Basic,2025-01-25 12:00:00
581,8205 Street 178,Chennai,Tamil Nadu,156304,user581,user581@example.com,19,Premium,2025-01-25 13:00:00
582,1246 Street 175,Chennai,Tamil Nadu,734565,user582,user582@example.com,40,Basic,2025-01-25 14:00:00
583,9759 Street 204,Chennai,Tamil Nadu,911131,user583,user583@example.com,26,Premium,2025-01-25 15:00:00
584,4479 Street 231,Chennai,Tamil Nadu,614435,user584,user584@example.com,23,Premium,2025-01-25 16:00:00
585,6151 Street 222,Chennai,Tamil Nadu,294760,user585,user585@example.com,37,Basic,2025-01-25 17:00:00
586,6228 Street 44,Chennai,Tamil Nadu,909676,user586,user586@example.com,35,Premium,2025-01-25 18:00:00
587,4038 Street 38,Chennai,Tamil Nadu,186023,user587,user587@example.com,24,Premium,2025-01-25 19:00:00
588,2528 Street 200,Chennai,Tamil Nadu,432061,user588,user588@example.com,27,Premium,2025-01-25 20:00:00
589,86 Street 158,Chennai,Tamil Nadu,566339,user589,user589@example.com,27,Standard,2025-01-25 21:00:00
590,1675 Street 68,Chennai,Tamil Nadu,191537,user590,user590@example.com,21,Premium,2025-01-25 22:00:00
591,9126 Street 285,Chennai,Tamil Nadu,637333,user591,user591@example.com,29,Premium,2025-01-25 23:00:00
592,1469 Street 182,Chennai,Tamil Nadu,681141,user592,user592@example.com,18,Basic,2025-01-26 00:00:00
593,5316 Street 198,Chennai,Tamil Nadu,112940,user593,user593@example.com,25,Premium,2025-01-26 01:00:00
594,1388 Street 287,Chennai,Tamil Nadu,354533,user594,user594@example.com,34,Basic,2025-01-26 02:00:00
595,6238 Street 87,Chennai,Tamil Nadu,245584,user595,user595@example.com,24,Premium,2025-01-26 03:00:00
596,8080 Street 75,Chennai,Tamil Nadu,166340,user596,user596@example.com,21,Premium,2025-01-26 04:00:00
597,6900 Street 154,Chennai,Tamil Nadu,607753,user597,user597@example.com,41,Premium,2025-01-26 05:00:00
598,4124 Street 127,Chennai,Tamil Nadu,855917,user598,user598@example.com,36,Basic,2025-01-26 06:00:00
599,3204 Street 235,Chennai,Tamil Nadu,212168,user599,user599@example.com,20,Premium,2025-01-26 07:00:00
600,6484 Street 171,Chennai,Tamil Nadu,982495,user600,,35,Premium,2025-01-26 08:00:00
